id,path,classe,context_tags
a888e954-3f6e-4d2d-8a4d-08c01503865f,images/a888e954-3f6e-4d2d-8a4d-08c01503865f.jpg,veined,nature
1c71b0a2-0c9c-42ea-86b3-424e6579c156,images/1c71b0a2-0c9c-42ea-86b3-424e6579c156.jpg,perforated,metal
cc0ead35-64ff-43d9-ba49-f8adb56bea58,images/cc0ead35-64ff-43d9-ba49-f8adb56bea58.jpg,pitted,concrete
cff6f61f-90d4-461e-bf91-a93f4c57e6e6,images/cff6f61f-90d4-461e-bf91-a93f4c57e6e6.jpg,lacelike,home_furnishing
fbedc2e9-fb8c-446d-85a4-c7bf2c141cca,images/fbedc2e9-fb8c-446d-85a4-c7bf2c141cca.jpg,studded,home_furnishing|clothing
815285c7-9655-4e84-b5a7-b7b404fd808c,images/815285c7-9655-4e84-b5a7-b7b404fd808c.jpg,gauzy,home_furnishing|clothing
28ccbf52-293c-488b-a9ad-5bc1f31c60b0,images/28ccbf52-293c-488b-a9ad-5bc1f31c60b0.jpg,meshed,home_furnishing|fabric
7fcc5088-e75c-4e96-9f8c-a1ea04fbfced,images/7fcc5088-e75c-4e96-9f8c-a1ea04fbfced.jpg,perforated,metal
c5729002-fce2-432d-abaf-78b02bf98638,images/c5729002-fce2-432d-abaf-78b02bf98638.jpg,honeycombed,plastic|metal
30f9f507-4b38-420e-8fad-e4ae2d664c67,images/30f9f507-4b38-420e-8fad-e4ae2d664c67.jpg,veined,rock|nature
d1ce526d-a863-492d-aa63-d8e4da65fbf9,images/d1ce526d-a863-492d-aa63-d8e4da65fbf9.jpg,zigzagged,home_furnishing|clothing
a96a9303-71ad-4704-993e-cf864b54c1c1,images/a96a9303-71ad-4704-993e-cf864b54c1c1.jpg,wrinkled,paper
5833f8df-4a56-4bdb-a064-4d2d96f058d5,images/5833f8df-4a56-4bdb-a064-4d2d96f058d5.jpg,knitted,clothing|home_furnishing|fabric
50a99261-943c-4777-ae5d-d5bad188ee95,images/50a99261-943c-4777-ae5d-d5bad188ee95.jpg,honeycombed,wallpaper|painting
5b3ec8f3-4566-42dc-ba72-6d1b39a1d49a,images/5b3ec8f3-4566-42dc-ba72-6d1b39a1d49a.jpg,waffled,food
10d553ee-b1f1-42be-915d-809020f24933,images/10d553ee-b1f1-42be-915d-809020f24933.jpg,frilly,nature|food
cc0bff94-26e6-4cd6-a734-2faebcf0adb4,images/cc0bff94-26e6-4cd6-a734-2faebcf0adb4.jpg,interlaced,painting|wallpaper
7ce0d9e7-47a4-45c1-bbad-fccd879ef8cb,images/7ce0d9e7-47a4-45c1-bbad-fccd879ef8cb.jpg,chequered,home_furnishing|clothing|fabric
657aa0db-6ca7-40a0-a13c-1aa6a9b22b7a,images/657aa0db-6ca7-40a0-a13c-1aa6a9b22b7a.jpg,porous,rock|concrete
8e5ea174-86cf-45d2-b77d-d8cae8fa54c5,images/8e5ea174-86cf-45d2-b77d-d8cae8fa54c5.jpg,perforated,home_furnishing|clothing
a246ac89-02ff-429e-bb5c-5f0c291995cc,images/a246ac89-02ff-429e-bb5c-5f0c291995cc.jpg,banded,fabric|clothing|wallpaper
343a5417-9125-4635-8f4b-adf4d075f9b2,images/343a5417-9125-4635-8f4b-adf4d075f9b2.jpg,perforated,home_furnishing|clothing
9a30ee01-6b7e-40b2-831a-ab6afd3c7c5e,images/9a30ee01-6b7e-40b2-831a-ab6afd3c7c5e.jpg,meshed,metal
4371ed6f-3e5e-4cbc-9455-e286a8e4caa6,images/4371ed6f-3e5e-4cbc-9455-e286a8e4caa6.jpg,bumpy,concrete
135d36ed-3c67-46c7-a5c5-451f220d8bb3,images/135d36ed-3c67-46c7-a5c5-451f220d8bb3.jpg,bubbly,nature|liquid
b60ef2d1-0374-4735-9b25-3f3d563e2d76,images/b60ef2d1-0374-4735-9b25-3f3d563e2d76.jpg,freckled,human
7561bfcf-5f07-4dd4-b817-c81c40c49cc2,images/7561bfcf-5f07-4dd4-b817-c81c40c49cc2.jpg,zigzagged,wood
c15c462b-b758-4e6f-8339-b441509d66af,images/c15c462b-b758-4e6f-8339-b441509d66af.jpg,gauzy,clothing|home_furnishing
346b3734-61b1-4f1b-8461-9286c25de126,images/346b3734-61b1-4f1b-8461-9286c25de126.jpg,marbled,rock|nature
efbd8c2f-fb1d-4bc7-b60a-e7f55ca26282,images/efbd8c2f-fb1d-4bc7-b60a-e7f55ca26282.jpg,banded,fabric|clothing
4f4a42a5-63de-4cc0-9e11-785aae649780,images/4f4a42a5-63de-4cc0-9e11-785aae649780.jpg,flecked,wallpaper|painting
fad9e34a-5858-43d2-8e51-ea594014a9bb,images/fad9e34a-5858-43d2-8e51-ea594014a9bb.jpg,paisley,painting|wallpaper
31210895-3d97-4596-898c-6153a7873e0a,images/31210895-3d97-4596-898c-6153a7873e0a.jpg,braided,fabric|clothing|metal
02d6af74-e65e-4ee0-a988-3a89725fced6,images/02d6af74-e65e-4ee0-a988-3a89725fced6.jpg,wrinkled,paper
a868edf7-aeae-4554-abf3-02f084bc99be,images/a868edf7-aeae-4554-abf3-02f084bc99be.jpg,banded,fabric|clothing|wallpaper
ecae8d77-df54-461a-8ef8-4759cdf459d3,images/ecae8d77-df54-461a-8ef8-4759cdf459d3.jpg,porous,nature
632b2978-ce3c-4184-9441-2ccb1bea5f7a,images/632b2978-ce3c-4184-9441-2ccb1bea5f7a.jpg,spiralled,home_furnishing
7c7e6606-2476-47a0-bde9-18f53d180dc7,images/7c7e6606-2476-47a0-bde9-18f53d180dc7.jpg,chequered,clothing|home_furnishing|fabric
a25dac73-0735-4e7e-adca-582bace430d9,images/a25dac73-0735-4e7e-adca-582bace430d9.jpg,lacelike,home_furnishing
f41efd45-2038-44f2-a36c-058b541a2f17,images/f41efd45-2038-44f2-a36c-058b541a2f17.jpg,sprinkled,painting|wallpaper
cd911982-e897-42e1-b5fc-df3d45e89574,images/cd911982-e897-42e1-b5fc-df3d45e89574.jpg,fibrous,nature
8e41d296-04df-4c00-84ac-2eb816fb3a4d,images/8e41d296-04df-4c00-84ac-2eb816fb3a4d.jpg,matted,animal|hair
83431f60-939d-458c-8da1-3a1c5da40b7a,images/83431f60-939d-458c-8da1-3a1c5da40b7a.jpg,bumpy,concrete
aa498c37-d21e-468f-98ac-3e17c829b6a6,images/aa498c37-d21e-468f-98ac-3e17c829b6a6.jpg,knitted,clothing|home_furnishing|fabric
661c6fcf-0915-45b1-9797-a8a0448ef681,images/661c6fcf-0915-45b1-9797-a8a0448ef681.jpg,wrinkled,metal
7995dfb8-bcac-44d1-9c44-7b0bdbd97489,images/7995dfb8-bcac-44d1-9c44-7b0bdbd97489.jpg,scaly,home_furnishing|clothing
0422eef8-806b-4024-b90a-4f392b3ca839,images/0422eef8-806b-4024-b90a-4f392b3ca839.jpg,cracked,nature
2e6c6dea-8fef-47a0-a2a7-9b840d6f82fa,images/2e6c6dea-8fef-47a0-a2a7-9b840d6f82fa.jpg,blotchy,fabric|clothing|wallpaper
6d6df3d4-1ce9-4657-b5a9-f8e0a91a4461,images/6d6df3d4-1ce9-4657-b5a9-f8e0a91a4461.jpg,matted,nature
df5f0811-bf54-4c83-b592-70ac9b62d497,images/df5f0811-bf54-4c83-b592-70ac9b62d497.jpg,blotchy,painting|wallpaper
bdfccaa0-4259-4048-855f-e8f1b9737cc6,images/bdfccaa0-4259-4048-855f-e8f1b9737cc6.jpg,knitted,clothing|home_furnishing|fabric
4438a0d4-baef-4c5d-9f99-46d39741df46,images/4438a0d4-baef-4c5d-9f99-46d39741df46.jpg,crosshatched,painting|wallpaper
47000af7-6e51-4cdf-b765-72d978402b3f,images/47000af7-6e51-4cdf-b765-72d978402b3f.jpg,dotted,wallpaper|painting
ceca8672-184a-4125-8e64-7de95565e6d7,images/ceca8672-184a-4125-8e64-7de95565e6d7.jpg,porous,food
475489a1-d6ab-44df-a2d4-2040e8469bc4,images/475489a1-d6ab-44df-a2d4-2040e8469bc4.jpg,paisley,home_furnishing|clothing
f4988c7d-e8e8-46b3-9f2f-f052607c4ffa,images/f4988c7d-e8e8-46b3-9f2f-f052607c4ffa.jpg,cracked,nature
208718d4-f583-47cd-971c-ddb84404cf73,images/208718d4-f583-47cd-971c-ddb84404cf73.jpg,braided,fabric|metal
ba3a2801-d8da-4ec5-9d90-49b44dacbb97,images/ba3a2801-d8da-4ec5-9d90-49b44dacbb97.jpg,honeycombed,wallpaper|painting
60b70cc1-4ab1-42bb-a798-1ca8d5455a10,images/60b70cc1-4ab1-42bb-a798-1ca8d5455a10.jpg,perforated,home_furnishing|clothing
2e581511-5805-4003-8e27-86218d102048,images/2e581511-5805-4003-8e27-86218d102048.jpg,studded,home_furnishing|clothing
e76ffe17-6a6f-4dba-ad1d-7f59795a8019,images/e76ffe17-6a6f-4dba-ad1d-7f59795a8019.jpg,waffled,food
fc52e233-f2ed-43d8-a11b-f386e2a1e790,images/fc52e233-f2ed-43d8-a11b-f386e2a1e790.jpg,swirly,home_furnishing|clothing
5502f8c5-d764-48cb-ba29-d7b6946b2f13,images/5502f8c5-d764-48cb-ba29-d7b6946b2f13.jpg,fibrous,home_furnishing
c6d8377e-ab46-4f67-a609-24f134a371a8,images/c6d8377e-ab46-4f67-a609-24f134a371a8.jpg,chequered,wallpaper|painting
8b1eb9be-8e51-44df-b707-c45e07482efe,images/8b1eb9be-8e51-44df-b707-c45e07482efe.jpg,woven,home_furnishing|clothing|fabric
61bd7876-9705-4a42-843e-c8a36567752d,images/61bd7876-9705-4a42-843e-c8a36567752d.jpg,grooved,wood
f28f54b7-7112-4b02-b531-5336aa758dd4,images/f28f54b7-7112-4b02-b531-5336aa758dd4.jpg,flecked,clothing|fabric
bbb79a8e-ec94-4254-b2cf-873f4760381b,images/bbb79a8e-ec94-4254-b2cf-873f4760381b.jpg,meshed,metal
9b1d59b7-394f-410b-9885-0e2625f746cb,images/9b1d59b7-394f-410b-9885-0e2625f746cb.jpg,fibrous,nature
d11cd6b8-a1e6-4722-b978-ffdd9fac23f6,images/d11cd6b8-a1e6-4722-b978-ffdd9fac23f6.jpg,flecked,wallpaper|painting
8779a87a-6d73-4170-8293-24dd5c3600fe,images/8779a87a-6d73-4170-8293-24dd5c3600fe.jpg,meshed,home_furnishing|fabric
953a829a-a39c-431f-8cbf-4b4f0d318649,images/953a829a-a39c-431f-8cbf-4b4f0d318649.jpg,spiralled,home_furnishing
45818179-5b83-4b7f-bef0-7c5127c60322,images/45818179-5b83-4b7f-bef0-7c5127c60322.jpg,grid,home_furnishing|fabric
44b379b1-83c5-46b0-ac24-eadcd084e056,images/44b379b1-83c5-46b0-ac24-eadcd084e056.jpg,dotted,painting|wallpaper
da867662-5c2f-4c5a-b3ff-7cbcf39796bf,images/da867662-5c2f-4c5a-b3ff-7cbcf39796bf.jpg,stained,home_furnishing|clothing
3f585bc5-34ce-444f-a17c-594bcf50d458,images/3f585bc5-34ce-444f-a17c-594bcf50d458.jpg,wrinkled,paper
09a0ac9f-89e8-49ac-97c4-561ea4e3edfc,images/09a0ac9f-89e8-49ac-97c4-561ea4e3edfc.jpg,scaly,animal
a60088d8-df7f-447a-9e52-69929171366f,images/a60088d8-df7f-447a-9e52-69929171366f.jpg,chequered,clothing|fabric
59a2ebea-d7e6-4454-8310-e4502ad48fba,images/59a2ebea-d7e6-4454-8310-e4502ad48fba.jpg,veined,rock|nature
3e6bf593-c73e-41ff-bd98-1111c707f28a,images/3e6bf593-c73e-41ff-bd98-1111c707f28a.jpg,crystalline,nature|rock
78960111-189b-45d6-b65e-0956acaf5ed1,images/78960111-189b-45d6-b65e-0956acaf5ed1.jpg,bumpy,nature|food
0c28f8dd-a14c-493c-9ab6-2465f1181fc0,images/0c28f8dd-a14c-493c-9ab6-2465f1181fc0.jpg,studded,home_furnishing|clothing
f1e161e8-ecf1-4273-8f73-ea34cf2255a5,images/f1e161e8-ecf1-4273-8f73-ea34cf2255a5.jpg,honeycombed,wallpaper|painting
bdf4adbf-c50a-42ee-9b04-af857ac18c19,images/bdf4adbf-c50a-42ee-9b04-af857ac18c19.jpg,scaly,animal
68bdf0fc-7b6e-4c10-9779-1d7474470281,images/68bdf0fc-7b6e-4c10-9779-1d7474470281.jpg,bubbly,nature|liquid
ef79264c-5878-42c1-9d72-4c6936a52fe9,images/ef79264c-5878-42c1-9d72-4c6936a52fe9.jpg,sprinkled,painting
85767e13-2810-40c5-b2e5-66e0e0512ca6,images/85767e13-2810-40c5-b2e5-66e0e0512ca6.jpg,knitted,clothing|home_furnishing|fabric
5d81a803-49d0-47f9-b9e0-57042ef1cbf4,images/5d81a803-49d0-47f9-b9e0-57042ef1cbf4.jpg,wrinkled,paper
b9736636-bf6d-46d4-ba9c-c33ad45ef047,images/b9736636-bf6d-46d4-ba9c-c33ad45ef047.jpg,banded,fabric|clothing|wallpaper
5ec08c56-5b81-407a-b4be-532e612ad990,images/5ec08c56-5b81-407a-b4be-532e612ad990.jpg,bubbly,nature|liquid
650ea656-d191-48f1-9aee-9568625f9b60,images/650ea656-d191-48f1-9aee-9568625f9b60.jpg,porous,concrete
f2656b69-7259-4792-b8fe-e989358e2d34,images/f2656b69-7259-4792-b8fe-e989358e2d34.jpg,crystalline,nature|rock
d3e2d3cd-128c-4f71-bc84-91a08f3aa9ba,images/d3e2d3cd-128c-4f71-bc84-91a08f3aa9ba.jpg,lacelike,clothing|home_furnishing
ae9b805b-cca3-4ce7-b59f-7e8448f850d3,images/ae9b805b-cca3-4ce7-b59f-7e8448f850d3.jpg,frilly,clothing|home_furnishing
9e319fee-8370-4426-92c2-b0c48ae7c886,images/9e319fee-8370-4426-92c2-b0c48ae7c886.jpg,freckled,human
8a353ce3-ef56-4a69-9231-e170294fbf19,images/8a353ce3-ef56-4a69-9231-e170294fbf19.jpg,meshed,fabric
ef382b58-40eb-4771-aec2-d1091a673581,images/ef382b58-40eb-4771-aec2-d1091a673581.jpg,freckled,nature
31c43c36-835d-4c3d-b3ea-35119423432c,images/31c43c36-835d-4c3d-b3ea-35119423432c.jpg,crystalline,nature|rock
b0112f4a-87dc-49c1-95ed-c2639535595d,images/b0112f4a-87dc-49c1-95ed-c2639535595d.jpg,grid,wallpaper|painting
88cdc317-c7ba-4d41-921d-e7f1deb7eaa8,images/88cdc317-c7ba-4d41-921d-e7f1deb7eaa8.jpg,honeycombed,wallpaper|painting
c4b8f4ba-b0fd-4a0f-97eb-f3358bcbfc5c,images/c4b8f4ba-b0fd-4a0f-97eb-f3358bcbfc5c.jpg,perforated,wallpaper|painting
fe83bac5-631e-437f-a072-d51d035da9ee,images/fe83bac5-631e-437f-a072-d51d035da9ee.jpg,scaly,human
a72994a5-d3f7-4846-91e9-eba3246448e0,images/a72994a5-d3f7-4846-91e9-eba3246448e0.jpg,bubbly,nature|food|liquid
572942f3-dbe3-4f70-ad55-48acf4d0dbbd,images/572942f3-dbe3-4f70-ad55-48acf4d0dbbd.jpg,marbled,rock|nature
f57d9e7d-d6ba-484b-8702-497cee2d239d,images/f57d9e7d-d6ba-484b-8702-497cee2d239d.jpg,interlaced,clothing|home_furnishing
e076bab0-3c90-4371-924e-1f931ac6604d,images/e076bab0-3c90-4371-924e-1f931ac6604d.jpg,pitted,food|nature
4fe80ad7-262f-475f-bd3a-8de0db3b9570,images/4fe80ad7-262f-475f-bd3a-8de0db3b9570.jpg,studded,home_furnishing|clothing
1ef02192-c9c2-406d-9585-8bdf4cb97efa,images/1ef02192-c9c2-406d-9585-8bdf4cb97efa.jpg,sprinkled,food
c2cf6d3d-15d0-425d-9493-7bddf052dd63,images/c2cf6d3d-15d0-425d-9493-7bddf052dd63.jpg,matted,nature
2f5d6e76-6ecf-4cee-a79f-7933b2d64950,images/2f5d6e76-6ecf-4cee-a79f-7933b2d64950.jpg,wrinkled,paper
639cd4d6-2688-42cc-a73d-4d8fd1113ff7,images/639cd4d6-2688-42cc-a73d-4d8fd1113ff7.jpg,potholed,rock|nature
b933c401-cdbb-4493-a242-11e36549f4f5,images/b933c401-cdbb-4493-a242-11e36549f4f5.jpg,banded,fabric|clothing
455bcaf6-980e-4a46-a572-a86c21dfc484,images/455bcaf6-980e-4a46-a572-a86c21dfc484.jpg,banded,fabric|clothing|wallpaper
60ababd2-f528-4470-b238-37bf6efa8d8b,images/60ababd2-f528-4470-b238-37bf6efa8d8b.jpg,gauzy,home_furnishing
6c9c3401-697c-4609-9d81-b3a386ce57f8,images/6c9c3401-697c-4609-9d81-b3a386ce57f8.jpg,stratified,painting|wallpaper
800eadd7-912d-433b-82c6-548b671a931e,images/800eadd7-912d-433b-82c6-548b671a931e.jpg,smeared,painting|wallpaper
697c238f-b146-4937-a7fb-d2ab702a183a,images/697c238f-b146-4937-a7fb-d2ab702a183a.jpg,stained,home_furnishing|clothing
228bcf3b-0604-4e99-858e-8fcec2af641b,images/228bcf3b-0604-4e99-858e-8fcec2af641b.jpg,cracked,nature|wood|painting
4e22bc01-454e-4f54-8f8a-c9c2a0192927,images/4e22bc01-454e-4f54-8f8a-c9c2a0192927.jpg,paisley,painting|wallpaper
290801a2-8e86-4d75-83b8-73ab125415b6,images/290801a2-8e86-4d75-83b8-73ab125415b6.jpg,sprinkled,food
910373ad-9f0b-44fc-8777-70d5db824db7,images/910373ad-9f0b-44fc-8777-70d5db824db7.jpg,grooved,concrete
ba7f27f2-dd75-49b6-b576-d18a74ecaf60,images/ba7f27f2-dd75-49b6-b576-d18a74ecaf60.jpg,bubbly,nature|food|liquid
42719711-bf37-43e4-9390-6a954788eafe,images/42719711-bf37-43e4-9390-6a954788eafe.jpg,potholed,concrete
ad490442-aa7f-4aee-a40a-47c86053b5e2,images/ad490442-aa7f-4aee-a40a-47c86053b5e2.jpg,paisley,home_furnishing
84ef3e61-756b-4a29-879b-edd158e50ba6,images/84ef3e61-756b-4a29-879b-edd158e50ba6.jpg,gauzy,home_furnishing
0be1db41-6ed5-41c3-a046-16ead1d20e32,images/0be1db41-6ed5-41c3-a046-16ead1d20e32.jpg,braided,fabric|home_furnishing
9e1cb428-d4f6-4828-8d5a-0e1ecea2c73d,images/9e1cb428-d4f6-4828-8d5a-0e1ecea2c73d.jpg,veined,nature
45d310f0-63fe-4803-ac3b-fdea6147e231,images/45d310f0-63fe-4803-ac3b-fdea6147e231.jpg,paisley,home_furnishing|clothing
80fc68ae-7997-47dd-a6e7-2775523ebccb,images/80fc68ae-7997-47dd-a6e7-2775523ebccb.jpg,waffled,wallpaper|painting
bf7740fc-93f8-4acc-8f43-aa757dc15d5e,images/bf7740fc-93f8-4acc-8f43-aa757dc15d5e.jpg,sprinkled,painting|wallpaper
ba5c69d1-0cfc-4c1f-b4c1-ee728448ddf9,images/ba5c69d1-0cfc-4c1f-b4c1-ee728448ddf9.jpg,braided,fabric|home_furnishing
0d76fdf6-728e-42bf-b572-09d6c53336de,images/0d76fdf6-728e-42bf-b572-09d6c53336de.jpg,freckled,human
85f8ef72-8291-4d04-b446-d63816353eec,images/85f8ef72-8291-4d04-b446-d63816353eec.jpg,crystalline,nature|rock
c1399212-8dc9-4e14-b9d0-0fcc5c414668,images/c1399212-8dc9-4e14-b9d0-0fcc5c414668.jpg,meshed,metal
c86f4e85-e8d0-49ef-841f-3b65daba9168,images/c86f4e85-e8d0-49ef-841f-3b65daba9168.jpg,pitted,wall
4d541e1e-878a-4885-b10e-1eab82cb9866,images/4d541e1e-878a-4885-b10e-1eab82cb9866.jpg,zigzagged,home_furnishing|clothing
f9479c4f-ce92-456c-9c8d-360e012f988c,images/f9479c4f-ce92-456c-9c8d-360e012f988c.jpg,marbled,painting|wallpaper
491af87e-d978-44dd-9f66-fc7d3b51a319,images/491af87e-d978-44dd-9f66-fc7d3b51a319.jpg,wrinkled,paper
6be4be78-0cad-4660-8b26-0ff73b395af8,images/6be4be78-0cad-4660-8b26-0ff73b395af8.jpg,freckled,nature
8f996f36-8012-45e9-80b9-87bca2031a3a,images/8f996f36-8012-45e9-80b9-87bca2031a3a.jpg,potholed,concrete
fc64803d-1e0c-4dc3-8715-729792f57574,images/fc64803d-1e0c-4dc3-8715-729792f57574.jpg,wrinkled,paper
e364c727-637f-4ca1-8a3a-436b3ba8a8b8,images/e364c727-637f-4ca1-8a3a-436b3ba8a8b8.jpg,grid,wallpaper|painting
664bdc7f-3bc2-4648-a5f8-969d5bbf3573,images/664bdc7f-3bc2-4648-a5f8-969d5bbf3573.jpg,marbled,rock|nature
76b06b60-8cda-4e1e-8a78-fc298f99d86f,images/76b06b60-8cda-4e1e-8a78-fc298f99d86f.jpg,perforated,metal
81bdc788-4cb6-4fd7-a44e-f3e3e0695472,images/81bdc788-4cb6-4fd7-a44e-f3e3e0695472.jpg,knitted,clothing|home_furnishing|fabric
777d5b47-1d52-4a01-b170-668cc256e76b,images/777d5b47-1d52-4a01-b170-668cc256e76b.jpg,freckled,human
b2bb6fac-da4a-4228-9b24-dd01b2922e85,images/b2bb6fac-da4a-4228-9b24-dd01b2922e85.jpg,pitted,rock|nature
ad311045-9ed9-46c5-b968-cc4bc0319358,images/ad311045-9ed9-46c5-b968-cc4bc0319358.jpg,fibrous,nature
05c4fbb9-d27d-4b95-94db-26ddd3a0f2a8,images/05c4fbb9-d27d-4b95-94db-26ddd3a0f2a8.jpg,woven,home_furnishing|clothing|fabric
65c6cff8-15aa-436b-9b3c-bbc89ed71e01,images/65c6cff8-15aa-436b-9b3c-bbc89ed71e01.jpg,paisley,home_furnishing|clothing
54a83467-a685-40d2-a40d-04e7ebc0022f,images/54a83467-a685-40d2-a40d-04e7ebc0022f.jpg,spiralled,painting|wallpaper
75575c81-beaa-4418-b136-a83e7b7c3973,images/75575c81-beaa-4418-b136-a83e7b7c3973.jpg,perforated,home_furnishing|clothing
8aa55bdb-1e85-4c6e-ac12-5bb30f96df6c,images/8aa55bdb-1e85-4c6e-ac12-5bb30f96df6c.jpg,sprinkled,food
62eb7c8f-a7f6-46bd-a84a-d64b23084651,images/62eb7c8f-a7f6-46bd-a84a-d64b23084651.jpg,swirly,painting|wallpaper
b4b51ae5-f2c0-48a1-bbf0-7899f6541dfa,images/b4b51ae5-f2c0-48a1-bbf0-7899f6541dfa.jpg,veined,nature
567f74a8-dc95-41d6-b19b-15a20ebdf679,images/567f74a8-dc95-41d6-b19b-15a20ebdf679.jpg,pitted,food|nature
94339325-a8ca-4179-a24d-22165c56505c,images/94339325-a8ca-4179-a24d-22165c56505c.jpg,veined,nature
02e046a8-bc89-496d-a6f0-183590d5263b,images/02e046a8-bc89-496d-a6f0-183590d5263b.jpg,grooved,rock
5a061d82-4072-4e16-a858-997d37024aa7,images/5a061d82-4072-4e16-a858-997d37024aa7.jpg,lined,home_furnishing
b29a3ef9-24cf-4dc5-98e2-71eaf129e899,images/b29a3ef9-24cf-4dc5-98e2-71eaf129e899.jpg,striped,home_furnishing|clothing
a38c8a11-2fa9-476b-92e9-f65ba0f2a244,images/a38c8a11-2fa9-476b-92e9-f65ba0f2a244.jpg,polka-dotted,home_furnishing|clothing
cbbe985d-f7b1-4bce-b61a-cc69f0541fb6,images/cbbe985d-f7b1-4bce-b61a-cc69f0541fb6.jpg,scaly,home_furnishing|clothing
323f19ae-9215-4da2-a33d-0baf45812a0e,images/323f19ae-9215-4da2-a33d-0baf45812a0e.jpg,knitted,clothing|home_furnishing|fabric
628437bb-0027-4312-b409-2f2f68393434,images/628437bb-0027-4312-b409-2f2f68393434.jpg,swirly,painting|wallpaper
3cdc1c00-fb74-4e8d-a54b-f9301e561dc5,images/3cdc1c00-fb74-4e8d-a54b-f9301e561dc5.jpg,veined,painting|wallpaper
c3917351-302f-4368-b888-b2814d2aae49,images/c3917351-302f-4368-b888-b2814d2aae49.jpg,studded,home_furnishing|clothing
a39b45be-ca64-4f09-b398-4a522765966a,images/a39b45be-ca64-4f09-b398-4a522765966a.jpg,marbled,rock|nature
0f709e90-418b-42c2-b529-6509b8440989,images/0f709e90-418b-42c2-b529-6509b8440989.jpg,crosshatched,clothing|home_furnishing
02371057-75bd-4638-9a91-9ab393e3da71,images/02371057-75bd-4638-9a91-9ab393e3da71.jpg,polka-dotted,home_furnishing|clothing
5c6e4aa4-4cfe-4350-8d6e-489121550ab6,images/5c6e4aa4-4cfe-4350-8d6e-489121550ab6.jpg,grooved,plastic
a5a5e79a-c1fe-4d84-a977-3c59a433cbf1,images/a5a5e79a-c1fe-4d84-a977-3c59a433cbf1.jpg,cracked,glass
5601d68e-e8d2-4c42-a41d-6c6bb37a77f8,images/5601d68e-e8d2-4c42-a41d-6c6bb37a77f8.jpg,bumpy,nature|tree
5658cc58-20cb-433f-b558-10b1e3521d19,images/5658cc58-20cb-433f-b558-10b1e3521d19.jpg,stratified,wood|nature
a5d1f8ca-b03c-479a-9e24-246904633d09,images/a5d1f8ca-b03c-479a-9e24-246904633d09.jpg,flecked,rock|concrete
4b17f599-74ac-4dc2-8b0a-7349bffc5025,images/4b17f599-74ac-4dc2-8b0a-7349bffc5025.jpg,honeycombed,home_furnishing|clothing
7125359b-5cc8-4294-8bd6-73398a1fd9bd,images/7125359b-5cc8-4294-8bd6-73398a1fd9bd.jpg,scaly,animal
43d0d6c3-9b51-41dd-80c5-f0630ced8ffb,images/43d0d6c3-9b51-41dd-80c5-f0630ced8ffb.jpg,waffled,food
6a99ddbc-1aef-42c2-91c5-f90046c4baf0,images/6a99ddbc-1aef-42c2-91c5-f90046c4baf0.jpg,flecked,nature
16064b78-35e5-46c1-ac52-f2354c6aaf1f,images/16064b78-35e5-46c1-ac52-f2354c6aaf1f.jpg,fibrous,home_furnishing
8c7a9e79-a337-4d6d-bb5f-c95964d032ec,images/8c7a9e79-a337-4d6d-bb5f-c95964d032ec.jpg,crosshatched,painting|wallpaper
250b4029-a6b8-4c05-bef3-72d8481c3e20,images/250b4029-a6b8-4c05-bef3-72d8481c3e20.jpg,perforated,wallpaper|painting
1819a356-de9a-42d9-8d38-d37d954b9d42,images/1819a356-de9a-42d9-8d38-d37d954b9d42.jpg,bubbly,nature|photography
e8800f65-6443-422c-ad4d-4743e267910a,images/e8800f65-6443-422c-ad4d-4743e267910a.jpg,wrinkled,home_furnishing|clothing
5935d7e3-61a4-49d9-9cff-bd7c6829b3a1,images/5935d7e3-61a4-49d9-9cff-bd7c6829b3a1.jpg,potholed,rock|concrete
92904205-1260-484d-83f4-305707defa12,images/92904205-1260-484d-83f4-305707defa12.jpg,honeycombed,home_furnishing
b3bb0583-be32-4a1f-90aa-dc34c5f0bcab,images/b3bb0583-be32-4a1f-90aa-dc34c5f0bcab.jpg,grooved,wood
67528326-28fc-42a5-abeb-67066565aa3b,images/67528326-28fc-42a5-abeb-67066565aa3b.jpg,potholed,concrete
7e16bcdd-4797-4ed6-984b-ff364f54b6bd,images/7e16bcdd-4797-4ed6-984b-ff364f54b6bd.jpg,perforated,metal
26b1bf04-5dd9-4522-9cfb-d8cb550b5ea5,images/26b1bf04-5dd9-4522-9cfb-d8cb550b5ea5.jpg,honeycombed,plastic
24586c7d-0a17-485c-a9c2-92e734e6780c,images/24586c7d-0a17-485c-a9c2-92e734e6780c.jpg,matted,nature
1123f348-29ca-4198-9897-828b0c1ea12c,images/1123f348-29ca-4198-9897-828b0c1ea12c.jpg,lined,wallpaper|painting
f579df24-6a51-4892-ba2d-20b27dbedf5b,images/f579df24-6a51-4892-ba2d-20b27dbedf5b.jpg,lacelike,clothing|home_furnishing
2662a0b9-d4db-4d91-a5a2-64232c5a4479,images/2662a0b9-d4db-4d91-a5a2-64232c5a4479.jpg,woven,painting|wallpaper
6c6bdf90-c60a-4306-a6f1-bfca4e3d4732,images/6c6bdf90-c60a-4306-a6f1-bfca4e3d4732.jpg,scaly,animal
b12e0f8f-a113-44bd-9906-78e923461b64,images/b12e0f8f-a113-44bd-9906-78e923461b64.jpg,wrinkled,home_furnishing|clothing
480ffc61-11ad-457d-9dab-be2321b884ec,images/480ffc61-11ad-457d-9dab-be2321b884ec.jpg,chequered,wallpaper|painting
f75359ef-3f5c-4cfc-8d0c-5641177546bb,images/f75359ef-3f5c-4cfc-8d0c-5641177546bb.jpg,waffled,food
07918237-0cba-47b0-8acc-c12e113dba31,images/07918237-0cba-47b0-8acc-c12e113dba31.jpg,bubbly,nature|food|liquid
800045d5-4934-41f6-9765-c8dd0d467cdb,images/800045d5-4934-41f6-9765-c8dd0d467cdb.jpg,grid,metal
07cb00ed-960b-4b85-8a4b-12e14d39a051,images/07cb00ed-960b-4b85-8a4b-12e14d39a051.jpg,banded,fabric|clothing
7a5e59b2-cf79-4134-a108-9cf41dd5198f,images/7a5e59b2-cf79-4134-a108-9cf41dd5198f.jpg,fibrous,home_furnishing|wood
8cb078a9-023f-4e98-a072-2837178c423d,images/8cb078a9-023f-4e98-a072-2837178c423d.jpg,paisley,home_furnishing
05cb6a8a-c5af-4b41-b570-5c40fc8b62d3,images/05cb6a8a-c5af-4b41-b570-5c40fc8b62d3.jpg,cobwebbed,wallpaper|painting
fdd56779-ac45-41ed-aed6-589a4964d1f0,images/fdd56779-ac45-41ed-aed6-589a4964d1f0.jpg,spiralled,wallpaper
8f0c2d22-a065-4dc6-a655-a5222577a65a,images/8f0c2d22-a065-4dc6-a655-a5222577a65a.jpg,stratified,rock|nature
26bbb6ab-1817-4859-88c3-7a1ed1cc438e,images/26bbb6ab-1817-4859-88c3-7a1ed1cc438e.jpg,smeared,painting|wallpaper
846f6a10-f104-4e97-ae59-50edb88d2c8a,images/846f6a10-f104-4e97-ae59-50edb88d2c8a.jpg,perforated,plastic
dd40721d-2ced-4a83-a522-f44d20f9049b,images/dd40721d-2ced-4a83-a522-f44d20f9049b.jpg,pleated,home_furnishing|clothing
63377251-ba03-43b7-b94d-52407d975046,images/63377251-ba03-43b7-b94d-52407d975046.jpg,banded,fabric|clothing|wallpaper
9ffb9ef7-150e-4c33-ace7-c8241e223ae7,images/9ffb9ef7-150e-4c33-ace7-c8241e223ae7.jpg,potholed,concrete
0774cc2d-0a41-40d0-a12b-72a5a8dd9eee,images/0774cc2d-0a41-40d0-a12b-72a5a8dd9eee.jpg,smeared,metal|painting
3fa6b4d6-291e-4cec-bf07-b7c3cd39b425,images/3fa6b4d6-291e-4cec-bf07-b7c3cd39b425.jpg,smeared,nature
7ce4fd0b-875b-4b25-842d-e2a9f070ef56,images/7ce4fd0b-875b-4b25-842d-e2a9f070ef56.jpg,porous,rock
3350381b-b97f-4568-a5c3-8a884593ca42,images/3350381b-b97f-4568-a5c3-8a884593ca42.jpg,interlaced,wood|painting
f03bd151-afac-467e-b916-1c619865182f,images/f03bd151-afac-467e-b916-1c619865182f.jpg,fibrous,home_furnishing
e23240b3-c95e-4aec-80a3-6816cf9362dd,images/e23240b3-c95e-4aec-80a3-6816cf9362dd.jpg,crosshatched,clothing
f5c17948-1cd1-4d46-beac-c22c33bafb88,images/f5c17948-1cd1-4d46-beac-c22c33bafb88.jpg,woven,home_furnishing|wood
c417db58-37c1-408e-89c0-26e64d597048,images/c417db58-37c1-408e-89c0-26e64d597048.jpg,meshed,metal
fa91f571-7b0c-4b92-ac18-60ea349c345b,images/fa91f571-7b0c-4b92-ac18-60ea349c345b.jpg,bubbly,nature|food|liquid
fa2a6add-f738-4458-b0f8-2b00b2202050,images/fa2a6add-f738-4458-b0f8-2b00b2202050.jpg,crosshatched,clothing|home_furnishing
375af53b-e8e9-4bcd-b0f5-0a7f0ef5af3d,images/375af53b-e8e9-4bcd-b0f5-0a7f0ef5af3d.jpg,woven,painting|wallpaper
ab30d21e-6ad3-4cbb-b0b9-6394e40949ee,images/ab30d21e-6ad3-4cbb-b0b9-6394e40949ee.jpg,freckled,human
d982a0bf-c0fc-4cd6-8730-eed851ac78cb,images/d982a0bf-c0fc-4cd6-8730-eed851ac78cb.jpg,veined,home_furnishing
1f09a79b-d074-4e06-bd02-96c19ca679ab,images/1f09a79b-d074-4e06-bd02-96c19ca679ab.jpg,grooved,wood
f3c67d0a-8d6d-46a3-a669-f499c51a21af,images/f3c67d0a-8d6d-46a3-a669-f499c51a21af.jpg,paisley,home_furnishing|clothing
7dc0fad8-8135-4c5e-aa02-72d073d43d2b,images/7dc0fad8-8135-4c5e-aa02-72d073d43d2b.jpg,striped,painting|wallpaper
e7ba6c41-9e47-405a-87a3-3a600d04d91c,images/e7ba6c41-9e47-405a-87a3-3a600d04d91c.jpg,cracked,nature|wood
c20960c7-257d-4ea1-ba3c-5b9333393059,images/c20960c7-257d-4ea1-ba3c-5b9333393059.jpg,wrinkled,home_furnishing|clothing
89fe76ec-3f36-42e5-a468-d9518e8c470f,images/89fe76ec-3f36-42e5-a468-d9518e8c470f.jpg,smeared,painting|wallpaper
7d83544c-d118-4ee8-91b9-61e19ba43893,images/7d83544c-d118-4ee8-91b9-61e19ba43893.jpg,fibrous,home_furnishing
6884e1f2-9f83-47e6-97bb-44bc5f94e3b1,images/6884e1f2-9f83-47e6-97bb-44bc5f94e3b1.jpg,swirly,painting|wallpaper
d2d20c6e-9474-4f8b-bfa9-ca460422a6ea,images/d2d20c6e-9474-4f8b-bfa9-ca460422a6ea.jpg,dotted,clothing|home_furnishing
90b76313-8648-4bbe-ad04-a03156200289,images/90b76313-8648-4bbe-ad04-a03156200289.jpg,scaly,animal
c7981786-8a53-4b89-96fa-e2712dd82d95,images/c7981786-8a53-4b89-96fa-e2712dd82d95.jpg,lacelike,painting|wallpaper
04e58fa2-2efb-4bc2-b3a3-bde81929bad7,images/04e58fa2-2efb-4bc2-b3a3-bde81929bad7.jpg,interlaced,wood|painting
73cdcea6-8c81-43d2-b3c8-59d3d9388d13,images/73cdcea6-8c81-43d2-b3c8-59d3d9388d13.jpg,crosshatched,metal
1471580c-7d1d-48eb-9fda-5d949afffca2,images/1471580c-7d1d-48eb-9fda-5d949afffca2.jpg,swirly,painting|wallpaper
f5cc3672-7ba9-4d85-839c-1bd68f2a8dca,images/f5cc3672-7ba9-4d85-839c-1bd68f2a8dca.jpg,meshed,metal
4294d916-f22a-4d4c-93dd-1d92c4cd37ee,images/4294d916-f22a-4d4c-93dd-1d92c4cd37ee.jpg,paisley,home_furnishing|clothing
5e13fd88-b33e-4baf-9e2e-2b0957623ad3,images/5e13fd88-b33e-4baf-9e2e-2b0957623ad3.jpg,interlaced,metal
df545e63-1d07-4f66-bee5-80bd3f6ce4c0,images/df545e63-1d07-4f66-bee5-80bd3f6ce4c0.jpg,spiralled,painting|wallpaper
935cf2ab-1ba1-45e2-aafa-5c485f409c1f,images/935cf2ab-1ba1-45e2-aafa-5c485f409c1f.jpg,freckled,human
af6c0b4a-a78d-4571-92b9-dd6089666202,images/af6c0b4a-a78d-4571-92b9-dd6089666202.jpg,wrinkled,home_furnishing|clothing
3874a7dd-d27e-4bac-b482-dbc819313d9e,images/3874a7dd-d27e-4bac-b482-dbc819313d9e.jpg,cracked,painting|wall
187d7f1d-aa81-4457-877c-20710e651a86,images/187d7f1d-aa81-4457-877c-20710e651a86.jpg,pitted,rock|nature
c83c8a50-baf1-41b7-b35f-2a60af760b82,images/c83c8a50-baf1-41b7-b35f-2a60af760b82.jpg,stained,home_furnishing|clothing
7183d0ac-41eb-4a3d-b2cc-fef1863e9539,images/7183d0ac-41eb-4a3d-b2cc-fef1863e9539.jpg,studded,home_furnishing
02744ac1-16cf-4d98-a46e-aaa73f7a6cc7,images/02744ac1-16cf-4d98-a46e-aaa73f7a6cc7.jpg,pleated,home_furnishing|clothing
1ac6ae69-bcbd-4564-9cd4-527c392b7728,images/1ac6ae69-bcbd-4564-9cd4-527c392b7728.jpg,dotted,wallpaper|painting
1304fe1c-e67f-45b2-a099-8421c3e544d5,images/1304fe1c-e67f-45b2-a099-8421c3e544d5.jpg,porous,nature
38bfc3c1-12bf-4d74-a942-d7d5d85c8ef0,images/38bfc3c1-12bf-4d74-a942-d7d5d85c8ef0.jpg,stained,painting|wallpaper
2c8a78fc-1d01-4466-b139-5e0349de33ad,images/2c8a78fc-1d01-4466-b139-5e0349de33ad.jpg,fibrous,nature
4b05e46c-a34f-4eb0-8117-64cf78fd37b8,images/4b05e46c-a34f-4eb0-8117-64cf78fd37b8.jpg,potholed,rock|nature
c40f33fc-0b75-47e8-9b59-3e3a323ddb67,images/c40f33fc-0b75-47e8-9b59-3e3a323ddb67.jpg,pleated,wallpaper|painting
af34d30c-b0ae-4460-8d88-9d432d1017f7,images/af34d30c-b0ae-4460-8d88-9d432d1017f7.jpg,cracked,nature
4f4bbab2-8126-4bd6-a951-b54958e473ec,images/4f4bbab2-8126-4bd6-a951-b54958e473ec.jpg,stratified,rock|nature
8732f154-a1eb-43eb-ad07-31f986462ca3,images/8732f154-a1eb-43eb-ad07-31f986462ca3.jpg,bubbly,nature|food|liquid
a33ccbf1-fa33-45a0-8bdd-5a29a37e5b38,images/a33ccbf1-fa33-45a0-8bdd-5a29a37e5b38.jpg,scaly,home_furnishing
212c0701-273b-4aba-930e-2c222703d7fa,images/212c0701-273b-4aba-930e-2c222703d7fa.jpg,wrinkled,home_furnishing|clothing
11cffc58-2d75-4119-a158-216c6e501c75,images/11cffc58-2d75-4119-a158-216c6e501c75.jpg,meshed,home_furnishing|fabric
c8152c64-2cee-442e-a712-b30b4edaa131,images/c8152c64-2cee-442e-a712-b30b4edaa131.jpg,scaly,home_furnishing|clothing
4616d4b4-e2f4-4c71-bd7d-a3bf8021de03,images/4616d4b4-e2f4-4c71-bd7d-a3bf8021de03.jpg,scaly,animal
29b2e760-3510-4e24-8527-fb9718144647,images/29b2e760-3510-4e24-8527-fb9718144647.jpg,stained,painting|wallpaper
52f69f06-29e3-41c5-a899-e4fc595b9338,images/52f69f06-29e3-41c5-a899-e4fc595b9338.jpg,pitted,wall
a5d4be52-2e88-47d8-b34f-1dfedffce842,images/a5d4be52-2e88-47d8-b34f-1dfedffce842.jpg,bubbly,photography|painting|wallpaper
bbf2df65-1ecc-4247-b5f3-c1641b97ddc0,images/bbf2df65-1ecc-4247-b5f3-c1641b97ddc0.jpg,bubbly,nature|liquid
c733a690-1082-4465-86a4-90b013ac6218,images/c733a690-1082-4465-86a4-90b013ac6218.jpg,cracked,nature|wood
d249a889-9901-4c12-9af9-cf43fa19999e,images/d249a889-9901-4c12-9af9-cf43fa19999e.jpg,porous,concrete
7d7d32ef-e6b8-4d27-b41d-ed2b56271cab,images/7d7d32ef-e6b8-4d27-b41d-ed2b56271cab.jpg,interlaced,painting|wallpaper
ff5a1105-0507-4b1e-a250-7ad00092aff6,images/ff5a1105-0507-4b1e-a250-7ad00092aff6.jpg,lined,clothing|home_furnishing
c49535b7-20c6-4419-aaf2-42fc4b4151e4,images/c49535b7-20c6-4419-aaf2-42fc4b4151e4.jpg,spiralled,painting|wallpaper
a897be5e-00d3-4977-af94-e02ded955304,images/a897be5e-00d3-4977-af94-e02ded955304.jpg,paisley,home_furnishing|clothing
c7e76d22-0f60-4cfc-979e-6bf4e3ee41f4,images/c7e76d22-0f60-4cfc-979e-6bf4e3ee41f4.jpg,spiralled,human|hair
e1aff3c3-e746-4494-9962-e47dc4c5be93,images/e1aff3c3-e746-4494-9962-e47dc4c5be93.jpg,smeared,painting|wallpaper
d1f4a050-cf7b-4db3-abef-a5070814809b,images/d1f4a050-cf7b-4db3-abef-a5070814809b.jpg,bumpy,rubber
3a8af9bc-1e43-4a5f-8e0b-fd6d5b5e296e,images/3a8af9bc-1e43-4a5f-8e0b-fd6d5b5e296e.jpg,meshed,metal
576cc102-e286-4ff9-8a39-1b3472ba0806,images/576cc102-e286-4ff9-8a39-1b3472ba0806.jpg,sprinkled,painting|wallpaper
0ecc7994-23b5-49bd-9f9e-8f4eb89d0d4d,images/0ecc7994-23b5-49bd-9f9e-8f4eb89d0d4d.jpg,flecked,home_furnishing|clothing|fabric
cb474beb-8256-4b3c-bf89-61034b4ec8d0,images/cb474beb-8256-4b3c-bf89-61034b4ec8d0.jpg,chequered,wood|painting
11f11b9a-6423-4f41-81cb-446a24c8b5db,images/11f11b9a-6423-4f41-81cb-446a24c8b5db.jpg,bubbly,photography|painting|wallpaper
fddba334-01a7-4d4c-b206-de8c87037654,images/fddba334-01a7-4d4c-b206-de8c87037654.jpg,sprinkled,food
f88bf959-9c68-48ac-8559-2d640ed35bf5,images/f88bf959-9c68-48ac-8559-2d640ed35bf5.jpg,crystalline,nature|rock
b49349be-c9e2-4971-b860-966368ee7348,images/b49349be-c9e2-4971-b860-966368ee7348.jpg,studded,home_furnishing|clothing
7c1e247d-3b8a-41d0-8052-e2589bb565d3,images/7c1e247d-3b8a-41d0-8052-e2589bb565d3.jpg,braided,fabric|home_furnishing
0f745c59-a7d8-49f2-98b4-e5bfc498edcd,images/0f745c59-a7d8-49f2-98b4-e5bfc498edcd.jpg,lacelike,painting|wallpaper
967b96fd-2919-45cb-b8e8-0840666ee9e3,images/967b96fd-2919-45cb-b8e8-0840666ee9e3.jpg,porous,wood
23ede180-cec0-4330-a62f-ce7411539b7f,images/23ede180-cec0-4330-a62f-ce7411539b7f.jpg,grooved,wood
5349333d-5e6d-4d5f-ab1f-9bb7d134f2b2,images/5349333d-5e6d-4d5f-ab1f-9bb7d134f2b2.jpg,honeycombed,metal
9e1df098-85af-415a-9fcd-fd885be1b74a,images/9e1df098-85af-415a-9fcd-fd885be1b74a.jpg,bumpy,wood
b3ed9e89-d41e-486b-8fea-3dbeabce57ee,images/b3ed9e89-d41e-486b-8fea-3dbeabce57ee.jpg,interlaced,wallpaper|painting
41723729-12e4-45cd-8198-a11509d8a78a,images/41723729-12e4-45cd-8198-a11509d8a78a.jpg,marbled,rock|nature
216b0045-ec7b-4d97-9332-8be88f9333d7,images/216b0045-ec7b-4d97-9332-8be88f9333d7.jpg,scaly,animal
7ae5ddc9-fad9-4d40-aabe-50707fe43012,images/7ae5ddc9-fad9-4d40-aabe-50707fe43012.jpg,cracked,nature
e1462c2c-3d00-4de3-a107-52b7414f72b1,images/e1462c2c-3d00-4de3-a107-52b7414f72b1.jpg,grooved,wood
b9ca1fc0-ebc5-4870-bb59-bea8e9d2beca,images/b9ca1fc0-ebc5-4870-bb59-bea8e9d2beca.jpg,knitted,clothing|home_furnishing|fabric
0d9bb7ae-0c92-4e54-9cfa-9bb7dd12dd7f,images/0d9bb7ae-0c92-4e54-9cfa-9bb7dd12dd7f.jpg,bumpy,concrete
dc746159-ff75-4fda-9b6f-b303f9db565c,images/dc746159-ff75-4fda-9b6f-b303f9db565c.jpg,marbled,painting|wallpaper
cdf37905-0312-41c6-87b4-834d04a33a9b,images/cdf37905-0312-41c6-87b4-834d04a33a9b.jpg,studded,home_furnishing|clothing
d11f2fd6-c777-436d-94c4-40ec4c616a66,images/d11f2fd6-c777-436d-94c4-40ec4c616a66.jpg,waffled,food
524c0679-01d2-488f-bc42-19356d83eb8c,images/524c0679-01d2-488f-bc42-19356d83eb8c.jpg,braided,human|hair
73efa998-94c1-4047-8129-71cf4c0a934c,images/73efa998-94c1-4047-8129-71cf4c0a934c.jpg,cracked,nature|wood|painting
6798eac7-ccee-4e78-b97b-ed19afd57b05,images/6798eac7-ccee-4e78-b97b-ed19afd57b05.jpg,cobwebbed,nature
b7cac3eb-c419-483b-8ae5-e7446ac931c6,images/b7cac3eb-c419-483b-8ae5-e7446ac931c6.jpg,freckled,nature
03be743a-da4b-4cd7-8721-8d70cc89088f,images/03be743a-da4b-4cd7-8721-8d70cc89088f.jpg,fibrous,nature
985d1e99-d811-4d49-80a7-16339e2502ff,images/985d1e99-d811-4d49-80a7-16339e2502ff.jpg,studded,home_furnishing|clothing
e4835c20-d5b3-4e6c-8f9c-a8fa3d0ebf2b,images/e4835c20-d5b3-4e6c-8f9c-a8fa3d0ebf2b.jpg,knitted,clothing|home_furnishing|fabric
05452f9d-7222-447d-a380-d48d3b1cff26,images/05452f9d-7222-447d-a380-d48d3b1cff26.jpg,interlaced,rock|concrete
b53553cf-6ba9-45d5-a74d-5499b446fdda,images/b53553cf-6ba9-45d5-a74d-5499b446fdda.jpg,chequered,clothing|home_furnishing|fabric
f0c970fe-bc9e-481e-a5f8-98e277f38ebd,images/f0c970fe-bc9e-481e-a5f8-98e277f38ebd.jpg,stratified,rock|nature
d5bb6a27-d25b-4315-85bd-2c51f4a56d58,images/d5bb6a27-d25b-4315-85bd-2c51f4a56d58.jpg,studded,home_furnishing|clothing
a3407c68-fb23-4a91-b664-89c7154284e1,images/a3407c68-fb23-4a91-b664-89c7154284e1.jpg,scaly,animal
56e580be-4be4-4cba-851a-83cfcb363d16,images/56e580be-4be4-4cba-851a-83cfcb363d16.jpg,braided,man_made|food
5133055f-a3b0-4288-85da-a067e1b34bff,images/5133055f-a3b0-4288-85da-a067e1b34bff.jpg,pitted,wallpaper|painting
5cdedc64-435e-479b-bc74-20966832dc9c,images/5cdedc64-435e-479b-bc74-20966832dc9c.jpg,marbled,rock|nature
53d2fac7-ad13-4a32-a25f-e7bea3974de4,images/53d2fac7-ad13-4a32-a25f-e7bea3974de4.jpg,knitted,clothing|home_furnishing|fabric
d820920b-263c-45cf-84b2-70ecdd35b00d,images/d820920b-263c-45cf-84b2-70ecdd35b00d.jpg,freckled,human
bb44e318-252d-4ae9-8c0e-1422daf35a27,images/bb44e318-252d-4ae9-8c0e-1422daf35a27.jpg,bubbly,photography|painting|wallpaper
8f85cdd7-7cc9-4d5b-afc0-3655500f26a7,images/8f85cdd7-7cc9-4d5b-afc0-3655500f26a7.jpg,woven,home_furnishing|wood
113cf0a1-1d07-4366-87e1-cb989f6adf70,images/113cf0a1-1d07-4366-87e1-cb989f6adf70.jpg,woven,home_furnishing|wood
18562b1c-a116-493f-99ef-45dfd6137dfd,images/18562b1c-a116-493f-99ef-45dfd6137dfd.jpg,lacelike,home_furnishing
98154652-6992-4e60-b7ad-69136a99acc9,images/98154652-6992-4e60-b7ad-69136a99acc9.jpg,braided,fabric|home_furnishing
de1811d7-10d6-4a6c-8362-c3380f8d2fad,images/de1811d7-10d6-4a6c-8362-c3380f8d2fad.jpg,smeared,painting|wallpaper
1a3fa5ee-a132-44ab-a54d-920c42e7bdb9,images/1a3fa5ee-a132-44ab-a54d-920c42e7bdb9.jpg,scaly,animal
ec08e1bd-a184-42aa-8d46-fb78f94f9b15,images/ec08e1bd-a184-42aa-8d46-fb78f94f9b15.jpg,meshed,fabric
2fcbbc08-26a8-4d43-a1c0-f4f4d07b381d,images/2fcbbc08-26a8-4d43-a1c0-f4f4d07b381d.jpg,braided,human|hair
b6c70280-13b0-4abb-ada8-81781358a325,images/b6c70280-13b0-4abb-ada8-81781358a325.jpg,blotchy,nature|metal
0d40ae89-9390-4278-8c9b-619572469d23,images/0d40ae89-9390-4278-8c9b-619572469d23.jpg,lacelike,home_furnishing
90e5c9ca-ba05-45d2-a69f-cab1943bd3da,images/90e5c9ca-ba05-45d2-a69f-cab1943bd3da.jpg,stained,painting|wallpaper
eeba7921-df09-4e08-bd66-0e303efe340b,images/eeba7921-df09-4e08-bd66-0e303efe340b.jpg,braided,man_made|food
64d914ea-1365-4ead-8dd8-dc290c34fc4e,images/64d914ea-1365-4ead-8dd8-dc290c34fc4e.jpg,paisley,home_furnishing|clothing
7902f3f9-91dc-44a3-bbb1-891bc409df0e,images/7902f3f9-91dc-44a3-bbb1-891bc409df0e.jpg,stained,painting|wallpaper
af4ac060-c548-4832-a17d-1d9f1f5c89ec,images/af4ac060-c548-4832-a17d-1d9f1f5c89ec.jpg,porous,rock
f1ccf49d-1294-49ca-8ceb-3a15419078d0,images/f1ccf49d-1294-49ca-8ceb-3a15419078d0.jpg,potholed,concrete
47bee978-6b38-4c27-b940-6c2b44af7d77,images/47bee978-6b38-4c27-b940-6c2b44af7d77.jpg,banded,fabric|clothing
95440322-8b10-4f04-b5c1-9ae94594309c,images/95440322-8b10-4f04-b5c1-9ae94594309c.jpg,grid,metal
34a54554-6931-45d6-82bc-aa2a5eb45269,images/34a54554-6931-45d6-82bc-aa2a5eb45269.jpg,pitted,rock
c270cafa-6036-43ac-9760-f9543e6dda7b,images/c270cafa-6036-43ac-9760-f9543e6dda7b.jpg,meshed,home_furnishing|fabric
4d933233-1626-49af-9c1e-2025079e20de,images/4d933233-1626-49af-9c1e-2025079e20de.jpg,knitted,clothing|home_furnishing|fabric
da163b7a-c29b-42eb-82ea-5f65bc1396d3,images/da163b7a-c29b-42eb-82ea-5f65bc1396d3.jpg,gauzy,home_furnishing|fabric
6093da43-93ff-4de2-b819-7ff9dd657c1c,images/6093da43-93ff-4de2-b819-7ff9dd657c1c.jpg,perforated,plastic
4b70f156-b06a-4bcb-a96d-a748a83a8958,images/4b70f156-b06a-4bcb-a96d-a748a83a8958.jpg,pitted,wall
d8920be6-9641-4f74-b795-12ae2a4ecd30,images/d8920be6-9641-4f74-b795-12ae2a4ecd30.jpg,cracked,nature|metal
c3c729ed-4ae5-4a25-b2e6-fdc800ce0b92,images/c3c729ed-4ae5-4a25-b2e6-fdc800ce0b92.jpg,pleated,home_furnishing|paper
63d29095-24c9-45ff-9530-03bfd1fcb6a3,images/63d29095-24c9-45ff-9530-03bfd1fcb6a3.jpg,bumpy,nature|food
0a70a02c-01ee-48ad-ab15-4ccea7ddb6a4,images/0a70a02c-01ee-48ad-ab15-4ccea7ddb6a4.jpg,scaly,home_furnishing|clothing
9e85b166-44bb-4ca1-989b-773e542a35ed,images/9e85b166-44bb-4ca1-989b-773e542a35ed.jpg,perforated,plastic
4b5aa36c-8394-4a32-921a-ce988ddc0e7d,images/4b5aa36c-8394-4a32-921a-ce988ddc0e7d.jpg,polka-dotted,clothing
d0e5a48f-e1f5-499e-9a2d-c481a7f38ee4,images/d0e5a48f-e1f5-499e-9a2d-c481a7f38ee4.jpg,crystalline,nature|rock
09e371f3-80ea-4014-aec3-eb1fe26ad787,images/09e371f3-80ea-4014-aec3-eb1fe26ad787.jpg,paisley,home_furnishing|clothing
e5538aa9-e0ca-400a-bcc6-1883948b7815,images/e5538aa9-e0ca-400a-bcc6-1883948b7815.jpg,lined,paper
9c79c2ba-f7dd-40fa-a2dd-3d5895b6b10e,images/9c79c2ba-f7dd-40fa-a2dd-3d5895b6b10e.jpg,zigzagged,home_furnishing|clothing
3dc3d333-568c-4322-91be-73695c87c00c,images/3dc3d333-568c-4322-91be-73695c87c00c.jpg,chequered,clothing|home_furnishing|fabric
a3bc55eb-c1e5-4ebc-ad5f-86074a0133ee,images/a3bc55eb-c1e5-4ebc-ad5f-86074a0133ee.jpg,matted,home_furnishing
381d3b0e-1e33-4e5e-bd93-26367025d542,images/381d3b0e-1e33-4e5e-bd93-26367025d542.jpg,swirly,painting|wallpaper
9490a9bb-b167-4744-8adf-f9fe67f1718e,images/9490a9bb-b167-4744-8adf-f9fe67f1718e.jpg,dotted,clothing|home_furnishing
0c518ed6-fedf-461a-bc15-5ca1904eaa26,images/0c518ed6-fedf-461a-bc15-5ca1904eaa26.jpg,cobwebbed,nature
444c4e32-cb5e-4fca-b852-b13570619ca5,images/444c4e32-cb5e-4fca-b852-b13570619ca5.jpg,woven,home_furnishing|wood
24bb3415-cb2d-4fb0-a296-7b18d7317c3a,images/24bb3415-cb2d-4fb0-a296-7b18d7317c3a.jpg,matted,nature
12a3908c-3270-43c1-a541-0cd6972cb42b,images/12a3908c-3270-43c1-a541-0cd6972cb42b.jpg,stained,painting|wallpaper
e8e63fe0-3b76-4028-a34d-7534dbc0b735,images/e8e63fe0-3b76-4028-a34d-7534dbc0b735.jpg,marbled,rock|nature
db6147ad-48d5-4207-b5e3-f0830179a56f,images/db6147ad-48d5-4207-b5e3-f0830179a56f.jpg,fibrous,home_furnishing
93997735-5925-496e-9841-26bd9e35825c,images/93997735-5925-496e-9841-26bd9e35825c.jpg,stratified,rock|nature
9695131c-ae21-49cd-9ec6-279b0feed038,images/9695131c-ae21-49cd-9ec6-279b0feed038.jpg,banded,fabric|clothing|wallpaper
ffec2997-da2e-4a6b-9cbb-2edbcbdbd097,images/ffec2997-da2e-4a6b-9cbb-2edbcbdbd097.jpg,sprinkled,food
8d541be3-05f3-405f-88fb-fc53e39bff7d,images/8d541be3-05f3-405f-88fb-fc53e39bff7d.jpg,spiralled,metal
73dbdff2-e375-4126-8a93-d73d6087f8b6,images/73dbdff2-e375-4126-8a93-d73d6087f8b6.jpg,pleated,home_furnishing
b380766c-15a2-4f6d-8c52-754072773cc7,images/b380766c-15a2-4f6d-8c52-754072773cc7.jpg,smeared,painting|wallpaper
8f4c1940-49fe-4a24-9db1-7f40f09caceb,images/8f4c1940-49fe-4a24-9db1-7f40f09caceb.jpg,cobwebbed,nature
bec5728b-be13-4760-8d05-6c22bb538d98,images/bec5728b-be13-4760-8d05-6c22bb538d98.jpg,meshed,fabric
7bcb1d2e-c7f8-4f06-b71f-098e5d4cead5,images/7bcb1d2e-c7f8-4f06-b71f-098e5d4cead5.jpg,swirly,home_furnishing|clothing
2db0ef6e-c50b-47bb-9aae-40c828cbf46d,images/2db0ef6e-c50b-47bb-9aae-40c828cbf46d.jpg,pitted,rock|concrete
f0442501-a67e-4275-b97b-dff870ed41f1,images/f0442501-a67e-4275-b97b-dff870ed41f1.jpg,freckled,human
51527994-29e8-4097-836b-d098481962e9,images/51527994-29e8-4097-836b-d098481962e9.jpg,pitted,rock|concrete|wall
22f8eb00-3d20-455f-b818-5f2a05a3f556,images/22f8eb00-3d20-455f-b818-5f2a05a3f556.jpg,grid,wallpaper|painting
6f62e321-f70e-41b1-bcf6-0502ae611ce6,images/6f62e321-f70e-41b1-bcf6-0502ae611ce6.jpg,waffled,food
c76c6729-6e7a-4b08-a179-b183a9b6b329,images/c76c6729-6e7a-4b08-a179-b183a9b6b329.jpg,smeared,painting|wallpaper
63aa7f3f-6f45-4c34-ac46-ee8de743d322,images/63aa7f3f-6f45-4c34-ac46-ee8de743d322.jpg,flecked,wallpaper|painting
96ca4dd5-756f-4cf6-836c-2062bb51c668,images/96ca4dd5-756f-4cf6-836c-2062bb51c668.jpg,marbled,rock|nature
c24b55ef-8b9e-4b76-b7d7-e4d9145143a4,images/c24b55ef-8b9e-4b76-b7d7-e4d9145143a4.jpg,polka-dotted,home_furnishing|clothing
18d0c730-d00a-4876-af07-67e8023340d9,images/18d0c730-d00a-4876-af07-67e8023340d9.jpg,bubbly,nature|liquid
0aeab219-050e-4309-8f05-e87b59e09bcc,images/0aeab219-050e-4309-8f05-e87b59e09bcc.jpg,wrinkled,paper
505e6596-ff13-46d7-bf4f-4235f9bcfa23,images/505e6596-ff13-46d7-bf4f-4235f9bcfa23.jpg,zigzagged,home_furnishing|clothing
b83d06ae-727b-47b1-b58d-4421350454cd,images/b83d06ae-727b-47b1-b58d-4421350454cd.jpg,interlaced,metal|painting
0c7c4323-b875-4474-b7d2-b07e08b8b3f9,images/0c7c4323-b875-4474-b7d2-b07e08b8b3f9.jpg,banded,fabric|clothing|wallpaper
2d1c91d5-584b-429b-ae3d-2a41827b9fcd,images/2d1c91d5-584b-429b-ae3d-2a41827b9fcd.jpg,blotchy,fabric|painting
4fcf89e5-685b-48e2-baee-af483215f826,images/4fcf89e5-685b-48e2-baee-af483215f826.jpg,perforated,metal
5ad5b34d-4d3c-4a5e-a3d9-1bffbef58e98,images/5ad5b34d-4d3c-4a5e-a3d9-1bffbef58e98.jpg,dotted,clothing|home_furnishing
2b7c4447-e93f-4802-aa50-5ca2d3fd2eb3,images/2b7c4447-e93f-4802-aa50-5ca2d3fd2eb3.jpg,studded,home_furnishing
3ff71910-7f85-4a21-a3da-24f709a5e3e8,images/3ff71910-7f85-4a21-a3da-24f709a5e3e8.jpg,bubbly,nature|food|liquid
ff168021-87a3-4adc-b808-f5215421e4dd,images/ff168021-87a3-4adc-b808-f5215421e4dd.jpg,zigzagged,home_furnishing|clothing
ded307bd-6306-47be-85d1-f3764a15b0dd,images/ded307bd-6306-47be-85d1-f3764a15b0dd.jpg,sprinkled,painting|wallpaper
5edf70c2-fd16-41d1-b328-791c06beb108,images/5edf70c2-fd16-41d1-b328-791c06beb108.jpg,porous,concrete
738f7d48-ddf3-48b3-a8ba-ecd5c57aa92e,images/738f7d48-ddf3-48b3-a8ba-ecd5c57aa92e.jpg,blotchy,fabric|metal
9ffdbb3a-3a6e-4439-9b8d-dc78451483b6,images/9ffdbb3a-3a6e-4439-9b8d-dc78451483b6.jpg,matted,hair|animal
1213bc51-7c31-4c67-a88c-e9141d8ae8bc,images/1213bc51-7c31-4c67-a88c-e9141d8ae8bc.jpg,potholed,concrete
eefd3da0-17c2-432e-9ee3-60ddc6bfc6b2,images/eefd3da0-17c2-432e-9ee3-60ddc6bfc6b2.jpg,blotchy,painting|wallpaper
23f96035-e075-430d-a6c4-801135bf8525,images/23f96035-e075-430d-a6c4-801135bf8525.jpg,striped,animal
8d5aea12-d7f5-4788-9ae9-c228dab3ef91,images/8d5aea12-d7f5-4788-9ae9-c228dab3ef91.jpg,sprinkled,food
a05553c9-76f3-46ee-bf97-1dc13b9076c6,images/a05553c9-76f3-46ee-bf97-1dc13b9076c6.jpg,grooved,plastic
5417fd31-458e-45ad-87c1-e5f09d6dc8e1,images/5417fd31-458e-45ad-87c1-e5f09d6dc8e1.jpg,crosshatched,painting|wallpaper
f994f316-6ecb-4dc2-aeb6-c10918db178a,images/f994f316-6ecb-4dc2-aeb6-c10918db178a.jpg,striped,animal
3cc431a9-b4a5-45f0-b80f-9a076a6ca72e,images/3cc431a9-b4a5-45f0-b80f-9a076a6ca72e.jpg,braided,fabric|home_furnishing
da0e4f40-7354-48de-b028-f4060734b07f,images/da0e4f40-7354-48de-b028-f4060734b07f.jpg,cobwebbed,nature
bf7cb802-8782-41c0-901f-a9fd8b4051f8,images/bf7cb802-8782-41c0-901f-a9fd8b4051f8.jpg,zigzagged,home_furnishing|clothing
87053fcc-252c-40f3-8a75-03409e01d62d,images/87053fcc-252c-40f3-8a75-03409e01d62d.jpg,lacelike,home_furnishing
ddd3e880-25b1-4fbf-9aff-d56a6ecb3b91,images/ddd3e880-25b1-4fbf-9aff-d56a6ecb3b91.jpg,perforated,metal
77f056b7-7d4c-4db0-8f39-931acdaa270b,images/77f056b7-7d4c-4db0-8f39-931acdaa270b.jpg,fibrous,nature|tree
864ab1fc-56e6-4f2a-80cb-1ac88c94c65c,images/864ab1fc-56e6-4f2a-80cb-1ac88c94c65c.jpg,crosshatched,clothing|home_furnishing
65ca80dc-cf21-4390-ae59-e4631299e5d1,images/65ca80dc-cf21-4390-ae59-e4631299e5d1.jpg,banded,fabric|clothing
05a50a2f-cd2d-47ca-913c-ba7196086b6b,images/05a50a2f-cd2d-47ca-913c-ba7196086b6b.jpg,dotted,clothing|home_furnishing
7ec4c185-60fd-49d3-a914-f6daa717cafa,images/7ec4c185-60fd-49d3-a914-f6daa717cafa.jpg,freckled,nature
127539ed-f865-41f7-b0d8-add64b12d893,images/127539ed-f865-41f7-b0d8-add64b12d893.jpg,blotchy,nature|food
55b22601-0bf2-4a19-974a-28513de657de,images/55b22601-0bf2-4a19-974a-28513de657de.jpg,marbled,rock|nature
e4f17e2a-48dd-49c8-8903-7ba53fae87f9,images/e4f17e2a-48dd-49c8-8903-7ba53fae87f9.jpg,scaly,home_furnishing|clothing
eacfd558-c6a2-4039-bcb6-504682580af2,images/eacfd558-c6a2-4039-bcb6-504682580af2.jpg,smeared,painting|wallpaper
3e0ce536-4b47-4174-ab3c-067041b543d1,images/3e0ce536-4b47-4174-ab3c-067041b543d1.jpg,frilly,clothing|home_furnishing
f1733dd0-46a6-4087-8f26-9db3db7eaf08,images/f1733dd0-46a6-4087-8f26-9db3db7eaf08.jpg,fibrous,home_furnishing|fabric
7c45a8f7-6ee9-49bb-8a97-c4b9a2ebe158,images/7c45a8f7-6ee9-49bb-8a97-c4b9a2ebe158.jpg,studded,home_furnishing|clothing
a23c6c30-6b69-43b5-abe1-e05bd98aee40,images/a23c6c30-6b69-43b5-abe1-e05bd98aee40.jpg,cracked,wallpaper|painting
4537ca0d-6513-47c9-81e4-a0ed82cf78c7,images/4537ca0d-6513-47c9-81e4-a0ed82cf78c7.jpg,paisley,home_furnishing|clothing
25804e1e-d1fa-4f93-b705-20e2e5a65a2a,images/25804e1e-d1fa-4f93-b705-20e2e5a65a2a.jpg,gauzy,wallpaper|painting
4509168e-aeed-4656-a36d-e625c3e9edcb,images/4509168e-aeed-4656-a36d-e625c3e9edcb.jpg,bumpy,concrete
79212e55-56d7-4e67-b4c8-b68acc9ac63c,images/79212e55-56d7-4e67-b4c8-b68acc9ac63c.jpg,interlaced,clothing|home_furnishing
0a0fcaee-3516-451c-9d36-f19e7164638b,images/0a0fcaee-3516-451c-9d36-f19e7164638b.jpg,interlaced,clothing|home_furnishing
0f23c2c2-319b-44f1-a900-9773d6f48553,images/0f23c2c2-319b-44f1-a900-9773d6f48553.jpg,veined,nature|tree
23176ed1-c925-47d7-9204-14d4095feed4,images/23176ed1-c925-47d7-9204-14d4095feed4.jpg,frilly,clothing|home_furnishing
0ebd763b-0c18-4276-8c91-443d6670466a,images/0ebd763b-0c18-4276-8c91-443d6670466a.jpg,blotchy,nature|wood
e87faed1-7875-4cba-ba3b-7048f890bd15,images/e87faed1-7875-4cba-ba3b-7048f890bd15.jpg,grid,wallpaper|painting
f62d2c32-abb6-46a8-8475-3ba2797662c1,images/f62d2c32-abb6-46a8-8475-3ba2797662c1.jpg,woven,home_furnishing|wood
76a7fa62-5149-4132-8287-7b3f0d24ee8b,images/76a7fa62-5149-4132-8287-7b3f0d24ee8b.jpg,studded,home_furnishing|clothing
9e7b704d-b3fc-4c76-95a4-ea9539286fd8,images/9e7b704d-b3fc-4c76-95a4-ea9539286fd8.jpg,pitted,wood
cef6e0d0-6679-4249-b930-5081de5c183b,images/cef6e0d0-6679-4249-b930-5081de5c183b.jpg,blotchy,painting|wood
bcf3085a-a59a-4b97-a032-2d9e7cb5348d,images/bcf3085a-a59a-4b97-a032-2d9e7cb5348d.jpg,dotted,food
84336f8e-ded1-48dd-b747-0746c389a8dc,images/84336f8e-ded1-48dd-b747-0746c389a8dc.jpg,meshed,metal
5f5db57d-fa9b-4983-bcb9-2d29608ddc9f,images/5f5db57d-fa9b-4983-bcb9-2d29608ddc9f.jpg,scaly,animal
6dea1ad5-d1b6-4d38-b89f-087225c3844d,images/6dea1ad5-d1b6-4d38-b89f-087225c3844d.jpg,lined,clothing|home_furnishing
0bb60559-b34f-4926-9532-5e8b2f7ae06d,images/0bb60559-b34f-4926-9532-5e8b2f7ae06d.jpg,lined,paper
11191336-b97d-4dd3-8295-997f7e546df9,images/11191336-b97d-4dd3-8295-997f7e546df9.jpg,freckled,human
bea23dc1-e684-419e-9f8f-56a5553a08d4,images/bea23dc1-e684-419e-9f8f-56a5553a08d4.jpg,stratified,rock|nature
685662d2-1577-4c91-bd28-e7088d1a1b70,images/685662d2-1577-4c91-bd28-e7088d1a1b70.jpg,crosshatched,painting|wallpaper
5a66c58f-d5f7-4ef9-b7cf-09c99b4901bd,images/5a66c58f-d5f7-4ef9-b7cf-09c99b4901bd.jpg,lacelike,home_furnishing
0e7d2099-c1b7-4d25-ade9-8ff34bd0ef2d,images/0e7d2099-c1b7-4d25-ade9-8ff34bd0ef2d.jpg,lined,clothing|home_furnishing
6f05301e-1fcb-46b4-ac2e-a811fac852e7,images/6f05301e-1fcb-46b4-ac2e-a811fac852e7.jpg,striped,painting|wallpaper
d1e96970-d162-4aca-8e3a-6dfb4dc86a06,images/d1e96970-d162-4aca-8e3a-6dfb4dc86a06.jpg,woven,home_furnishing
55eaa97c-d965-41f7-a9d0-deecb1c8465c,images/55eaa97c-d965-41f7-a9d0-deecb1c8465c.jpg,crosshatched,clothing|home_furnishing
cd41cc60-230c-4753-902b-569d434c7129,images/cd41cc60-230c-4753-902b-569d434c7129.jpg,fibrous,home_furnishing
a83fba00-574b-47ab-a2d8-ab2bd84fa6b9,images/a83fba00-574b-47ab-a2d8-ab2bd84fa6b9.jpg,crystalline,nature|rock
6676427d-6de0-4d16-9bae-a9b8a85ff82e,images/6676427d-6de0-4d16-9bae-a9b8a85ff82e.jpg,potholed,concrete
b60580a8-a9b9-4a93-a8c1-8acce895a89b,images/b60580a8-a9b9-4a93-a8c1-8acce895a89b.jpg,matted,nature
67a8848e-d037-40ad-8ff3-471593fdeedd,images/67a8848e-d037-40ad-8ff3-471593fdeedd.jpg,spiralled,painting|wallpaper
970e85d7-ace0-47b9-8ada-d328f659fe66,images/970e85d7-ace0-47b9-8ada-d328f659fe66.jpg,paisley,home_furnishing|clothing
f590a2f0-f769-4351-8506-cc45a9ec6ce0,images/f590a2f0-f769-4351-8506-cc45a9ec6ce0.jpg,pleated,home_furnishing|clothing
1cb51a7d-0148-4764-8af2-d6b5346ec1d2,images/1cb51a7d-0148-4764-8af2-d6b5346ec1d2.jpg,honeycombed,plastic
e133a8c4-5057-426c-aa52-10703b0a00dd,images/e133a8c4-5057-426c-aa52-10703b0a00dd.jpg,grooved,concrete
f990cb7f-7503-4989-b2b0-ceebdae96cc7,images/f990cb7f-7503-4989-b2b0-ceebdae96cc7.jpg,freckled,human
9504df2d-2565-4d2e-a524-42cb11db7e6b,images/9504df2d-2565-4d2e-a524-42cb11db7e6b.jpg,banded,fabric|clothing|wallpaper
524b2563-0fdd-422f-bbf1-8410483b4791,images/524b2563-0fdd-422f-bbf1-8410483b4791.jpg,paisley,home_furnishing
f2b1d6a9-d55a-4d37-86fc-49703e5b4b08,images/f2b1d6a9-d55a-4d37-86fc-49703e5b4b08.jpg,cobwebbed,home_furnishing
3eec14a3-efc7-4a69-a40f-fcadacefc4f2,images/3eec14a3-efc7-4a69-a40f-fcadacefc4f2.jpg,cobwebbed,nature|animal
984124fd-0e34-483f-ae4d-5c6f2d70b2c1,images/984124fd-0e34-483f-ae4d-5c6f2d70b2c1.jpg,knitted,clothing|home_furnishing|fabric
00030572-4250-4bed-8528-505698eae430,images/00030572-4250-4bed-8528-505698eae430.jpg,honeycombed,plastic
8b8088f4-50ec-48a9-b706-6428b50c2a02,images/8b8088f4-50ec-48a9-b706-6428b50c2a02.jpg,wrinkled,home_furnishing|clothing
c800052f-efa2-45fe-8fd0-a6de071752a7,images/c800052f-efa2-45fe-8fd0-a6de071752a7.jpg,meshed,metal
ffd40013-9c3a-4af1-b484-fca0ad607647,images/ffd40013-9c3a-4af1-b484-fca0ad607647.jpg,sprinkled,food
fda5db7c-30ed-4b84-993c-12355a838908,images/fda5db7c-30ed-4b84-993c-12355a838908.jpg,paisley,home_furnishing|clothing
9a2b14af-e562-402a-a6cb-108b6eb6fc5e,images/9a2b14af-e562-402a-a6cb-108b6eb6fc5e.jpg,veined,painting|wallpaper
b2aad90a-5577-46a3-b64f-0b1a1dafefcd,images/b2aad90a-5577-46a3-b64f-0b1a1dafefcd.jpg,spiralled,wallpaper
9b384743-930a-4c6b-9d90-ae5017ce7d61,images/9b384743-930a-4c6b-9d90-ae5017ce7d61.jpg,blotchy,painting|wallpaper
e542c161-c25e-4648-8e57-2ba5d31883a8,images/e542c161-c25e-4648-8e57-2ba5d31883a8.jpg,pitted,food|nature
d85acd38-f162-4e86-a9e9-5165d392b6a8,images/d85acd38-f162-4e86-a9e9-5165d392b6a8.jpg,sprinkled,food
ec68643c-185e-4138-bd11-e7d7c35bf02b,images/ec68643c-185e-4138-bd11-e7d7c35bf02b.jpg,striped,animal
e37a9d86-27cf-455f-8dce-8bf7136642a6,images/e37a9d86-27cf-455f-8dce-8bf7136642a6.jpg,cracked,glass
c4d9447a-bb1b-4200-90d9-434d01644fd6,images/c4d9447a-bb1b-4200-90d9-434d01644fd6.jpg,stained,home_furnishing|clothing
776b8059-d817-4388-b980-816c21dc786b,images/776b8059-d817-4388-b980-816c21dc786b.jpg,paisley,home_furnishing|clothing
a6613d1d-0d06-4f14-b274-7d35ea36b4aa,images/a6613d1d-0d06-4f14-b274-7d35ea36b4aa.jpg,grid,metal
927d82f5-34aa-4119-ac75-5b3bc7ffda52,images/927d82f5-34aa-4119-ac75-5b3bc7ffda52.jpg,lacelike,clothing|home_furnishing
acf8efa1-e236-4237-9c1c-1d716582c146,images/acf8efa1-e236-4237-9c1c-1d716582c146.jpg,waffled,home_furnishing|clothing
9f045709-ba73-4a99-86fe-cd672416bd83,images/9f045709-ba73-4a99-86fe-cd672416bd83.jpg,stratified,rock|nature
f973e7fd-09e4-4a60-87c7-50d7516bf15c,images/f973e7fd-09e4-4a60-87c7-50d7516bf15c.jpg,lined,clothing|home_furnishing
795a843f-a429-4c9b-b084-6d0ac1df4bd5,images/795a843f-a429-4c9b-b084-6d0ac1df4bd5.jpg,knitted,clothing|home_furnishing|fabric
ec9ef4da-36b4-4210-8a3b-c5a4d6297e04,images/ec9ef4da-36b4-4210-8a3b-c5a4d6297e04.jpg,swirly,painting|wallpaper
8963f4f3-8d33-4177-a1a8-28f480e4653f,images/8963f4f3-8d33-4177-a1a8-28f480e4653f.jpg,blotchy,nature|rock
698a350d-28d2-40fd-82a5-5426e22d9f8b,images/698a350d-28d2-40fd-82a5-5426e22d9f8b.jpg,striped,home_furnishing|clothing
b81ed7cf-775e-4423-b276-a561dfd97d51,images/b81ed7cf-775e-4423-b276-a561dfd97d51.jpg,freckled,human
0b3d6068-e467-4669-b454-67e9b5ac9c34,images/0b3d6068-e467-4669-b454-67e9b5ac9c34.jpg,marbled,rock|nature
1d6e9328-2550-40df-a568-ddb277eccafe,images/1d6e9328-2550-40df-a568-ddb277eccafe.jpg,freckled,human
7e5a0c9c-f396-4f7f-bb4e-ff27d3b07565,images/7e5a0c9c-f396-4f7f-bb4e-ff27d3b07565.jpg,crosshatched,painting|wallpaper
5b5f4618-8827-4038-8bd2-ff67f23e8493,images/5b5f4618-8827-4038-8bd2-ff67f23e8493.jpg,gauzy,clothing|home_furnishing|fabric
b19c2c75-5fbd-4284-9b00-c2fe603f099c,images/b19c2c75-5fbd-4284-9b00-c2fe603f099c.jpg,spiralled,food
26ea2281-364a-42e7-a5f2-e48c33519d34,images/26ea2281-364a-42e7-a5f2-e48c33519d34.jpg,grid,metal
f5edda76-03ba-40d1-ade9-f0e57da3990d,images/f5edda76-03ba-40d1-ade9-f0e57da3990d.jpg,lined,clothing|home_furnishing
6263ac89-c823-48e8-8c14-771734981638,images/6263ac89-c823-48e8-8c14-771734981638.jpg,waffled,food
bd62e84d-a56e-43e7-abc0-59ed07f5a3d5,images/bd62e84d-a56e-43e7-abc0-59ed07f5a3d5.jpg,sprinkled,food
c67af5b7-4ad1-4641-9e2b-93ab90891e0a,images/c67af5b7-4ad1-4641-9e2b-93ab90891e0a.jpg,wrinkled,home_furnishing|clothing|fabric
537864a6-e2d0-4aaa-98d1-462320917ff7,images/537864a6-e2d0-4aaa-98d1-462320917ff7.jpg,banded,fabric|clothing|wallpaper
c028bc58-5cae-4368-8942-09f19481bfb0,images/c028bc58-5cae-4368-8942-09f19481bfb0.jpg,interlaced,painting|wallpaper
7b71c7b3-ce6c-4a1a-8eaa-8d43c5fd9bc3,images/7b71c7b3-ce6c-4a1a-8eaa-8d43c5fd9bc3.jpg,cracked,wood|painting
37f5e7ee-4c87-432e-b884-3c6a7a8f1cb4,images/37f5e7ee-4c87-432e-b884-3c6a7a8f1cb4.jpg,stratified,rock|nature
dce7ab31-58d9-4acc-afb1-db4e2bdde2bf,images/dce7ab31-58d9-4acc-afb1-db4e2bdde2bf.jpg,crosshatched,painting|home_furnishing
75210e5c-a157-4307-85ae-48d6bac35f2c,images/75210e5c-a157-4307-85ae-48d6bac35f2c.jpg,grid,painting|wood
6e7fe594-f381-4132-a3ff-b8b583626f85,images/6e7fe594-f381-4132-a3ff-b8b583626f85.jpg,lined,home_furnishing
860defe1-b43c-49f4-82bf-5ff26353abaa,images/860defe1-b43c-49f4-82bf-5ff26353abaa.jpg,grid,wood
30beeaad-2d34-4c70-b9b3-ae8e74cc980e,images/30beeaad-2d34-4c70-b9b3-ae8e74cc980e.jpg,spiralled,rock
6a7b513d-292e-487e-83a8-8c59290b3321,images/6a7b513d-292e-487e-83a8-8c59290b3321.jpg,gauzy,home_furnishing|clothing
a0a5ccba-c714-426c-b864-51ecc2b0f342,images/a0a5ccba-c714-426c-b864-51ecc2b0f342.jpg,pleated,home_furnishing
d251aa86-af43-4503-926f-097d141e2dd7,images/d251aa86-af43-4503-926f-097d141e2dd7.jpg,cobwebbed,nature
d896bfb3-4268-4f50-8798-eb19f48df93b,images/d896bfb3-4268-4f50-8798-eb19f48df93b.jpg,potholed,rock|nature
45967c29-fd8a-4233-a41c-86f044f275e8,images/45967c29-fd8a-4233-a41c-86f044f275e8.jpg,lacelike,home_furnishing
4fc18d35-1024-4238-a3a0-a0224dc679de,images/4fc18d35-1024-4238-a3a0-a0224dc679de.jpg,waffled,food
37f5d169-b5fa-4b3d-a79a-d29d2f898018,images/37f5d169-b5fa-4b3d-a79a-d29d2f898018.jpg,crystalline,nature|rock
cbb44a43-c35b-4818-8f83-5f0c68e760ca,images/cbb44a43-c35b-4818-8f83-5f0c68e760ca.jpg,stained,painting|wallpaper
d6c4a9c9-edca-4e28-ae3c-d72bde60c3e1,images/d6c4a9c9-edca-4e28-ae3c-d72bde60c3e1.jpg,perforated,wallpaper|painting
08ab6300-700a-4c20-b2a0-eb879b1fe2d2,images/08ab6300-700a-4c20-b2a0-eb879b1fe2d2.jpg,zigzagged,home_furnishing|clothing
afbcc8f5-f08e-4d8b-a5c2-ad945927afa8,images/afbcc8f5-f08e-4d8b-a5c2-ad945927afa8.jpg,frilly,nature|food
9c42b566-f88d-43a7-be56-a439c77d6519,images/9c42b566-f88d-43a7-be56-a439c77d6519.jpg,zigzagged,home_furnishing|clothing
daf7397a-8b49-49f2-a3e3-d0d09a68ab72,images/daf7397a-8b49-49f2-a3e3-d0d09a68ab72.jpg,swirly,painting|wallpaper
5c93e857-0f0f-4227-8b88-98464a03fa2f,images/5c93e857-0f0f-4227-8b88-98464a03fa2f.jpg,crystalline,nature|rock
f49a14b0-7940-4f63-badc-a55edc00b68c,images/f49a14b0-7940-4f63-badc-a55edc00b68c.jpg,interlaced,wallpaper|painting
c210cd29-827f-421a-9a99-4fbefd88ba48,images/c210cd29-827f-421a-9a99-4fbefd88ba48.jpg,woven,home_furnishing|clothing|fabric
b7986f66-417e-42c4-b3b9-f1329b996637,images/b7986f66-417e-42c4-b3b9-f1329b996637.jpg,honeycombed,plastic
a4967350-71e2-4d27-984d-198b6cc2d262,images/a4967350-71e2-4d27-984d-198b6cc2d262.jpg,meshed,metal
3cdd4226-e8bf-486b-9891-0d662590c9ed,images/3cdd4226-e8bf-486b-9891-0d662590c9ed.jpg,flecked,clothing|fabric
8feeea9f-e381-4a2d-a278-782868cb6136,images/8feeea9f-e381-4a2d-a278-782868cb6136.jpg,flecked,nature|food
19adf31a-1841-4a09-934c-5843ae92134c,images/19adf31a-1841-4a09-934c-5843ae92134c.jpg,studded,home_furnishing|clothing
99fa199b-1c41-48c0-be46-5d0984c44760,images/99fa199b-1c41-48c0-be46-5d0984c44760.jpg,striped,animal
481fb865-ef4a-4d1b-83d6-7f056f398fcd,images/481fb865-ef4a-4d1b-83d6-7f056f398fcd.jpg,polka-dotted,home_furnishing|clothing
689dcae2-0747-4113-8f61-cbd279e7e2c6,images/689dcae2-0747-4113-8f61-cbd279e7e2c6.jpg,crystalline,nature|ice
eecc1d9b-40d9-4953-9663-c97db0fe4541,images/eecc1d9b-40d9-4953-9663-c97db0fe4541.jpg,freckled,human
5203e754-eaef-4834-94b0-d376804a31ea,images/5203e754-eaef-4834-94b0-d376804a31ea.jpg,interlaced,clothing
4a17bbd8-b6b7-4215-bef8-956ebd9d4f02,images/4a17bbd8-b6b7-4215-bef8-956ebd9d4f02.jpg,marbled,painting
1b68faa1-e6e4-4ad9-a6eb-3dd61dc0dd36,images/1b68faa1-e6e4-4ad9-a6eb-3dd61dc0dd36.jpg,lined,home_furnishing
0625ddfb-8adb-4973-9ac7-0985a0256b16,images/0625ddfb-8adb-4973-9ac7-0985a0256b16.jpg,stained,painting|wallpaper
70bc70aa-871e-406c-aea7-411b37a8143b,images/70bc70aa-871e-406c-aea7-411b37a8143b.jpg,swirly,home_furnishing
7f58e0bc-65fd-44dd-82d5-8d75ef338891,images/7f58e0bc-65fd-44dd-82d5-8d75ef338891.jpg,marbled,rock|nature
10d89804-9472-482c-b27b-c9560ddaea11,images/10d89804-9472-482c-b27b-c9560ddaea11.jpg,gauzy,clothing|home_furnishing|fabric
61ad8606-fd5d-42ca-8d33-7af07ad3362b,images/61ad8606-fd5d-42ca-8d33-7af07ad3362b.jpg,frilly,nature
3f26b154-84b8-443d-9222-c8425d4a591f,images/3f26b154-84b8-443d-9222-c8425d4a591f.jpg,perforated,metal
054097d8-9bcb-4845-8372-0cd49de0f558,images/054097d8-9bcb-4845-8372-0cd49de0f558.jpg,paisley,home_furnishing
8b9da661-36a4-4cde-ba5a-b834cc4128c0,images/8b9da661-36a4-4cde-ba5a-b834cc4128c0.jpg,spiralled,food
4aad9bb0-f968-4e1c-8286-d142e70aea31,images/4aad9bb0-f968-4e1c-8286-d142e70aea31.jpg,pleated,home_furnishing|clothing
63f375e2-425a-472f-a690-2b803bc1248d,images/63f375e2-425a-472f-a690-2b803bc1248d.jpg,striped,painting|wallpaper
c28a11f8-606d-497e-80ba-00398cf08064,images/c28a11f8-606d-497e-80ba-00398cf08064.jpg,zigzagged,painting|wallpaper
56fe1e71-19f3-4509-9a3e-a72c29cc1ea2,images/56fe1e71-19f3-4509-9a3e-a72c29cc1ea2.jpg,stratified,rock|nature
3976bf52-8884-4637-bdcb-2c72f12e79cc,images/3976bf52-8884-4637-bdcb-2c72f12e79cc.jpg,dotted,clothing|home_furnishing
9608ccf0-11de-46a1-93ab-7f1f94437c3d,images/9608ccf0-11de-46a1-93ab-7f1f94437c3d.jpg,fibrous,nature
c4a157d1-27e9-4603-ae5a-54df1e8d580f,images/c4a157d1-27e9-4603-ae5a-54df1e8d580f.jpg,grid,wallpaper|painting
f0a5db91-167b-4805-b1d9-14c361f9958d,images/f0a5db91-167b-4805-b1d9-14c361f9958d.jpg,interlaced,metal
69db3c00-447f-4d07-9029-bee7ce49dc3f,images/69db3c00-447f-4d07-9029-bee7ce49dc3f.jpg,chequered,wallpaper|painting
c29007d0-d54e-405f-a443-c5520c662de8,images/c29007d0-d54e-405f-a443-c5520c662de8.jpg,pitted,rock|concrete|wall
983b19dc-0e10-45d3-a28a-a0258996906f,images/983b19dc-0e10-45d3-a28a-a0258996906f.jpg,porous,food
6ef1e6ca-57ae-44cb-a50e-71ca333dcb0a,images/6ef1e6ca-57ae-44cb-a50e-71ca333dcb0a.jpg,braided,human|hair
c13cf71e-8984-46ad-bc02-3cff483754ab,images/c13cf71e-8984-46ad-bc02-3cff483754ab.jpg,stained,painting|wallpaper
aed2e990-7831-4f67-ade5-10ea055dc9fa,images/aed2e990-7831-4f67-ade5-10ea055dc9fa.jpg,stratified,rock|nature
15e13ccd-cdc6-4ce0-913e-14ebf38ec7f3,images/15e13ccd-cdc6-4ce0-913e-14ebf38ec7f3.jpg,polka-dotted,home_furnishing|clothing
ff2d2250-4e6e-4227-9c84-b5f7e20b3a5f,images/ff2d2250-4e6e-4227-9c84-b5f7e20b3a5f.jpg,spiralled,home_furnishing
8baecfdc-b8a5-4965-990d-ff302be38004,images/8baecfdc-b8a5-4965-990d-ff302be38004.jpg,chequered,wallpaper|painting
5caa04b1-6d49-4cdb-89d6-660dec088287,images/5caa04b1-6d49-4cdb-89d6-660dec088287.jpg,flecked,nature|rock
3cc3a122-500f-4f7e-9664-709463125b26,images/3cc3a122-500f-4f7e-9664-709463125b26.jpg,scaly,home_furnishing|clothing
1d85f538-b074-4585-bf0f-c4c195f6de71,images/1d85f538-b074-4585-bf0f-c4c195f6de71.jpg,meshed,wallpaper|painting
31097d17-fa1a-491b-a578-62b403039574,images/31097d17-fa1a-491b-a578-62b403039574.jpg,porous,concrete
56617150-acd6-4497-893d-b1cfff8b4b32,images/56617150-acd6-4497-893d-b1cfff8b4b32.jpg,knitted,clothing|home_furnishing|fabric
8fb5508a-1e36-413d-9c81-2809835a7f26,images/8fb5508a-1e36-413d-9c81-2809835a7f26.jpg,studded,home_furnishing|clothing
b83fd90b-661c-436c-94b8-0dba3e9c597d,images/b83fd90b-661c-436c-94b8-0dba3e9c597d.jpg,knitted,clothing|home_furnishing|fabric
a02a16d3-8c9f-4b70-b8a3-2fd4a92eeb56,images/a02a16d3-8c9f-4b70-b8a3-2fd4a92eeb56.jpg,braided,fabric|clothing|home_furnishing
dfde5dc6-135a-4500-815e-7a4a1425fdd8,images/dfde5dc6-135a-4500-815e-7a4a1425fdd8.jpg,blotchy,nature|metal
8010286f-7eaf-45e5-b5bf-957b7d4a4fe1,images/8010286f-7eaf-45e5-b5bf-957b7d4a4fe1.jpg,wrinkled,paper
ffc18f98-848a-4431-b0ce-2fe33c794a5a,images/ffc18f98-848a-4431-b0ce-2fe33c794a5a.jpg,perforated,home_furnishing|clothing
d0f7c2b0-0bb3-470a-91e4-9828fd7e1952,images/d0f7c2b0-0bb3-470a-91e4-9828fd7e1952.jpg,wrinkled,paper
6e3df33b-0bb0-4f63-8ae0-e64b22172c15,images/6e3df33b-0bb0-4f63-8ae0-e64b22172c15.jpg,striped,painting|wallpaper
ccb9b3e5-5698-46ec-9978-895173438a77,images/ccb9b3e5-5698-46ec-9978-895173438a77.jpg,chequered,home_furnishing
08686fd3-226d-4727-a6a2-e59729e934ec,images/08686fd3-226d-4727-a6a2-e59729e934ec.jpg,swirly,painting|wallpaper
32d907da-d44c-4d54-a178-4d3b26ac3c52,images/32d907da-d44c-4d54-a178-4d3b26ac3c52.jpg,grid,wallpaper|painting
36f3b42b-5c2b-450a-af36-d53dc14d163f,images/36f3b42b-5c2b-450a-af36-d53dc14d163f.jpg,scaly,animal
0ec89913-c63f-40c4-a67c-11c146573aa8,images/0ec89913-c63f-40c4-a67c-11c146573aa8.jpg,grid,wallpaper|painting
3e34f5c3-fa33-4a04-b16e-0332f6ce4d32,images/3e34f5c3-fa33-4a04-b16e-0332f6ce4d32.jpg,gauzy,home_furnishing
20988d14-b106-4a18-b6c8-a731629dcffe,images/20988d14-b106-4a18-b6c8-a731629dcffe.jpg,studded,home_furnishing|clothing
c7d2c18c-087b-4f3b-9324-36fa03df3b54,images/c7d2c18c-087b-4f3b-9324-36fa03df3b54.jpg,fibrous,nature|tree
11d5fe59-aad5-4994-84be-d4138d6c57fd,images/11d5fe59-aad5-4994-84be-d4138d6c57fd.jpg,porous,rock|nature
766ab4b4-b567-4c1a-adcc-1d847892f29c,images/766ab4b4-b567-4c1a-adcc-1d847892f29c.jpg,bubbly,nature|liquid
1945dbfd-fc18-4292-9ce9-72dfc8635513,images/1945dbfd-fc18-4292-9ce9-72dfc8635513.jpg,swirly,painting|wallpaper
f6ec22ee-d176-413c-b050-bf708cbf199b,images/f6ec22ee-d176-413c-b050-bf708cbf199b.jpg,grid,metal
f64f1218-a2f0-4f3b-8c6c-9bb70dddd4c0,images/f64f1218-a2f0-4f3b-8c6c-9bb70dddd4c0.jpg,flecked,clothing|fabric
746e7200-da27-4d70-a418-b2555305b301,images/746e7200-da27-4d70-a418-b2555305b301.jpg,woven,home_furnishing|clothing|fabric
a3e6f7bb-5e8e-4658-b7db-b14ab38e822f,images/a3e6f7bb-5e8e-4658-b7db-b14ab38e822f.jpg,fibrous,painting|wall
d3bd5f98-a78e-4e24-b468-4e0d2b2b7231,images/d3bd5f98-a78e-4e24-b468-4e0d2b2b7231.jpg,wrinkled,paper
5639dca4-af7c-406b-b8aa-75645d768edd,images/5639dca4-af7c-406b-b8aa-75645d768edd.jpg,freckled,human
d29e1211-46d9-45b4-a537-4105d9987091,images/d29e1211-46d9-45b4-a537-4105d9987091.jpg,zigzagged,home_furnishing|clothing
857cd27c-350a-47e1-ba6e-45d32838b271,images/857cd27c-350a-47e1-ba6e-45d32838b271.jpg,honeycombed,wallpaper|painting
d98ccd4b-3ea8-416f-ae27-7742cd02397b,images/d98ccd4b-3ea8-416f-ae27-7742cd02397b.jpg,marbled,rock|nature
1e348bfb-46af-4382-92bd-783bc78b2949,images/1e348bfb-46af-4382-92bd-783bc78b2949.jpg,blotchy,fabric|metal
e987d848-953e-400b-87ca-c1f7c8e4cee6,images/e987d848-953e-400b-87ca-c1f7c8e4cee6.jpg,studded,home_furnishing|clothing
b4409aee-92d2-4caf-89e7-dbe392fd5e1c,images/b4409aee-92d2-4caf-89e7-dbe392fd5e1c.jpg,swirly,home_furnishing|clothing
cdb41c78-ddfc-48dc-ba6e-b7a28061081b,images/cdb41c78-ddfc-48dc-ba6e-b7a28061081b.jpg,grid,wallpaper|painting
1ad609e4-ea6b-4ef6-a16a-ea08d2e1a826,images/1ad609e4-ea6b-4ef6-a16a-ea08d2e1a826.jpg,bumpy,nature
b049e35a-1d01-447b-9cca-efd66ca0e3ae,images/b049e35a-1d01-447b-9cca-efd66ca0e3ae.jpg,gauzy,clothing|home_furnishing|fabric
74fa74ed-6a77-4a9d-bdb4-5ebb6073503c,images/74fa74ed-6a77-4a9d-bdb4-5ebb6073503c.jpg,porous,concrete
f928d3b0-1417-4367-856d-0339657522dc,images/f928d3b0-1417-4367-856d-0339657522dc.jpg,woven,home_furnishing|wood
71b956a2-e375-4bde-9d4a-e3ca888ba1dd,images/71b956a2-e375-4bde-9d4a-e3ca888ba1dd.jpg,crystalline,nature|rock
0e582fe7-63ef-4cb8-9c74-6cb237eca7e5,images/0e582fe7-63ef-4cb8-9c74-6cb237eca7e5.jpg,gauzy,home_furnishing|clothing
7568f2cb-4dc0-491e-b6be-aec862f116d5,images/7568f2cb-4dc0-491e-b6be-aec862f116d5.jpg,bumpy,metal
d7d83a8a-e7ad-4d69-a8ef-2746613fe3b1,images/d7d83a8a-e7ad-4d69-a8ef-2746613fe3b1.jpg,potholed,concrete
d5695b43-0216-4518-8afb-906f5fe5b0c4,images/d5695b43-0216-4518-8afb-906f5fe5b0c4.jpg,interlaced,concrete|rock
2a339494-7f28-4639-ba5c-88c7d3100507,images/2a339494-7f28-4639-ba5c-88c7d3100507.jpg,swirly,painting|wallpaper
c44f9f7c-a74a-46ce-935a-d4373379b705,images/c44f9f7c-a74a-46ce-935a-d4373379b705.jpg,wrinkled,home_furnishing|clothing
9421600d-86ac-49e9-b6da-72f13a0b605f,images/9421600d-86ac-49e9-b6da-72f13a0b605f.jpg,banded,fabric|clothing|wallpaper
afa831e9-6338-4b32-abe9-8d7ee33d8667,images/afa831e9-6338-4b32-abe9-8d7ee33d8667.jpg,chequered,wallpaper|painting
e33ff4af-4727-4f8d-8076-65ed521bae28,images/e33ff4af-4727-4f8d-8076-65ed521bae28.jpg,wrinkled,home_furnishing|clothing
552ed430-9e48-4484-9015-d7fa543ff049,images/552ed430-9e48-4484-9015-d7fa543ff049.jpg,spiralled,home_furnishing
2447a54d-dffa-4274-91af-f09e9c0c2707,images/2447a54d-dffa-4274-91af-f09e9c0c2707.jpg,woven,home_furnishing|wood
22c76a8a-71d4-4073-86ed-c7c5bb488465,images/22c76a8a-71d4-4073-86ed-c7c5bb488465.jpg,chequered,clothing|home_furnishing
fa32bb87-692b-46b4-b39f-a1ee5b4de729,images/fa32bb87-692b-46b4-b39f-a1ee5b4de729.jpg,cracked,nature|tree
6e2befc8-667f-4c1e-83e5-79c25676ffa8,images/6e2befc8-667f-4c1e-83e5-79c25676ffa8.jpg,honeycombed,nature|food
714f706d-f2f1-4a92-96f7-1124a23897c6,images/714f706d-f2f1-4a92-96f7-1124a23897c6.jpg,wrinkled,human
61f6f263-0d31-45f4-abb2-f42e62faf4e9,images/61f6f263-0d31-45f4-abb2-f42e62faf4e9.jpg,wrinkled,paper
44f8f7a9-2f7b-493c-9e25-d3bb14650cb4,images/44f8f7a9-2f7b-493c-9e25-d3bb14650cb4.jpg,matted,human|hair
5f877192-75e6-42c7-904f-95d9e95aa05b,images/5f877192-75e6-42c7-904f-95d9e95aa05b.jpg,paisley,home_furnishing
554fb049-0376-4656-811e-ccac1e52659a,images/554fb049-0376-4656-811e-ccac1e52659a.jpg,waffled,metal|home_furnishing
60af65bc-103f-4718-b1e1-114fa9ba4d60,images/60af65bc-103f-4718-b1e1-114fa9ba4d60.jpg,frilly,clothing|home_furnishing
022af956-c812-4630-b976-ae7edd640458,images/022af956-c812-4630-b976-ae7edd640458.jpg,interlaced,concrete
e234ee09-f346-4ca2-99dc-6e2824234ebd,images/e234ee09-f346-4ca2-99dc-6e2824234ebd.jpg,fibrous,wood
7f902a6a-1420-4daa-9e99-9c71645d6a02,images/7f902a6a-1420-4daa-9e99-9c71645d6a02.jpg,bumpy,rubber
48c49ec3-0d5e-44b5-93b6-f049006652a7,images/48c49ec3-0d5e-44b5-93b6-f049006652a7.jpg,waffled,food
107c7abf-9598-42f7-8698-b758fadd17a1,images/107c7abf-9598-42f7-8698-b758fadd17a1.jpg,blotchy,nature|rock
7c1c234c-ccfd-4c48-9389-4a7330215f67,images/7c1c234c-ccfd-4c48-9389-4a7330215f67.jpg,marbled,painting|wallpaper
805fbdf4-ddaf-42fa-9227-574f7f0e77c1,images/805fbdf4-ddaf-42fa-9227-574f7f0e77c1.jpg,studded,home_furnishing|clothing
a31f13e1-8aa0-464a-9635-1a492c3dc43a,images/a31f13e1-8aa0-464a-9635-1a492c3dc43a.jpg,lacelike,home_furnishing
ed9488df-5820-418c-9c14-26710982e4a3,images/ed9488df-5820-418c-9c14-26710982e4a3.jpg,polka-dotted,home_furnishing|clothing
a444d59a-db73-4acd-bd62-8d059c6682e1,images/a444d59a-db73-4acd-bd62-8d059c6682e1.jpg,bumpy,nature|food
8d4edd11-73dc-4b81-9dc2-5ccf4bc07646,images/8d4edd11-73dc-4b81-9dc2-5ccf4bc07646.jpg,swirly,home_furnishing|clothing
475b39bf-fb65-4233-ad4c-4813df0b55c7,images/475b39bf-fb65-4233-ad4c-4813df0b55c7.jpg,chequered,wallpaper|painting
1df1d127-a87c-4574-ab7a-4beabbb9bbb0,images/1df1d127-a87c-4574-ab7a-4beabbb9bbb0.jpg,honeycombed,concrete|rock
5583c8b9-7c00-42bc-b131-2697e389a0fc,images/5583c8b9-7c00-42bc-b131-2697e389a0fc.jpg,potholed,concrete
040a9271-7008-4165-9244-9f4a61923fed,images/040a9271-7008-4165-9244-9f4a61923fed.jpg,scaly,animal
9297bead-8c6a-4b0a-b8ee-6480728f0ca4,images/9297bead-8c6a-4b0a-b8ee-6480728f0ca4.jpg,stratified,wood
fb8a05f8-0e89-4a60-8728-3cedb0f040ee,images/fb8a05f8-0e89-4a60-8728-3cedb0f040ee.jpg,scaly,animal
302e4eed-e62d-41aa-96a6-77fdef665cee,images/302e4eed-e62d-41aa-96a6-77fdef665cee.jpg,braided,fabric|home_furnishing
ef36f001-6979-4524-ab03-72bbc4724281,images/ef36f001-6979-4524-ab03-72bbc4724281.jpg,veined,nature
c4cab7a2-9690-413d-bcb3-3d46e3e30cc4,images/c4cab7a2-9690-413d-bcb3-3d46e3e30cc4.jpg,swirly,painting|wallpaper
3cc04528-51c6-48c4-909e-3f1fa45116e6,images/3cc04528-51c6-48c4-909e-3f1fa45116e6.jpg,gauzy,home_furnishing|clothing
38abd5f1-532c-4fe5-a080-d8de788593f2,images/38abd5f1-532c-4fe5-a080-d8de788593f2.jpg,veined,painting|wallpaper
adc2b531-38e5-494a-9623-9b04891ce830,images/adc2b531-38e5-494a-9623-9b04891ce830.jpg,gauzy,clothing|home_furnishing
e8699ad0-1691-4111-aa78-5b7fb9aff816,images/e8699ad0-1691-4111-aa78-5b7fb9aff816.jpg,dotted,clothing|home_furnishing
3bd824ea-4377-473f-8d44-8f2d53517fc5,images/3bd824ea-4377-473f-8d44-8f2d53517fc5.jpg,lined,clothing|home_furnishing
c8eb599b-ff28-4781-9861-b5f99e812ed8,images/c8eb599b-ff28-4781-9861-b5f99e812ed8.jpg,sprinkled,home_furnishing|clothing
c42b5b1e-f9e8-4b0d-8734-81593345f324,images/c42b5b1e-f9e8-4b0d-8734-81593345f324.jpg,zigzagged,home_furnishing|clothing
7c4e90f3-5c46-4abb-a321-03ea2695831b,images/7c4e90f3-5c46-4abb-a321-03ea2695831b.jpg,flecked,wallpaper|painting
3e7ec675-c596-467b-a93d-c7d016ce67e4,images/3e7ec675-c596-467b-a93d-c7d016ce67e4.jpg,porous,rock
3630c469-2e33-4f77-93d6-31055da2b3db,images/3630c469-2e33-4f77-93d6-31055da2b3db.jpg,marbled,rock|nature
80c94323-0961-43e0-aa16-1d93f805f1c0,images/80c94323-0961-43e0-aa16-1d93f805f1c0.jpg,spiralled,metal
b4294cd2-5c14-479c-917c-31052bf26b8d,images/b4294cd2-5c14-479c-917c-31052bf26b8d.jpg,grid,wallpaper|painting
f23321e3-b424-4ed1-9cd5-22dcfcac0313,images/f23321e3-b424-4ed1-9cd5-22dcfcac0313.jpg,waffled,food
989f5f27-05f3-41ff-bf51-fed514ed5438,images/989f5f27-05f3-41ff-bf51-fed514ed5438.jpg,pitted,metal
1d8bc675-fac0-4250-a52e-0b24f2bbe7fc,images/1d8bc675-fac0-4250-a52e-0b24f2bbe7fc.jpg,meshed,metal
e971b23c-ef92-4f5c-b6db-b08578d7b972,images/e971b23c-ef92-4f5c-b6db-b08578d7b972.jpg,cobwebbed,nature
3f938ae7-dee5-474b-bd98-5598fcc3df66,images/3f938ae7-dee5-474b-bd98-5598fcc3df66.jpg,interlaced,metal
76284824-b343-423c-8490-9c118e869941,images/76284824-b343-423c-8490-9c118e869941.jpg,knitted,clothing|home_furnishing|fabric
a0709539-3a0f-4b4b-a870-0d8be1a7f0ba,images/a0709539-3a0f-4b4b-a870-0d8be1a7f0ba.jpg,swirly,painting|wallpaper
e23fb13b-38fe-4704-940b-a43591494612,images/e23fb13b-38fe-4704-940b-a43591494612.jpg,crosshatched,clothing|home_furnishing
3f3ee507-dc0c-4b0e-bb90-c3064271eff3,images/3f3ee507-dc0c-4b0e-bb90-c3064271eff3.jpg,paisley,home_furnishing
1191751e-b57e-434a-b9c7-86da93dbab7c,images/1191751e-b57e-434a-b9c7-86da93dbab7c.jpg,marbled,rock|nature
4117ea65-ad09-4141-8d17-471230102745,images/4117ea65-ad09-4141-8d17-471230102745.jpg,scaly,animal
f26614c3-2760-4ce7-8d88-d3552bd9dc5b,images/f26614c3-2760-4ce7-8d88-d3552bd9dc5b.jpg,blotchy,nature|photography
96cdb497-f83d-4201-9a4e-31470e5a7a5f,images/96cdb497-f83d-4201-9a4e-31470e5a7a5f.jpg,banded,fabric|clothing
153b384c-c3dd-4fc0-86f8-0b21e6614e02,images/153b384c-c3dd-4fc0-86f8-0b21e6614e02.jpg,freckled,human
525a9245-20a0-42d2-913e-2936bccc9e15,images/525a9245-20a0-42d2-913e-2936bccc9e15.jpg,interlaced,plastic
0021e1f6-dd6b-4699-b988-22db69698f63,images/0021e1f6-dd6b-4699-b988-22db69698f63.jpg,matted,nature
eb51ce4c-b05d-414d-a3ef-c7b906db0634,images/eb51ce4c-b05d-414d-a3ef-c7b906db0634.jpg,braided,fabric|home_furnishing
6cf2c107-f4b0-4ed0-a220-b55ba4ceb98e,images/6cf2c107-f4b0-4ed0-a220-b55ba4ceb98e.jpg,zigzagged,home_furnishing|clothing
c12fd492-2dc4-4e93-a6b7-cfc20b80312d,images/c12fd492-2dc4-4e93-a6b7-cfc20b80312d.jpg,matted,animal|hair
980a3881-58ce-44b0-829f-3b5fd85761d2,images/980a3881-58ce-44b0-829f-3b5fd85761d2.jpg,cracked,nature
0f6f7794-de9b-4053-8361-8dd027cdc6d3,images/0f6f7794-de9b-4053-8361-8dd027cdc6d3.jpg,porous,rock|nature
4f13421f-504a-49cd-aab3-61db8945b253,images/4f13421f-504a-49cd-aab3-61db8945b253.jpg,dotted,wallpaper|painting
f9d448a3-7f73-416d-aa20-036f6c2895c7,images/f9d448a3-7f73-416d-aa20-036f6c2895c7.jpg,dotted,wallpaper|painting
32ad68ed-ca81-45f9-81ea-116a9022567d,images/32ad68ed-ca81-45f9-81ea-116a9022567d.jpg,smeared,painting|wallpaper
dd073d71-b070-4d94-a970-236befb58351,images/dd073d71-b070-4d94-a970-236befb58351.jpg,striped,animal
5c52c711-e17b-4194-85c7-eeca90fc06eb,images/5c52c711-e17b-4194-85c7-eeca90fc06eb.jpg,bubbly,nature|liquid
1fd3c4fc-5fb8-4a52-b62e-082a32c113d8,images/1fd3c4fc-5fb8-4a52-b62e-082a32c113d8.jpg,paisley,home_furnishing|clothing
dc9112de-078f-4b9e-8c06-9e959d81c4a0,images/dc9112de-078f-4b9e-8c06-9e959d81c4a0.jpg,crystalline,nature|rock
7232d628-2af8-4ae3-9387-1c1b458e5af0,images/7232d628-2af8-4ae3-9387-1c1b458e5af0.jpg,chequered,wallpaper|painting
f5062f03-60da-48b8-8167-55603760ca0b,images/f5062f03-60da-48b8-8167-55603760ca0b.jpg,matted,human|hair
fd222d7a-166e-4093-a118-25bd6394a566,images/fd222d7a-166e-4093-a118-25bd6394a566.jpg,gauzy,home_furnishing|clothing
a393d0ca-37dc-4598-8af2-6c119de17de4,images/a393d0ca-37dc-4598-8af2-6c119de17de4.jpg,striped,animal
14a80324-2925-489f-8b30-7823ae717fce,images/14a80324-2925-489f-8b30-7823ae717fce.jpg,scaly,animal
71c7c60a-c27c-4215-969e-2e316534195e,images/71c7c60a-c27c-4215-969e-2e316534195e.jpg,interlaced,wallpaper|painting
27e7afd0-f005-4761-b654-2fd739b661f7,images/27e7afd0-f005-4761-b654-2fd739b661f7.jpg,woven,painting|wallpaper
bf9b7b08-5e2d-4b64-b227-5e6fc68e3de9,images/bf9b7b08-5e2d-4b64-b227-5e6fc68e3de9.jpg,marbled,rock|nature
d99b8e53-17c0-45e6-a797-0af085087966,images/d99b8e53-17c0-45e6-a797-0af085087966.jpg,marbled,rock|nature
0fc04615-43c1-4fef-83fe-73c068443451,images/0fc04615-43c1-4fef-83fe-73c068443451.jpg,grid,metal
80a4e12f-a03d-4c9e-b576-de1d3904b9b8,images/80a4e12f-a03d-4c9e-b576-de1d3904b9b8.jpg,paisley,home_furnishing
6c6f4121-64ef-47f0-8082-60a1f82aa846,images/6c6f4121-64ef-47f0-8082-60a1f82aa846.jpg,porous,nature|animal
0f062a17-6ff6-4463-93fd-09fb8358524d,images/0f062a17-6ff6-4463-93fd-09fb8358524d.jpg,honeycombed,wallpaper|painting
61b0e215-dac3-4fec-97a6-07734b437169,images/61b0e215-dac3-4fec-97a6-07734b437169.jpg,zigzagged,home_furnishing|clothing|fabric
2b82af4a-0fe5-443c-87d5-184057a54962,images/2b82af4a-0fe5-443c-87d5-184057a54962.jpg,knitted,clothing|home_furnishing|fabric
82ebd96c-fcce-48ce-a50b-d992a497fbc0,images/82ebd96c-fcce-48ce-a50b-d992a497fbc0.jpg,honeycombed,plastic
417f16c0-c25f-41b5-b0aa-c863b0b29963,images/417f16c0-c25f-41b5-b0aa-c863b0b29963.jpg,sprinkled,painting|wallpaper
62388d5a-f20d-4b35-971c-0b992fd92654,images/62388d5a-f20d-4b35-971c-0b992fd92654.jpg,stained,painting|wallpaper
653fd612-6096-4192-a492-2faadc8056b6,images/653fd612-6096-4192-a492-2faadc8056b6.jpg,flecked,clothing|home_furnishing
7ebe15d4-fb49-44d0-9a3e-3d5ec6e9f4d8,images/7ebe15d4-fb49-44d0-9a3e-3d5ec6e9f4d8.jpg,perforated,wood
bfd4ed43-0e2d-4279-b369-eda59e4f26e6,images/bfd4ed43-0e2d-4279-b369-eda59e4f26e6.jpg,crystalline,nature|rock
5f552859-ced5-43e4-9bbf-3576756daa5d,images/5f552859-ced5-43e4-9bbf-3576756daa5d.jpg,swirly,painting|wallpaper
e9b33802-d57e-4357-8567-72ebf1acb7cc,images/e9b33802-d57e-4357-8567-72ebf1acb7cc.jpg,fibrous,wall|wood
a8a5b564-b86e-42a7-ab8a-c6785740698d,images/a8a5b564-b86e-42a7-ab8a-c6785740698d.jpg,waffled,food
745e7273-6339-4049-8956-57460445e247,images/745e7273-6339-4049-8956-57460445e247.jpg,cracked,nature
138bedc7-7905-4257-bcda-cfd220f42aa6,images/138bedc7-7905-4257-bcda-cfd220f42aa6.jpg,paisley,painting
a7b13111-4e8a-425c-ac20-68a6fd2005c0,images/a7b13111-4e8a-425c-ac20-68a6fd2005c0.jpg,wrinkled,metal
a78e129a-dc17-4c34-819a-99ff9efb45ac,images/a78e129a-dc17-4c34-819a-99ff9efb45ac.jpg,bumpy,nature|animal
ec086355-a651-4e51-9550-50d87203d4f4,images/ec086355-a651-4e51-9550-50d87203d4f4.jpg,potholed,concrete
c38b3cdf-307c-4e7b-9cb8-dd423d694ca2,images/c38b3cdf-307c-4e7b-9cb8-dd423d694ca2.jpg,blotchy,fabric|clothing|wallpaper
d114d226-9412-4f5a-8dcb-6ad2bc8c4740,images/d114d226-9412-4f5a-8dcb-6ad2bc8c4740.jpg,freckled,human
bef56bdb-d2cc-4e13-a2d5-919d5ba602c9,images/bef56bdb-d2cc-4e13-a2d5-919d5ba602c9.jpg,waffled,food
8b7ad4c1-90c6-4016-9c6d-c324fe8913fe,images/8b7ad4c1-90c6-4016-9c6d-c324fe8913fe.jpg,paisley,home_furnishing|clothing
2302e99f-93e1-4b47-b92e-fce4930c8545,images/2302e99f-93e1-4b47-b92e-fce4930c8545.jpg,waffled,food
ea3ea9d4-0716-4d4a-806b-b27ce0e2d1c8,images/ea3ea9d4-0716-4d4a-806b-b27ce0e2d1c8.jpg,braided,fabric|home_furnishing
0fade180-b40f-499a-b503-19cfc6372748,images/0fade180-b40f-499a-b503-19cfc6372748.jpg,pitted,rock|nature
a14d1199-23ff-43f7-8113-6bb787691dd5,images/a14d1199-23ff-43f7-8113-6bb787691dd5.jpg,striped,home_furnishing|clothing
1f1171fe-4bb1-404c-b81f-fc3c657d6c1e,images/1f1171fe-4bb1-404c-b81f-fc3c657d6c1e.jpg,grooved,nature
f0c2d74d-8a50-4c2c-b65b-d8770876971b,images/f0c2d74d-8a50-4c2c-b65b-d8770876971b.jpg,wrinkled,paper
46296a4b-afd8-4478-a314-7d15badafd82,images/46296a4b-afd8-4478-a314-7d15badafd82.jpg,cracked,nature
786c5cfe-bef8-4e4f-803a-9eceb7129673,images/786c5cfe-bef8-4e4f-803a-9eceb7129673.jpg,crystalline,nature|rock
f4ccd05d-cf9e-4697-a1a7-f5d0428d43f3,images/f4ccd05d-cf9e-4697-a1a7-f5d0428d43f3.jpg,grooved,plastic
f2d6f543-480a-4265-9173-c7a67abd3848,images/f2d6f543-480a-4265-9173-c7a67abd3848.jpg,potholed,rock|nature
5f4cff4d-db17-4540-bb2e-1ddc5cfef0a5,images/5f4cff4d-db17-4540-bb2e-1ddc5cfef0a5.jpg,lacelike,clothing|home_furnishing
8a0e3bba-7a1e-4bc1-9b4a-0654a26a7662,images/8a0e3bba-7a1e-4bc1-9b4a-0654a26a7662.jpg,waffled,food
bafb3a93-bb93-4541-9fb0-748fc17955ea,images/bafb3a93-bb93-4541-9fb0-748fc17955ea.jpg,interlaced,metal
c0298d80-d70d-49ab-9162-6fc9eeb23c38,images/c0298d80-d70d-49ab-9162-6fc9eeb23c38.jpg,pleated,home_furnishing
5b2e70e2-fef4-46b5-9e87-8a0b91591693,images/5b2e70e2-fef4-46b5-9e87-8a0b91591693.jpg,gauzy,home_furnishing
211f7cb2-3203-4a90-b73f-f9f94405c558,images/211f7cb2-3203-4a90-b73f-f9f94405c558.jpg,zigzagged,home_furnishing|clothing
67c394f9-1131-4b44-b25d-56c476d6998b,images/67c394f9-1131-4b44-b25d-56c476d6998b.jpg,lined,clothing|home_furnishing
1262c599-7e93-44e0-8dd7-ca6dcc0d59dc,images/1262c599-7e93-44e0-8dd7-ca6dcc0d59dc.jpg,lined,clothing|home_furnishing
5640754a-1fd9-4466-a616-c9ef830f7c9a,images/5640754a-1fd9-4466-a616-c9ef830f7c9a.jpg,gauzy,clothing|home_furnishing
d4202aae-19da-403c-8cd0-6af174327fb4,images/d4202aae-19da-403c-8cd0-6af174327fb4.jpg,sprinkled,food
03aa6c05-b128-4ef2-8e5e-36d584138f11,images/03aa6c05-b128-4ef2-8e5e-36d584138f11.jpg,stratified,rock|nature
184f473c-f4ea-489b-8581-57685322224d,images/184f473c-f4ea-489b-8581-57685322224d.jpg,marbled,rock|nature
a24d5ffd-784b-43b6-93a1-e9afa08a3a3c,images/a24d5ffd-784b-43b6-93a1-e9afa08a3a3c.jpg,wrinkled,metal
856fa785-a758-4405-a2a3-8bf4cd17ce8b,images/856fa785-a758-4405-a2a3-8bf4cd17ce8b.jpg,wrinkled,paper
3e10c0ef-81e9-4ee4-a3c3-15b7134bc96e,images/3e10c0ef-81e9-4ee4-a3c3-15b7134bc96e.jpg,pleated,home_furnishing|paper
00982e59-562a-4d4b-b827-c469890d1894,images/00982e59-562a-4d4b-b827-c469890d1894.jpg,smeared,nature
3a674037-432e-4935-a735-18603a5a72ea,images/3a674037-432e-4935-a735-18603a5a72ea.jpg,fibrous,tree|nature
2cdb47a3-8c05-4898-a842-8cb2a3f9cb19,images/2cdb47a3-8c05-4898-a842-8cb2a3f9cb19.jpg,striped,clothing|home_furnishing
c7d5c7d5-3afe-4eaa-9c13-3d95cad87160,images/c7d5c7d5-3afe-4eaa-9c13-3d95cad87160.jpg,crosshatched,clothing|home_furnishing
33dcf885-fbdc-49b8-b778-a1b7012b793f,images/33dcf885-fbdc-49b8-b778-a1b7012b793f.jpg,knitted,clothing|home_furnishing|fabric
26553b3e-0e09-4866-82ee-5c1531cc1025,images/26553b3e-0e09-4866-82ee-5c1531cc1025.jpg,freckled,nature|tree
ad5f8bbd-01ef-45a2-a580-f650191d0190,images/ad5f8bbd-01ef-45a2-a580-f650191d0190.jpg,lined,paper
cfc7fdeb-65a3-4147-a2cb-6a77e58de12e,images/cfc7fdeb-65a3-4147-a2cb-6a77e58de12e.jpg,scaly,home_furnishing
922fde0e-59dd-4f5b-9d07-7d01551c00e5,images/922fde0e-59dd-4f5b-9d07-7d01551c00e5.jpg,striped,home_furnishing|clothing
467a39a8-6d43-40fa-a161-7989420915c0,images/467a39a8-6d43-40fa-a161-7989420915c0.jpg,zigzagged,painting|wallpaper
08d05724-18b3-48f9-8e02-e8c41657968e,images/08d05724-18b3-48f9-8e02-e8c41657968e.jpg,scaly,animal
b844ba39-b369-4cb6-9125-45fd21cfde5e,images/b844ba39-b369-4cb6-9125-45fd21cfde5e.jpg,grid,wood|glass
99af6823-3d2c-4a99-ab1e-9ba705cf4729,images/99af6823-3d2c-4a99-ab1e-9ba705cf4729.jpg,swirly,home_furnishing|clothing
c555264d-b9bd-4d19-832e-282d64e81308,images/c555264d-b9bd-4d19-832e-282d64e81308.jpg,blotchy,nature|ice
781c7745-58c6-47b6-8884-4380dbe83667,images/781c7745-58c6-47b6-8884-4380dbe83667.jpg,bumpy,wood
0f6a5a65-dbc7-4ab6-83f0-cc89cb3d856b,images/0f6a5a65-dbc7-4ab6-83f0-cc89cb3d856b.jpg,polka-dotted,wallpaper|painting
a4230fa3-62d5-4772-8123-5f97db6041f7,images/a4230fa3-62d5-4772-8123-5f97db6041f7.jpg,swirly,painting|wallpaper
ede5538f-a252-48cd-a729-cbaffa6e6db5,images/ede5538f-a252-48cd-a729-cbaffa6e6db5.jpg,porous,food
cfc2ba68-05c4-4569-85f8-f09f90b1a29c,images/cfc2ba68-05c4-4569-85f8-f09f90b1a29c.jpg,veined,nature
9a0084f0-1fca-4cb1-9983-230afe7fac90,images/9a0084f0-1fca-4cb1-9983-230afe7fac90.jpg,cracked,nature|ice
0a9aec25-0938-4b17-b88b-81d5377a5855,images/0a9aec25-0938-4b17-b88b-81d5377a5855.jpg,waffled,food
36e28d4b-6c5f-4b97-b157-ce8c999db811,images/36e28d4b-6c5f-4b97-b157-ce8c999db811.jpg,lacelike,home_furnishing
62d58fc9-7b9f-41db-af60-af7e8ae353b4,images/62d58fc9-7b9f-41db-af60-af7e8ae353b4.jpg,zigzagged,home_furnishing|clothing
ec852e3b-1231-4b0b-acb4-dec3f50d00e3,images/ec852e3b-1231-4b0b-acb4-dec3f50d00e3.jpg,stained,home_furnishing|clothing
e748e030-a273-4707-937e-fc466ddbcbc2,images/e748e030-a273-4707-937e-fc466ddbcbc2.jpg,freckled,nature|animal
d0cd24e6-d9bc-495a-a0be-9ac046061433,images/d0cd24e6-d9bc-495a-a0be-9ac046061433.jpg,lacelike,home_furnishing
0188eb42-b3bf-4547-a8ad-9762c685f2b6,images/0188eb42-b3bf-4547-a8ad-9762c685f2b6.jpg,lacelike,home_furnishing
eef364ed-3f12-437c-a352-4fc8a3476f7c,images/eef364ed-3f12-437c-a352-4fc8a3476f7c.jpg,pleated,home_furnishing
97448833-e159-49ab-8968-6e7598d5bfea,images/97448833-e159-49ab-8968-6e7598d5bfea.jpg,grid,home_furnishing|clothing
5d85100c-7a74-4fd2-b2a4-d7570ac6b9cb,images/5d85100c-7a74-4fd2-b2a4-d7570ac6b9cb.jpg,grooved,wood
1c454d87-5cdd-4718-b999-3349a236bab7,images/1c454d87-5cdd-4718-b999-3349a236bab7.jpg,grid,metal
e3f0809e-bbb6-4133-83ad-dbe91d0f3bb0,images/e3f0809e-bbb6-4133-83ad-dbe91d0f3bb0.jpg,flecked,glass
b088a3ee-f188-4dc5-bbf7-f302d29c1130,images/b088a3ee-f188-4dc5-bbf7-f302d29c1130.jpg,perforated,home_furnishing
cf666eeb-b328-4b30-9c10-cb2e1e5ccc02,images/cf666eeb-b328-4b30-9c10-cb2e1e5ccc02.jpg,crystalline,nature|rock
b2f28edd-9ef1-47c9-8821-62cdbca06dc3,images/b2f28edd-9ef1-47c9-8821-62cdbca06dc3.jpg,frilly,nature
a54d2d58-e97b-4e1c-8dea-7a1d9946d252,images/a54d2d58-e97b-4e1c-8dea-7a1d9946d252.jpg,honeycombed,plastic
4a09e2e7-f962-4fa5-b59b-bea762f21f9b,images/4a09e2e7-f962-4fa5-b59b-bea762f21f9b.jpg,woven,home_furnishing|wood
b08f29c0-eef6-4eaa-bbcf-7a55ce46390d,images/b08f29c0-eef6-4eaa-bbcf-7a55ce46390d.jpg,braided,fabric|home_furnishing
faa67601-0ffe-4193-a898-6c1d34f5ed02,images/faa67601-0ffe-4193-a898-6c1d34f5ed02.jpg,bumpy,wood
07e855f0-d0db-4c98-ac00-87e13d8c811c,images/07e855f0-d0db-4c98-ac00-87e13d8c811c.jpg,scaly,animal
6fa21ff8-b2b5-4ba2-991d-159eaeee01c5,images/6fa21ff8-b2b5-4ba2-991d-159eaeee01c5.jpg,frilly,clothing|home_furnishing
7bf7e148-0f64-47f9-a05e-d3932bd1f28b,images/7bf7e148-0f64-47f9-a05e-d3932bd1f28b.jpg,smeared,human|painting
287fa522-6f49-45b4-aa58-734c6bbe76ec,images/287fa522-6f49-45b4-aa58-734c6bbe76ec.jpg,studded,home_furnishing|clothing
9e684d07-a9ca-43fd-b103-73767f541fe0,images/9e684d07-a9ca-43fd-b103-73767f541fe0.jpg,lined,clothing|home_furnishing
2fb8d990-5bc1-4f1d-83e3-1a0ee8a1b76a,images/2fb8d990-5bc1-4f1d-83e3-1a0ee8a1b76a.jpg,braided,fabric|clothing
83ffaaba-4b11-491b-8da5-cb969a5b81b9,images/83ffaaba-4b11-491b-8da5-cb969a5b81b9.jpg,veined,nature
2c4db44d-be31-4e87-bcfe-15b5096365db,images/2c4db44d-be31-4e87-bcfe-15b5096365db.jpg,frilly,nature|food
b7e03957-59f1-4df3-8bf1-8cbf33b0c980,images/b7e03957-59f1-4df3-8bf1-8cbf33b0c980.jpg,veined,nature
273631e7-eb69-472c-a4bf-9d1cb82b2a0a,images/273631e7-eb69-472c-a4bf-9d1cb82b2a0a.jpg,honeycombed,metal
1e71db3c-8ac2-4658-ae21-d8475118f0f6,images/1e71db3c-8ac2-4658-ae21-d8475118f0f6.jpg,scaly,animal
b7f4a208-1f42-45f8-940e-6ca77c25c15a,images/b7f4a208-1f42-45f8-940e-6ca77c25c15a.jpg,pitted,wall|painting
f3b76459-ef66-4e13-b4f0-1f6519064343,images/f3b76459-ef66-4e13-b4f0-1f6519064343.jpg,waffled,food
313d06ec-fa97-4246-9b26-e0e0b50be0f5,images/313d06ec-fa97-4246-9b26-e0e0b50be0f5.jpg,polka-dotted,home_furnishing|clothing
d2b45663-017c-419e-923d-cea44d2079db,images/d2b45663-017c-419e-923d-cea44d2079db.jpg,fibrous,home_furnishing
d0878554-9dc7-4f5b-b2ac-9708fc787978,images/d0878554-9dc7-4f5b-b2ac-9708fc787978.jpg,porous,rock|nature
5bde16cd-b518-423f-bda4-f1d514d9cb84,images/5bde16cd-b518-423f-bda4-f1d514d9cb84.jpg,crosshatched,painting|wallpaper
a840a419-ed1b-4a6e-890a-f3e8a7437960,images/a840a419-ed1b-4a6e-890a-f3e8a7437960.jpg,studded,metal
d3ced2c4-670b-415b-873a-84441fd93c4d,images/d3ced2c4-670b-415b-873a-84441fd93c4d.jpg,bubbly,nature|liquid
bc1ff60f-4438-4949-80c9-5f21d65b7eb8,images/bc1ff60f-4438-4949-80c9-5f21d65b7eb8.jpg,studded,home_furnishing|clothing
5cd4327e-8d7f-4091-a1d6-7d797942e02d,images/5cd4327e-8d7f-4091-a1d6-7d797942e02d.jpg,porous,concrete
5b413a96-5df2-42f5-b219-09e0e419fb0f,images/5b413a96-5df2-42f5-b219-09e0e419fb0f.jpg,stratified,rock|nature
5a23bedb-a02e-4d03-9dbd-d73b53ec09e0,images/5a23bedb-a02e-4d03-9dbd-d73b53ec09e0.jpg,pleated,home_furnishing|clothing
3d8310c7-fe19-4dcd-b837-4e8a16c95282,images/3d8310c7-fe19-4dcd-b837-4e8a16c95282.jpg,zigzagged,home_furnishing|clothing
f62fcf5a-9fa0-4424-b4e8-4be3ab2ae736,images/f62fcf5a-9fa0-4424-b4e8-4be3ab2ae736.jpg,zigzagged,home_furnishing|clothing
7624f739-43fa-4f8f-a121-c4e5cc1e37e9,images/7624f739-43fa-4f8f-a121-c4e5cc1e37e9.jpg,dotted,clothing|home_furnishing
35bbbb72-0ba5-4c94-aaf9-49c5ff048e08,images/35bbbb72-0ba5-4c94-aaf9-49c5ff048e08.jpg,porous,wallpaper|painting
ee563ef9-c1bc-4b3d-a113-3756ae5610b5,images/ee563ef9-c1bc-4b3d-a113-3756ae5610b5.jpg,freckled,human
22a78f26-b0f8-4a1a-8b46-7e5e4fe3bfec,images/22a78f26-b0f8-4a1a-8b46-7e5e4fe3bfec.jpg,perforated,metal
278500ea-e128-44f1-a8e0-cbf2e2629abd,images/278500ea-e128-44f1-a8e0-cbf2e2629abd.jpg,studded,home_furnishing|clothing
3c4132be-3b88-48bd-9b3d-7fa17c20d68b,images/3c4132be-3b88-48bd-9b3d-7fa17c20d68b.jpg,braided,fabric|home_furnishing
ef1b3fe8-8d0a-4bb3-9763-e5d5e04e3c2e,images/ef1b3fe8-8d0a-4bb3-9763-e5d5e04e3c2e.jpg,smeared,painting|wallpaper
a6df97fa-ae85-4eef-91eb-62050e3a7193,images/a6df97fa-ae85-4eef-91eb-62050e3a7193.jpg,bumpy,nature|food
f3d14f76-47a3-4cae-b41f-7db7e7d20cde,images/f3d14f76-47a3-4cae-b41f-7db7e7d20cde.jpg,smeared,painting|wallpaper
776a5757-1787-422d-8434-7e1e6c5c3356,images/776a5757-1787-422d-8434-7e1e6c5c3356.jpg,crosshatched,clothing|home_furnishing|fabric
ece0b804-975a-427d-9586-ecb4639636dc,images/ece0b804-975a-427d-9586-ecb4639636dc.jpg,meshed,metal
9f28ea93-b454-47cc-810d-b7f5208f59e0,images/9f28ea93-b454-47cc-810d-b7f5208f59e0.jpg,honeycombed,metal
68baa0ad-0dd6-4ac9-b05f-fa24ae30ea0c,images/68baa0ad-0dd6-4ac9-b05f-fa24ae30ea0c.jpg,pitted,food|nature
6e9f3e63-2bf1-4dc7-8494-77999502bce6,images/6e9f3e63-2bf1-4dc7-8494-77999502bce6.jpg,meshed,metal
c99406d1-8b6d-496f-a1c8-fe12fc59d235,images/c99406d1-8b6d-496f-a1c8-fe12fc59d235.jpg,cracked,glass
9f26e6e9-e414-46e7-bfce-b97a2872f101,images/9f26e6e9-e414-46e7-bfce-b97a2872f101.jpg,lined,clothing|home_furnishing
d2d801c0-f860-403d-8d52-23f0074e8f8a,images/d2d801c0-f860-403d-8d52-23f0074e8f8a.jpg,potholed,concrete
a43f2737-dcd3-4943-a1c9-cc5bd3fdabe1,images/a43f2737-dcd3-4943-a1c9-cc5bd3fdabe1.jpg,gauzy,home_furnishing|clothing|fabric
d42f52d8-ca26-4817-b743-61a3637ffc1b,images/d42f52d8-ca26-4817-b743-61a3637ffc1b.jpg,cracked,painting|wallpaper
cf3c30c8-19df-45ac-925f-f7d4916624d8,images/cf3c30c8-19df-45ac-925f-f7d4916624d8.jpg,perforated,home_furnishing
d6be0498-ddca-42a6-b380-a67d3dd872cc,images/d6be0498-ddca-42a6-b380-a67d3dd872cc.jpg,perforated,metal
611013f5-9931-4df0-8ab3-e81fd7a43216,images/611013f5-9931-4df0-8ab3-e81fd7a43216.jpg,perforated,home_furnishing|clothing
29b48ed4-5250-4316-ab03-44c94792729c,images/29b48ed4-5250-4316-ab03-44c94792729c.jpg,pitted,rock|nature
5eeed2df-6412-4581-994c-bd9917fba4d5,images/5eeed2df-6412-4581-994c-bd9917fba4d5.jpg,banded,fabric|clothing|wallpaper
f76ee6a7-a6c2-404e-828f-7a09d7b0b480,images/f76ee6a7-a6c2-404e-828f-7a09d7b0b480.jpg,smeared,painting|wallpaper
618e6919-3b2b-4d00-b41c-af49990c64a8,images/618e6919-3b2b-4d00-b41c-af49990c64a8.jpg,freckled,human
9dca25bd-d861-474b-934b-f1db4600dd93,images/9dca25bd-d861-474b-934b-f1db4600dd93.jpg,meshed,metal
c94af06c-d99e-4fbd-afc0-b7ac6d146e7f,images/c94af06c-d99e-4fbd-afc0-b7ac6d146e7f.jpg,banded,fabric|clothing|wallpaper
5eb14436-af79-4cb7-8de7-fc865d92389e,images/5eb14436-af79-4cb7-8de7-fc865d92389e.jpg,marbled,painting|wallpaper
cc6c29fb-f89c-4ad2-9c67-3f6381d169b1,images/cc6c29fb-f89c-4ad2-9c67-3f6381d169b1.jpg,marbled,rock|nature
2340e88c-29d4-491c-93f4-762f98e321e8,images/2340e88c-29d4-491c-93f4-762f98e321e8.jpg,striped,animal|nature
eca8be43-8964-4f1a-90fe-2a874a526b13,images/eca8be43-8964-4f1a-90fe-2a874a526b13.jpg,wrinkled,paper
bba59f6f-0e0b-42c7-aad3-ceb32be44cc6,images/bba59f6f-0e0b-42c7-aad3-ceb32be44cc6.jpg,zigzagged,home_furnishing|clothing
ca6593e1-1deb-4d90-a92f-e0689e3f56ff,images/ca6593e1-1deb-4d90-a92f-e0689e3f56ff.jpg,sprinkled,food
55d75920-3431-44cc-977c-18eb4e35c609,images/55d75920-3431-44cc-977c-18eb4e35c609.jpg,bubbly,nature|liquid
30a514af-1317-412a-9921-be9f8566fcde,images/30a514af-1317-412a-9921-be9f8566fcde.jpg,lacelike,clothing|home_furnishing
c900fb6a-c12a-4b44-8e3b-44e44e2945fc,images/c900fb6a-c12a-4b44-8e3b-44e44e2945fc.jpg,lined,wallpaper|painting
e4d77054-7aef-4842-936c-7ce6eee77cfb,images/e4d77054-7aef-4842-936c-7ce6eee77cfb.jpg,grooved,wood|nature|tree
23a1607a-9643-4f8b-bb1e-9ed5b1d9fb84,images/23a1607a-9643-4f8b-bb1e-9ed5b1d9fb84.jpg,pitted,rock|nature
9f01e10f-4286-496e-b4d3-fb88357aa93e,images/9f01e10f-4286-496e-b4d3-fb88357aa93e.jpg,cobwebbed,nature
148ca077-f284-450d-a5e7-71036d2935a9,images/148ca077-f284-450d-a5e7-71036d2935a9.jpg,crosshatched,wood|painting
4f128499-128d-4ac5-be1d-12cd960dcf71,images/4f128499-128d-4ac5-be1d-12cd960dcf71.jpg,blotchy,nature
d581e60a-eaae-4680-9dd8-2f301277d831,images/d581e60a-eaae-4680-9dd8-2f301277d831.jpg,crystalline,nature|rock
5ef2295a-f93b-4452-b92c-f5b6e8300ac8,images/5ef2295a-f93b-4452-b92c-f5b6e8300ac8.jpg,gauzy,home_furnishing|clothing
ced76ee2-eb08-4e83-8ded-756e39ae1168,images/ced76ee2-eb08-4e83-8ded-756e39ae1168.jpg,freckled,nature
3f7ecf25-61f3-4f9e-b672-f99d8900733f,images/3f7ecf25-61f3-4f9e-b672-f99d8900733f.jpg,crystalline,nature|rock
d6e63a04-b99a-4193-8293-6416e50491c0,images/d6e63a04-b99a-4193-8293-6416e50491c0.jpg,marbled,rock|nature
3328ab28-a79e-4e1a-9001-c4de1d80ed37,images/3328ab28-a79e-4e1a-9001-c4de1d80ed37.jpg,potholed,concrete
d297b808-2ad3-4c85-bf71-23a050194afd,images/d297b808-2ad3-4c85-bf71-23a050194afd.jpg,waffled,food
89998e21-b234-4432-a8a5-631d334ce60d,images/89998e21-b234-4432-a8a5-631d334ce60d.jpg,grid,metal
ea39b6a8-14df-4f21-adad-3cf9535f4184,images/ea39b6a8-14df-4f21-adad-3cf9535f4184.jpg,stained,metal
a1aa56b7-d6b6-4b55-b2c6-29096d4cd0a6,images/a1aa56b7-d6b6-4b55-b2c6-29096d4cd0a6.jpg,pitted,rock|nature
60b4ed2e-01b2-40df-ba85-47e4d1d84fa7,images/60b4ed2e-01b2-40df-ba85-47e4d1d84fa7.jpg,studded,home_furnishing|clothing
422dbe5c-a400-49a2-93f8-9aa1fc8c7dbc,images/422dbe5c-a400-49a2-93f8-9aa1fc8c7dbc.jpg,perforated,plastic
326b5b59-10f1-4e30-a836-3af97f257c99,images/326b5b59-10f1-4e30-a836-3af97f257c99.jpg,crystalline,nature|rock
c1fce923-e5c8-4476-985d-0059803b1d81,images/c1fce923-e5c8-4476-985d-0059803b1d81.jpg,crosshatched,clothing|home_furnishing
bcdf8aa1-d699-44bc-9bdd-7c10037f0c48,images/bcdf8aa1-d699-44bc-9bdd-7c10037f0c48.jpg,smeared,painting|wallpaper
5aab0c56-682c-4550-8850-1e5330013e15,images/5aab0c56-682c-4550-8850-1e5330013e15.jpg,woven,home_furnishing|wood
dcb32bf3-0e85-48e8-9828-7dd9e5137fc7,images/dcb32bf3-0e85-48e8-9828-7dd9e5137fc7.jpg,stratified,rock|nature
b8108e0f-f23c-4a50-8c6f-5e5afa6a47f1,images/b8108e0f-f23c-4a50-8c6f-5e5afa6a47f1.jpg,studded,home_furnishing|clothing
f42d2858-af73-4974-83ef-6601d170145f,images/f42d2858-af73-4974-83ef-6601d170145f.jpg,spiralled,painting|wallpaper
7f39750c-546d-4b91-9791-93aa5f01ca1c,images/7f39750c-546d-4b91-9791-93aa5f01ca1c.jpg,braided,fabric|clothing|home_furnishing|metal
1cad0249-9cf9-451c-b852-1e50d5c37701,images/1cad0249-9cf9-451c-b852-1e50d5c37701.jpg,sprinkled,food
ec90e367-0b3c-4b09-9534-a57b63695556,images/ec90e367-0b3c-4b09-9534-a57b63695556.jpg,waffled,food
35e37798-1f5c-4907-a818-2bbc75b5ffc3,images/35e37798-1f5c-4907-a818-2bbc75b5ffc3.jpg,crystalline,nature|rock
a8e3b182-75a3-47da-987e-4e375c91a037,images/a8e3b182-75a3-47da-987e-4e375c91a037.jpg,fibrous,nature
088952e5-2e20-4434-a932-516e0dc29dd1,images/088952e5-2e20-4434-a932-516e0dc29dd1.jpg,meshed,metal
e90283b3-7599-4984-ba70-82213a539b4b,images/e90283b3-7599-4984-ba70-82213a539b4b.jpg,wrinkled,paper
cbb53c7c-95ac-453f-9f90-5c73964e3ca2,images/cbb53c7c-95ac-453f-9f90-5c73964e3ca2.jpg,zigzagged,home_furnishing|clothing
c397af6c-8ded-46a0-8660-5aca1185118c,images/c397af6c-8ded-46a0-8660-5aca1185118c.jpg,stratified,rock|nature
cced366e-73a8-49ef-820d-902eddd7c36d,images/cced366e-73a8-49ef-820d-902eddd7c36d.jpg,flecked,clothing|fabric
b401b6a5-0d84-4163-8c6f-bd71399eb4b3,images/b401b6a5-0d84-4163-8c6f-bd71399eb4b3.jpg,flecked,wallpaper|painting
6edcbabe-e7fc-43ba-9ef8-74f37a0a0b52,images/6edcbabe-e7fc-43ba-9ef8-74f37a0a0b52.jpg,sprinkled,food
4bd94151-caf8-4259-b2a2-cf17ea767407,images/4bd94151-caf8-4259-b2a2-cf17ea767407.jpg,freckled,food
1d4b3b69-bfdb-4ed8-a765-f15d857dfc24,images/1d4b3b69-bfdb-4ed8-a765-f15d857dfc24.jpg,frilly,nature
a5765bbd-b20e-4eac-ab0d-4c7e377400ef,images/a5765bbd-b20e-4eac-ab0d-4c7e377400ef.jpg,spiralled,home_furnishing
fc632ebc-74c1-4b37-9c4e-4bde6840d4bf,images/fc632ebc-74c1-4b37-9c4e-4bde6840d4bf.jpg,grooved,wood|painting
bb0ec6d1-9353-476c-b137-dc76506b21c5,images/bb0ec6d1-9353-476c-b137-dc76506b21c5.jpg,flecked,clothing|fabric
544e2f20-0027-479d-920c-bda4cc3a462c,images/544e2f20-0027-479d-920c-bda4cc3a462c.jpg,pleated,home_furnishing|paper
d5fc7c70-dd80-4964-aa09-54010374aa5d,images/d5fc7c70-dd80-4964-aa09-54010374aa5d.jpg,interlaced,metal
fe6b2967-5062-4f8d-86be-d3f30efcd838,images/fe6b2967-5062-4f8d-86be-d3f30efcd838.jpg,crystalline,nature|rock
c1890b76-5153-4622-b4c5-d722ef56f541,images/c1890b76-5153-4622-b4c5-d722ef56f541.jpg,dotted,clothing|home_furnishing
d2cbebc9-4676-4518-85e0-3a5c61e84ec1,images/d2cbebc9-4676-4518-85e0-3a5c61e84ec1.jpg,grooved,wood
70eac732-be86-4bf2-a70f-a001745a2bcf,images/70eac732-be86-4bf2-a70f-a001745a2bcf.jpg,polka-dotted,home_furnishing|clothing
4575a33a-f5ae-4c37-bc02-17dc00684af2,images/4575a33a-f5ae-4c37-bc02-17dc00684af2.jpg,swirly,painting|wallpaper
35334ac2-22ec-4783-b06f-aa03d2cd6c93,images/35334ac2-22ec-4783-b06f-aa03d2cd6c93.jpg,bumpy,nature|food
e573608d-8a1e-4ab4-9166-bd64b6e8c94c,images/e573608d-8a1e-4ab4-9166-bd64b6e8c94c.jpg,cracked,glass
e672c904-a411-40ae-a8cf-3d435753e00b,images/e672c904-a411-40ae-a8cf-3d435753e00b.jpg,veined,nature
0ce224d5-3cc2-4da5-ad91-b72dd79d2965,images/0ce224d5-3cc2-4da5-ad91-b72dd79d2965.jpg,marbled,rock|nature
8955cebb-d017-4a05-a1e9-c68d63735aaa,images/8955cebb-d017-4a05-a1e9-c68d63735aaa.jpg,lined,clothing|home_furnishing
d43198d5-b6dc-44b0-a3e1-0d2731ce5177,images/d43198d5-b6dc-44b0-a3e1-0d2731ce5177.jpg,zigzagged,painting|wallpaper
3deb5d42-4470-4875-b7ea-813f31cffbf6,images/3deb5d42-4470-4875-b7ea-813f31cffbf6.jpg,meshed,metal
e4aac30d-6364-408b-b226-e868f9d90894,images/e4aac30d-6364-408b-b226-e868f9d90894.jpg,lined,painting|wallpaper
8d9cc2c9-369d-4b15-b036-1aad51a14c1c,images/8d9cc2c9-369d-4b15-b036-1aad51a14c1c.jpg,stained,painting|wallpaper
fa97b0f9-decd-4a68-acb6-959bc2796cdd,images/fa97b0f9-decd-4a68-acb6-959bc2796cdd.jpg,polka-dotted,home_furnishing|clothing
d54c6911-6718-4443-a6e5-178408eee7c3,images/d54c6911-6718-4443-a6e5-178408eee7c3.jpg,braided,fabric|home_furnishing
bc29721a-e1ad-4aac-a23b-7a3bde3870a7,images/bc29721a-e1ad-4aac-a23b-7a3bde3870a7.jpg,lined,painting|wallpaper
489aca34-d624-427d-8ca9-f6d17c50c5f8,images/489aca34-d624-427d-8ca9-f6d17c50c5f8.jpg,interlaced,metal
2155edad-4c90-4f8b-a884-b3d8b709625f,images/2155edad-4c90-4f8b-a884-b3d8b709625f.jpg,cobwebbed,nature|ice
b3723785-ef10-4e9c-a4fc-b26ee5b61933,images/b3723785-ef10-4e9c-a4fc-b26ee5b61933.jpg,freckled,nature
5fe44fed-e7a3-44de-9319-7533702282ad,images/5fe44fed-e7a3-44de-9319-7533702282ad.jpg,polka-dotted,home_furnishing|clothing
43320950-3d76-45cf-b9f5-be1182eb27ba,images/43320950-3d76-45cf-b9f5-be1182eb27ba.jpg,bubbly,nature|food|liquid
f3f0788f-e10a-4dd2-94a8-0c018c7aad8e,images/f3f0788f-e10a-4dd2-94a8-0c018c7aad8e.jpg,pleated,home_furnishing|clothing
6651318b-b44d-4ab8-a494-a5bf358c38bf,images/6651318b-b44d-4ab8-a494-a5bf358c38bf.jpg,meshed,metal
56906eac-5801-4a35-9d6a-148c3dd3ad56,images/56906eac-5801-4a35-9d6a-148c3dd3ad56.jpg,grid,metal
9b62590c-7391-496d-b90d-b3cf9854d52b,images/9b62590c-7391-496d-b90d-b3cf9854d52b.jpg,bubbly,nature|liquid
9b4c174f-c889-439a-8c58-9037a5dacd84,images/9b4c174f-c889-439a-8c58-9037a5dacd84.jpg,scaly,home_furnishing|clothing
c6dbd6d9-fa12-4bfc-af77-04c20103d6f4,images/c6dbd6d9-fa12-4bfc-af77-04c20103d6f4.jpg,knitted,clothing|home_furnishing|fabric
903af5bd-2099-4c69-98a8-34ab689eccf9,images/903af5bd-2099-4c69-98a8-34ab689eccf9.jpg,polka-dotted,painting|wallpaper
6124579b-00ee-4cc2-97d8-a0d091970143,images/6124579b-00ee-4cc2-97d8-a0d091970143.jpg,interlaced,clothing|home_furnishing
e23a3ee9-da0a-49de-91ee-bc0467a6642b,images/e23a3ee9-da0a-49de-91ee-bc0467a6642b.jpg,fibrous,tree
9a9e9a3f-7b07-447b-9ccf-1c58c65fb753,images/9a9e9a3f-7b07-447b-9ccf-1c58c65fb753.jpg,stained,painting|wallpaper
1d7cd824-44a6-4e0f-b802-6176962510c2,images/1d7cd824-44a6-4e0f-b802-6176962510c2.jpg,polka-dotted,home_furnishing|clothing
26a6e9ed-34e5-43cf-8ae3-018b18bd71a2,images/26a6e9ed-34e5-43cf-8ae3-018b18bd71a2.jpg,freckled,human
8916b2f0-970d-4f84-9214-50cc8d9f0889,images/8916b2f0-970d-4f84-9214-50cc8d9f0889.jpg,fibrous,home_furnishing|fabric
af5f709e-dd58-461b-b547-703502637a7f,images/af5f709e-dd58-461b-b547-703502637a7f.jpg,braided,human|hair
2b0a42dc-d30a-4d5e-82f3-dba03d466896,images/2b0a42dc-d30a-4d5e-82f3-dba03d466896.jpg,veined,nature|animal
f3221b9a-f072-448f-aafa-4be29b8789f2,images/f3221b9a-f072-448f-aafa-4be29b8789f2.jpg,spiralled,painting|wallpaper
f5e7e014-6f21-4461-85b6-5367df543655,images/f5e7e014-6f21-4461-85b6-5367df543655.jpg,studded,home_furnishing|clothing
43a79e36-6a6b-4dc0-a693-77020ca77ef7,images/43a79e36-6a6b-4dc0-a693-77020ca77ef7.jpg,smeared,painting|wallpaper
1b3d8a9f-29cf-429c-908b-ad97621b4f06,images/1b3d8a9f-29cf-429c-908b-ad97621b4f06.jpg,cobwebbed,nature
92ae985d-db5e-4623-a521-5804808688e9,images/92ae985d-db5e-4623-a521-5804808688e9.jpg,smeared,painting|wallpaper
a65d767d-99bb-49c2-bcfa-b64f73694ee6,images/a65d767d-99bb-49c2-bcfa-b64f73694ee6.jpg,stratified,wood
77a2d85a-1a47-4b1c-b9fa-360e17e4ba4c,images/77a2d85a-1a47-4b1c-b9fa-360e17e4ba4c.jpg,chequered,clothing|home_furnishing|fabric
3009c383-19b4-4fd0-849b-0336dbaec9a2,images/3009c383-19b4-4fd0-849b-0336dbaec9a2.jpg,knitted,clothing|home_furnishing|fabric
4ebe556c-7647-49ab-8676-940f34436e26,images/4ebe556c-7647-49ab-8676-940f34436e26.jpg,paisley,home_furnishing|clothing
f422b4ad-6b90-4049-84e4-a6f7414d592c,images/f422b4ad-6b90-4049-84e4-a6f7414d592c.jpg,zigzagged,home_furnishing
6031a1a3-880d-4577-ad76-8e4a0ead0fb3,images/6031a1a3-880d-4577-ad76-8e4a0ead0fb3.jpg,fibrous,home_furnishing
b5690f5e-fbee-4bbf-8679-aa6002c04a38,images/b5690f5e-fbee-4bbf-8679-aa6002c04a38.jpg,veined,wood|nature
7f7a63ae-4df4-49a2-9648-c4c5ba9ed2e2,images/7f7a63ae-4df4-49a2-9648-c4c5ba9ed2e2.jpg,studded,home_furnishing|clothing
3f50866b-1836-49c2-9d28-700ead1c4e7e,images/3f50866b-1836-49c2-9d28-700ead1c4e7e.jpg,braided,fabric|home_furnishing
1ff8be48-308e-40d4-aac8-c6a3469a419d,images/1ff8be48-308e-40d4-aac8-c6a3469a419d.jpg,bubbly,nature|liquid
8e1d9a07-ee0e-414c-bf8b-4151efed6dc4,images/8e1d9a07-ee0e-414c-bf8b-4151efed6dc4.jpg,grooved,metal
289629b8-2b43-44ae-bbb5-03be6f81a7ec,images/289629b8-2b43-44ae-bbb5-03be6f81a7ec.jpg,honeycombed,wallpaper|painting
90038333-d4b2-4e3e-9cb5-826efd4d5081,images/90038333-d4b2-4e3e-9cb5-826efd4d5081.jpg,bubbly,photography|painting|wallpaper
2ef5d17c-b3dd-4319-a5f1-87d09d35859d,images/2ef5d17c-b3dd-4319-a5f1-87d09d35859d.jpg,wrinkled,paper
35c3c8af-37fa-467a-be8c-b5488482e15a,images/35c3c8af-37fa-467a-be8c-b5488482e15a.jpg,studded,home_furnishing|clothing
0bf2f54e-e2b4-408a-ad85-3cf9e2c15c05,images/0bf2f54e-e2b4-408a-ad85-3cf9e2c15c05.jpg,porous,rock
2ef7972c-8b0c-48e0-9fc6-811ac1d04e80,images/2ef7972c-8b0c-48e0-9fc6-811ac1d04e80.jpg,frilly,nature|food
888f7059-7266-4ec2-bf1f-46b177741989,images/888f7059-7266-4ec2-bf1f-46b177741989.jpg,porous,rock|nature
0d7fcb33-2824-4957-bf8f-e13616c52767,images/0d7fcb33-2824-4957-bf8f-e13616c52767.jpg,lined,wallpaper|painting
473b63ee-2f5a-4a6b-bfa5-4373fe9906b7,images/473b63ee-2f5a-4a6b-bfa5-4373fe9906b7.jpg,frilly,nature
afa57f63-a622-4d2b-baa0-34c0e25886a2,images/afa57f63-a622-4d2b-baa0-34c0e25886a2.jpg,smeared,painting|wallpaper
d95641fa-d84e-4e34-ac3b-5a33fcb25ab2,images/d95641fa-d84e-4e34-ac3b-5a33fcb25ab2.jpg,knitted,clothing|home_furnishing|fabric
8039522a-83e1-4f1e-af96-663b5a54ed59,images/8039522a-83e1-4f1e-af96-663b5a54ed59.jpg,swirly,painting|wallpaper
7315e396-4c95-4c9c-9b2e-42128f6d1157,images/7315e396-4c95-4c9c-9b2e-42128f6d1157.jpg,braided,fabric|clothing|home_furnishing
029569b6-adbe-4d7b-8ff5-241d8f92a649,images/029569b6-adbe-4d7b-8ff5-241d8f92a649.jpg,bubbly,nature|liquid
714cceb4-80f6-42aa-94bf-1eb7c8854a11,images/714cceb4-80f6-42aa-94bf-1eb7c8854a11.jpg,woven,home_furnishing|clothing|fabric
bc85cd8b-49ce-441d-a9f3-d4b56c9644b7,images/bc85cd8b-49ce-441d-a9f3-d4b56c9644b7.jpg,crosshatched,concrete|rock
36551368-5bdb-4449-8284-fab4a742b8d0,images/36551368-5bdb-4449-8284-fab4a742b8d0.jpg,gauzy,clothing|home_furnishing
eed4c141-dd47-4ec0-80a2-823d2bb0789f,images/eed4c141-dd47-4ec0-80a2-823d2bb0789f.jpg,pleated,home_furnishing|clothing
bd88d4c6-abc9-48b5-b605-b1cfd0504d41,images/bd88d4c6-abc9-48b5-b605-b1cfd0504d41.jpg,waffled,food
2a9f173d-8ba0-4370-ac0e-dab9225cb24a,images/2a9f173d-8ba0-4370-ac0e-dab9225cb24a.jpg,grooved,metal
637ea284-7818-48de-ac21-bb72e57b1ff5,images/637ea284-7818-48de-ac21-bb72e57b1ff5.jpg,porous,rock|nature
b1f6076c-79a3-4957-a130-85dd45e58cbf,images/b1f6076c-79a3-4957-a130-85dd45e58cbf.jpg,smeared,painting|wallpaper
a3d05369-ff75-444f-9d7d-ece6e01d4cbf,images/a3d05369-ff75-444f-9d7d-ece6e01d4cbf.jpg,knitted,clothing|home_furnishing|fabric
b192ae11-c361-462f-a672-821088b9bbcd,images/b192ae11-c361-462f-a672-821088b9bbcd.jpg,crystalline,nature|rock
15f990c7-6051-42fb-a512-f12e7839ca0e,images/15f990c7-6051-42fb-a512-f12e7839ca0e.jpg,smeared,painting|wallpaper
cd4da926-e309-4164-b7a3-296550e128f3,images/cd4da926-e309-4164-b7a3-296550e128f3.jpg,honeycombed,plastic
db6acbec-fde9-466e-831a-6f1ba23bb67d,images/db6acbec-fde9-466e-831a-6f1ba23bb67d.jpg,lined,clothing|home_furnishing
502f3f4f-898b-4711-9140-2cf5c015cf97,images/502f3f4f-898b-4711-9140-2cf5c015cf97.jpg,perforated,plastic
eba76d00-aa92-4978-a2ac-ea6a31c05d0f,images/eba76d00-aa92-4978-a2ac-ea6a31c05d0f.jpg,waffled,concrete|rock
af1dd3b9-6bb7-4e7c-babc-07c60741bb05,images/af1dd3b9-6bb7-4e7c-babc-07c60741bb05.jpg,veined,nature
0d3d7c08-ed16-46f9-84ab-21f522c8c1b9,images/0d3d7c08-ed16-46f9-84ab-21f522c8c1b9.jpg,wrinkled,home_furnishing|clothing
57f058c0-869b-4e7b-8fc7-06078586bc6b,images/57f058c0-869b-4e7b-8fc7-06078586bc6b.jpg,cobwebbed,wallpaper|painting
747bb008-e642-4ca2-a212-4b4039828c0f,images/747bb008-e642-4ca2-a212-4b4039828c0f.jpg,lacelike,home_furnishing
04bebc67-2d02-42a5-b5fd-d78ce436943a,images/04bebc67-2d02-42a5-b5fd-d78ce436943a.jpg,bubbly,nature|food|liquid
ca87b498-69a2-4739-847e-d672b6faaa84,images/ca87b498-69a2-4739-847e-d672b6faaa84.jpg,spiralled,wallpaper
6f5cfe7d-09ea-45a4-a534-4d2f17d46239,images/6f5cfe7d-09ea-45a4-a534-4d2f17d46239.jpg,wrinkled,metal
46ba493e-9983-4084-9ffb-ddbbc5c71122,images/46ba493e-9983-4084-9ffb-ddbbc5c71122.jpg,matted,nature
af3374e0-5a58-4a8d-a20b-02dad2c50126,images/af3374e0-5a58-4a8d-a20b-02dad2c50126.jpg,striped,food
30590f11-7bb1-4fa1-9425-e1abc3088943,images/30590f11-7bb1-4fa1-9425-e1abc3088943.jpg,frilly,nature
ccd83dbb-5988-4642-89e7-03754289e30d,images/ccd83dbb-5988-4642-89e7-03754289e30d.jpg,zigzagged,painting|wallpaper
f2a13ab6-76f3-47f6-b559-759b46abed4d,images/f2a13ab6-76f3-47f6-b559-759b46abed4d.jpg,lacelike,home_furnishing
88ecac36-ac6f-4bbf-bb3e-375dd62aad5e,images/88ecac36-ac6f-4bbf-bb3e-375dd62aad5e.jpg,matted,nature
4cfbacc2-7fdf-47ce-aed2-5e8a6f03f5cf,images/4cfbacc2-7fdf-47ce-aed2-5e8a6f03f5cf.jpg,perforated,plastic
0ed26559-c090-4761-a7ad-18ab121f7c15,images/0ed26559-c090-4761-a7ad-18ab121f7c15.jpg,crystalline,nature|rock
9c25ff8a-15b3-4b72-91b8-c9d05089bbf4,images/9c25ff8a-15b3-4b72-91b8-c9d05089bbf4.jpg,bumpy,concrete
9923f25f-1b35-407d-8992-793ab361a200,images/9923f25f-1b35-407d-8992-793ab361a200.jpg,smeared,painting|wallpaper
e4b89444-5bcd-46cd-bd6b-79b00fc414c5,images/e4b89444-5bcd-46cd-bd6b-79b00fc414c5.jpg,fibrous,wood
5baaa1ed-9b9b-4959-9909-75b718510679,images/5baaa1ed-9b9b-4959-9909-75b718510679.jpg,flecked,rock|concrete
126255be-d704-4aae-a6af-24b64eb805fc,images/126255be-d704-4aae-a6af-24b64eb805fc.jpg,striped,clothing|home_furnishing
3ca5e52b-177e-4858-a83e-1df23e2e928a,images/3ca5e52b-177e-4858-a83e-1df23e2e928a.jpg,knitted,clothing|home_furnishing|fabric
ce10c78e-0e2c-42b6-a1b7-2b33099db4c3,images/ce10c78e-0e2c-42b6-a1b7-2b33099db4c3.jpg,smeared,painting|wallpaper
3eabb005-4408-42c4-acb6-81a4d08c74e7,images/3eabb005-4408-42c4-acb6-81a4d08c74e7.jpg,sprinkled,food
4de1e02d-1ff0-495c-a680-b2c576217808,images/4de1e02d-1ff0-495c-a680-b2c576217808.jpg,dotted,clothing|home_furnishing
5cf73d32-408e-4aca-acef-056e8c3ab201,images/5cf73d32-408e-4aca-acef-056e8c3ab201.jpg,chequered,wood|painting
177a9bee-ea5b-43b9-a0b8-7f05f11a7a1c,images/177a9bee-ea5b-43b9-a0b8-7f05f11a7a1c.jpg,cracked,nature|wood|painting
163d9b0c-1808-405e-ac32-3e6e77b38e05,images/163d9b0c-1808-405e-ac32-3e6e77b38e05.jpg,stained,home_furnishing|clothing
2f526c02-100d-47af-a5fd-4c622e5829aa,images/2f526c02-100d-47af-a5fd-4c622e5829aa.jpg,lacelike,home_furnishing
ddb67d67-7b7d-4af2-b0c7-d4565ea4c511,images/ddb67d67-7b7d-4af2-b0c7-d4565ea4c511.jpg,knitted,clothing|home_furnishing|fabric
846ab328-4bc8-4795-a067-3e661c266052,images/846ab328-4bc8-4795-a067-3e661c266052.jpg,studded,home_furnishing|clothing
22eb65c5-d346-4e7c-b754-bd8c2a5dc20e,images/22eb65c5-d346-4e7c-b754-bd8c2a5dc20e.jpg,wrinkled,paper
970f13d0-6083-4073-9d8e-e1408c910463,images/970f13d0-6083-4073-9d8e-e1408c910463.jpg,flecked,nature|rock
b4e7e449-d42d-4536-b2b2-7c2beda3d10c,images/b4e7e449-d42d-4536-b2b2-7c2beda3d10c.jpg,porous,nature
ec404767-e1ed-4bb3-a7dd-1736d6e9a873,images/ec404767-e1ed-4bb3-a7dd-1736d6e9a873.jpg,meshed,fabric
892eca33-919f-4a2b-8147-512ce344ab7a,images/892eca33-919f-4a2b-8147-512ce344ab7a.jpg,pitted,wall
b149b167-24d8-41f7-83fe-b3b8c9826d1e,images/b149b167-24d8-41f7-83fe-b3b8c9826d1e.jpg,porous,concrete
9b9aa4e7-cbf8-4460-bd94-cff362c222a4,images/9b9aa4e7-cbf8-4460-bd94-cff362c222a4.jpg,knitted,clothing|home_furnishing|fabric
c81d8cf7-4585-4767-af85-d8217ce3e730,images/c81d8cf7-4585-4767-af85-d8217ce3e730.jpg,crosshatched,metal
81993158-f2d4-49f7-a065-d601ca8d0a24,images/81993158-f2d4-49f7-a065-d601ca8d0a24.jpg,marbled,rock|nature
4b5f6b99-2d93-4912-b26e-cb868b2bb734,images/4b5f6b99-2d93-4912-b26e-cb868b2bb734.jpg,crosshatched,painting|wallpaper
cf84cdd5-a1ea-4d5e-b5f4-e27fb3fdee04,images/cf84cdd5-a1ea-4d5e-b5f4-e27fb3fdee04.jpg,knitted,clothing|home_furnishing|fabric
ffa14e12-b97f-4cd7-966b-241e98c43aab,images/ffa14e12-b97f-4cd7-966b-241e98c43aab.jpg,flecked,painting|wall
086715f8-fdd4-44f1-b764-7530d3377028,images/086715f8-fdd4-44f1-b764-7530d3377028.jpg,zigzagged,painting|wallpaper
a6b1eb23-95fe-4746-bc4e-9f1facee5d77,images/a6b1eb23-95fe-4746-bc4e-9f1facee5d77.jpg,pleated,home_furnishing|clothing
7e50217e-6545-4542-af12-96586a7422db,images/7e50217e-6545-4542-af12-96586a7422db.jpg,veined,painting|wallpaper
24af74dc-e435-4ef8-a035-b59dc10c9ba8,images/24af74dc-e435-4ef8-a035-b59dc10c9ba8.jpg,woven,home_furnishing|clothing|fabric
813bdad6-51bf-44cc-b300-3a5797decaa6,images/813bdad6-51bf-44cc-b300-3a5797decaa6.jpg,striped,home_furnishing|clothing
366d9fca-87b5-4a92-8da5-024493b1468a,images/366d9fca-87b5-4a92-8da5-024493b1468a.jpg,pitted,rock|nature
3456f2d1-9947-46e1-8cca-a103f9567d62,images/3456f2d1-9947-46e1-8cca-a103f9567d62.jpg,flecked,clothing|fabric
0171bf04-2b11-4314-a230-a3c9c3c61bec,images/0171bf04-2b11-4314-a230-a3c9c3c61bec.jpg,bumpy,rubber
c4725af4-4665-4f5a-bee6-7210f7246ba1,images/c4725af4-4665-4f5a-bee6-7210f7246ba1.jpg,zigzagged,home_furnishing|clothing
3ce5a6ea-4797-4c66-8459-71377feb421f,images/3ce5a6ea-4797-4c66-8459-71377feb421f.jpg,swirly,painting|wallpaper
4512c7b1-1e9a-43d8-8361-f623f7d687b9,images/4512c7b1-1e9a-43d8-8361-f623f7d687b9.jpg,grid,wood
ea8f1b0f-dc2b-4f53-bd99-5a73c21fd3b9,images/ea8f1b0f-dc2b-4f53-bd99-5a73c21fd3b9.jpg,interlaced,metal
6ee7444b-5bd8-4d23-9554-2840907bc360,images/6ee7444b-5bd8-4d23-9554-2840907bc360.jpg,swirly,painting|wallpaper
d0fa0bb9-48db-4b60-81e8-2315ebc75ae6,images/d0fa0bb9-48db-4b60-81e8-2315ebc75ae6.jpg,chequered,wallpaper|painting
758ee5a1-12a8-4708-91f9-63f0438827d1,images/758ee5a1-12a8-4708-91f9-63f0438827d1.jpg,meshed,home_furnishing|fabric
80979e64-0462-4eb2-a64a-d28d06f5e4bb,images/80979e64-0462-4eb2-a64a-d28d06f5e4bb.jpg,knitted,clothing|home_furnishing|fabric
11224f8a-2381-41b4-aabe-20e94d653ccf,images/11224f8a-2381-41b4-aabe-20e94d653ccf.jpg,woven,home_furnishing|clothing|fabric
aa4b5882-e0c3-4813-97ed-62fb6bc38593,images/aa4b5882-e0c3-4813-97ed-62fb6bc38593.jpg,bumpy,nature|tree
225aa5f8-bd34-4787-b4a7-d3cf62f0cd18,images/225aa5f8-bd34-4787-b4a7-d3cf62f0cd18.jpg,swirly,home_furnishing|clothing
61f63b0a-fe84-4c91-8a4f-687a64fb2eea,images/61f63b0a-fe84-4c91-8a4f-687a64fb2eea.jpg,chequered,wallpaper|painting
da58a3ce-1731-4ff7-a567-1550380c4e70,images/da58a3ce-1731-4ff7-a567-1550380c4e70.jpg,woven,home_furnishing|clothing|fabric
0974a14d-186c-4d42-9df3-99b62ebbc693,images/0974a14d-186c-4d42-9df3-99b62ebbc693.jpg,pleated,home_furnishing|clothing
7651036b-26c7-4e65-8d0d-567b9e95c4ca,images/7651036b-26c7-4e65-8d0d-567b9e95c4ca.jpg,gauzy,clothing|home_furnishing
7c25e4fa-e434-49ca-a1a8-9ac90de74989,images/7c25e4fa-e434-49ca-a1a8-9ac90de74989.jpg,studded,home_furnishing|clothing
043ac61b-c28f-450b-92eb-3e8ff7acca6d,images/043ac61b-c28f-450b-92eb-3e8ff7acca6d.jpg,grid,wallpaper
0876d2b7-93e6-47ed-a650-5324292c7002,images/0876d2b7-93e6-47ed-a650-5324292c7002.jpg,veined,nature
92004ae4-3b6a-4efe-b665-05a62b3a99fd,images/92004ae4-3b6a-4efe-b665-05a62b3a99fd.jpg,veined,nature
d6ab4359-f821-4958-be47-60c028964004,images/d6ab4359-f821-4958-be47-60c028964004.jpg,flecked,rock|concrete
5a61f2d9-7de6-4c99-9ff6-a0ab5c144b88,images/5a61f2d9-7de6-4c99-9ff6-a0ab5c144b88.jpg,potholed,concrete
d2048225-03f9-4a48-958b-8dd663d3423a,images/d2048225-03f9-4a48-958b-8dd663d3423a.jpg,bubbly,nature|liquid
97f1f8ad-8f0e-4b03-9350-475be23cb3e3,images/97f1f8ad-8f0e-4b03-9350-475be23cb3e3.jpg,stained,painting|wallpaper
f0376b36-02b0-4287-b014-421f3c9174df,images/f0376b36-02b0-4287-b014-421f3c9174df.jpg,veined,nature
7c4d5bed-b240-4e59-a903-07585b23c75a,images/7c4d5bed-b240-4e59-a903-07585b23c75a.jpg,porous,home_furnishing
ed2d9264-a70f-4b83-8f60-8b7558264b67,images/ed2d9264-a70f-4b83-8f60-8b7558264b67.jpg,stratified,rock|nature
2606f57e-d05b-4580-884a-ac804361cb90,images/2606f57e-d05b-4580-884a-ac804361cb90.jpg,meshed,metal
e059950e-5242-4d5b-bf1f-ec21de8f68cb,images/e059950e-5242-4d5b-bf1f-ec21de8f68cb.jpg,crosshatched,painting|metal
1a614b13-10a1-4058-a638-75816247065a,images/1a614b13-10a1-4058-a638-75816247065a.jpg,pitted,rock|nature
f9bb30f4-409b-43a9-9873-f059fd834e8b,images/f9bb30f4-409b-43a9-9873-f059fd834e8b.jpg,gauzy,home_furnishing|clothing
e7110234-7bcc-4ad5-9d5c-5949de9757f4,images/e7110234-7bcc-4ad5-9d5c-5949de9757f4.jpg,meshed,plastic
61be338d-0bec-4f3e-8843-7901a2b133fa,images/61be338d-0bec-4f3e-8843-7901a2b133fa.jpg,gauzy,home_furnishing|clothing
06dcfecf-82fc-4ec6-b9fa-5d10abd3f0da,images/06dcfecf-82fc-4ec6-b9fa-5d10abd3f0da.jpg,dotted,clothing|home_furnishing
0df67d81-9982-494a-8dc5-f8ffd000e5eb,images/0df67d81-9982-494a-8dc5-f8ffd000e5eb.jpg,swirly,painting|wallpaper
32feb9ba-ec0f-4e90-838d-315a706cbb2a,images/32feb9ba-ec0f-4e90-838d-315a706cbb2a.jpg,interlaced,wall|painting
fd100084-1fed-491c-9b78-37e8b72c7316,images/fd100084-1fed-491c-9b78-37e8b72c7316.jpg,knitted,clothing|home_furnishing|fabric
b62d57cf-ad44-4be9-9b3e-27628b9425b8,images/b62d57cf-ad44-4be9-9b3e-27628b9425b8.jpg,wrinkled,paper
73bd5727-5bf0-419c-95f5-87d33c6d3a70,images/73bd5727-5bf0-419c-95f5-87d33c6d3a70.jpg,pitted,rock|nature
aaad032f-d8c1-47be-b2c6-11b17f1818c3,images/aaad032f-d8c1-47be-b2c6-11b17f1818c3.jpg,polka-dotted,home_furnishing|clothing
8b82e522-d704-4256-8e25-89a544f075c5,images/8b82e522-d704-4256-8e25-89a544f075c5.jpg,crystalline,nature|rock
e73d694f-82d2-46da-979b-5e50e8a9fa56,images/e73d694f-82d2-46da-979b-5e50e8a9fa56.jpg,stratified,rock|nature
7cf4bacf-e063-42c0-bd1e-f0de4e98f336,images/7cf4bacf-e063-42c0-bd1e-f0de4e98f336.jpg,perforated,metal
bf3b891a-7039-4b48-97e7-8ea4c15fb4c6,images/bf3b891a-7039-4b48-97e7-8ea4c15fb4c6.jpg,paisley,home_furnishing|clothing
20d73eb3-4fa9-4991-a0ae-64813a127025,images/20d73eb3-4fa9-4991-a0ae-64813a127025.jpg,stratified,rock|nature
bf3e1b4b-1b69-42f3-b07b-90b6cfc57105,images/bf3e1b4b-1b69-42f3-b07b-90b6cfc57105.jpg,bubbly,nature|food|liquid
5d092d20-1a4f-4068-9670-aba1fe97a706,images/5d092d20-1a4f-4068-9670-aba1fe97a706.jpg,crystalline,nature|rock
7863571c-88ed-4af6-a3c3-228e77f8202f,images/7863571c-88ed-4af6-a3c3-228e77f8202f.jpg,potholed,concrete
32068b01-7747-4a4e-b8d1-7d833173eb2c,images/32068b01-7747-4a4e-b8d1-7d833173eb2c.jpg,lined,paper
28b9b04e-3d50-46c5-b175-f1b377bedef6,images/28b9b04e-3d50-46c5-b175-f1b377bedef6.jpg,wrinkled,home_furnishing|clothing
a41979a4-be70-42e2-b107-e22eb7e60eb0,images/a41979a4-be70-42e2-b107-e22eb7e60eb0.jpg,lacelike,home_furnishing
6f3d89f6-489e-4073-b9f7-3f71446221de,images/6f3d89f6-489e-4073-b9f7-3f71446221de.jpg,porous,concrete
7176c197-3977-41aa-8206-ae4ad4ab0638,images/7176c197-3977-41aa-8206-ae4ad4ab0638.jpg,scaly,animal
8060ccde-e6a1-4dde-97ac-4b062bc66f5c,images/8060ccde-e6a1-4dde-97ac-4b062bc66f5c.jpg,frilly,clothing|home_furnishing
9edd624c-19ca-4214-9407-bcbe316f5082,images/9edd624c-19ca-4214-9407-bcbe316f5082.jpg,fibrous,fabric
bb147270-0dd1-4d52-ad8b-4c0a74bfd82b,images/bb147270-0dd1-4d52-ad8b-4c0a74bfd82b.jpg,scaly,animal
2c8433aa-3e1b-4c65-b468-3b764da905aa,images/2c8433aa-3e1b-4c65-b468-3b764da905aa.jpg,swirly,painting|wallpaper
8ced0e45-c4d0-4058-87ec-cca9af62e9eb,images/8ced0e45-c4d0-4058-87ec-cca9af62e9eb.jpg,crosshatched,painting|wallpaper
56726813-e516-42aa-9beb-b9f75400ad6c,images/56726813-e516-42aa-9beb-b9f75400ad6c.jpg,grooved,metal|painting
a4ead350-1068-446a-b63a-e4de148024b4,images/a4ead350-1068-446a-b63a-e4de148024b4.jpg,matted,home_furnishing
2c5bd69f-0d35-4e64-8613-2d3b03d42cd5,images/2c5bd69f-0d35-4e64-8613-2d3b03d42cd5.jpg,meshed,metal
eeb70ad9-ade2-44c3-87cc-918b3bf3c689,images/eeb70ad9-ade2-44c3-87cc-918b3bf3c689.jpg,crosshatched,painting|wallpaper
74e413bd-6a6d-4b46-85f3-79f69eca1719,images/74e413bd-6a6d-4b46-85f3-79f69eca1719.jpg,paisley,home_furnishing
0b41fff4-a2b9-47dc-a5ab-e53db4cedbc5,images/0b41fff4-a2b9-47dc-a5ab-e53db4cedbc5.jpg,lined,clothing|home_furnishing
263fd941-1c4a-41b0-aa1a-24ce3b55c43a,images/263fd941-1c4a-41b0-aa1a-24ce3b55c43a.jpg,polka-dotted,wallpaper|painting
6a7e38b0-c223-4e9f-8b0c-0fff75607658,images/6a7e38b0-c223-4e9f-8b0c-0fff75607658.jpg,scaly,home_furnishing|clothing
de2b332b-bbe2-4415-b08a-347489e9a466,images/de2b332b-bbe2-4415-b08a-347489e9a466.jpg,blotchy,painting|wallpaper
116fe961-2691-4c09-8cd8-eab3dbf41b25,images/116fe961-2691-4c09-8cd8-eab3dbf41b25.jpg,bubbly,nature|liquid|food
304ee410-b0cd-40f8-8c5f-7ff97d26387a,images/304ee410-b0cd-40f8-8c5f-7ff97d26387a.jpg,marbled,rock|nature
3620e30f-34df-4792-8d65-a1adedd54663,images/3620e30f-34df-4792-8d65-a1adedd54663.jpg,frilly,nature
d85c9d34-9e02-4076-8fd1-8dd4d7fe733d,images/d85c9d34-9e02-4076-8fd1-8dd4d7fe733d.jpg,crystalline,nature|rock
241e6b6f-f596-4060-9618-a50c2f2c9663,images/241e6b6f-f596-4060-9618-a50c2f2c9663.jpg,stained,painting|wallpaper
d976105c-a3d4-47f7-bd99-7de9e60d4d76,images/d976105c-a3d4-47f7-bd99-7de9e60d4d76.jpg,meshed,metal
ddb28375-6bf0-4849-b369-637f46cdc809,images/ddb28375-6bf0-4849-b369-637f46cdc809.jpg,knitted,clothing|home_furnishing|fabric
68d748ff-2870-4df1-af57-08ce9faad1a8,images/68d748ff-2870-4df1-af57-08ce9faad1a8.jpg,cracked,glass
05f4e735-9ca8-4eed-a193-a46ddfe07d92,images/05f4e735-9ca8-4eed-a193-a46ddfe07d92.jpg,swirly,home_furnishing|clothing
2cd6bfd0-bb0d-4d9b-8662-b9865ae0acf8,images/2cd6bfd0-bb0d-4d9b-8662-b9865ae0acf8.jpg,polka-dotted,home_furnishing|clothing
7601fe68-4e4e-422f-90cc-5ca0be531c61,images/7601fe68-4e4e-422f-90cc-5ca0be531c61.jpg,gauzy,home_furnishing
58549ed4-56c4-4a40-93a9-2f8fbbbd6385,images/58549ed4-56c4-4a40-93a9-2f8fbbbd6385.jpg,grooved,home_furnishing|metal
5627cf70-397b-4786-a174-2dd21a8dca00,images/5627cf70-397b-4786-a174-2dd21a8dca00.jpg,banded,fabric|clothing|wallpaper
f5ac97fc-3962-4b1f-8fc9-899acc826c30,images/f5ac97fc-3962-4b1f-8fc9-899acc826c30.jpg,fibrous,home_furnishing|wood
2e02bb3e-596f-4291-95be-e574263a59d7,images/2e02bb3e-596f-4291-95be-e574263a59d7.jpg,fibrous,nature
1e201589-b797-47f6-92bd-1b2c63cc44c8,images/1e201589-b797-47f6-92bd-1b2c63cc44c8.jpg,gauzy,home_furnishing
b43e3a77-c82a-4f5c-acbb-44a82cdcd033,images/b43e3a77-c82a-4f5c-acbb-44a82cdcd033.jpg,zigzagged,home_furnishing|clothing
4ce8c4de-c6d9-4ed9-bdee-7a6be6da6f7b,images/4ce8c4de-c6d9-4ed9-bdee-7a6be6da6f7b.jpg,paisley,home_furnishing|clothing
1973d4d4-f0d4-40c8-8fb0-e337c3519506,images/1973d4d4-f0d4-40c8-8fb0-e337c3519506.jpg,potholed,concrete
624593bd-d9ae-4018-9c54-ae2720962016,images/624593bd-d9ae-4018-9c54-ae2720962016.jpg,pleated,home_furnishing|clothing
901e0ff7-7c9d-4c6c-b1aa-6679ee6b915c,images/901e0ff7-7c9d-4c6c-b1aa-6679ee6b915c.jpg,dotted,wallpaper|painting
9417bf63-b46d-48b1-ad7d-15986347f09a,images/9417bf63-b46d-48b1-ad7d-15986347f09a.jpg,marbled,rock|nature
a12ab980-94da-4eee-8e06-66e04530312e,images/a12ab980-94da-4eee-8e06-66e04530312e.jpg,spiralled,home_furnishing
caf4b0bb-5c94-4868-ab17-ff4298ae586d,images/caf4b0bb-5c94-4868-ab17-ff4298ae586d.jpg,porous,concrete
c427c837-029f-49a2-a095-e520b9d6acf7,images/c427c837-029f-49a2-a095-e520b9d6acf7.jpg,marbled,rock|nature
4d24f34a-5f7a-4cea-b4ac-36176a4860c8,images/4d24f34a-5f7a-4cea-b4ac-36176a4860c8.jpg,spiralled,painting|wallpaper
06577c05-afd9-4291-a263-331914a5cdec,images/06577c05-afd9-4291-a263-331914a5cdec.jpg,cracked,nature
6282e6bc-4d7a-40be-9d0d-56df26c0b934,images/6282e6bc-4d7a-40be-9d0d-56df26c0b934.jpg,interlaced,metal
7674808b-1d5a-4157-ad96-00df33899742,images/7674808b-1d5a-4157-ad96-00df33899742.jpg,veined,home_furnishing|painting
c1c9295c-225d-4dc7-83d4-bc00860b1f33,images/c1c9295c-225d-4dc7-83d4-bc00860b1f33.jpg,crosshatched,painting|wallpaper
5b241ff9-0455-4d07-b312-1054c6a02576,images/5b241ff9-0455-4d07-b312-1054c6a02576.jpg,stratified,rock|nature
7c04d27a-33bd-452c-b628-7ca9c6d94cd5,images/7c04d27a-33bd-452c-b628-7ca9c6d94cd5.jpg,waffled,food
85411375-134a-49f0-891c-0e7cce573244,images/85411375-134a-49f0-891c-0e7cce573244.jpg,cobwebbed,nature
045434ec-1a49-47ae-ba68-adaeb3a48f1a,images/045434ec-1a49-47ae-ba68-adaeb3a48f1a.jpg,banded,fabric|clothing
16a2465f-d6e5-4059-98a6-9c413cfc6d9c,images/16a2465f-d6e5-4059-98a6-9c413cfc6d9c.jpg,polka-dotted,home_furnishing|clothing
c3a1166b-788e-41ab-9593-fa8cb18740e2,images/c3a1166b-788e-41ab-9593-fa8cb18740e2.jpg,perforated,metal
84bcf76d-ad09-4a88-becf-67fbaf3a9404,images/84bcf76d-ad09-4a88-becf-67fbaf3a9404.jpg,bubbly,nature|liquid
8cbd728b-8269-499d-9a05-b4354a851366,images/8cbd728b-8269-499d-9a05-b4354a851366.jpg,dotted,clothing|home_furnishing
93346552-1c1c-4fd9-a363-8dd6f09374e0,images/93346552-1c1c-4fd9-a363-8dd6f09374e0.jpg,studded,home_furnishing|clothing
9fcfa964-5435-479e-a8cd-4179f687e991,images/9fcfa964-5435-479e-a8cd-4179f687e991.jpg,sprinkled,food
6203f1f6-7a69-471a-bad0-5c1edd423c8a,images/6203f1f6-7a69-471a-bad0-5c1edd423c8a.jpg,braided,fabric|home_furnishing
a93f5249-e27d-43c4-bc5b-fdb91e095f63,images/a93f5249-e27d-43c4-bc5b-fdb91e095f63.jpg,marbled,rock|nature
31a0cbba-ba3f-4824-b80a-7c1614540846,images/31a0cbba-ba3f-4824-b80a-7c1614540846.jpg,pleated,home_furnishing|clothing
78a9f2f2-d15b-4dad-9815-223fa8f0cb61,images/78a9f2f2-d15b-4dad-9815-223fa8f0cb61.jpg,crosshatched,clothing|home_furnishing
28cbb881-763e-4743-89d7-e30c24c27abb,images/28cbb881-763e-4743-89d7-e30c24c27abb.jpg,banded,fabric|clothing|wallpaper
167f2ac0-3ac1-466c-83aa-4cf0a3c46218,images/167f2ac0-3ac1-466c-83aa-4cf0a3c46218.jpg,grid,wallpaper|painting
d27e615d-7e17-4a40-a503-54f79b02e368,images/d27e615d-7e17-4a40-a503-54f79b02e368.jpg,honeycombed,wallpaper|painting
c56460db-ac34-4035-8465-326fa60227c3,images/c56460db-ac34-4035-8465-326fa60227c3.jpg,sprinkled,food
95f79c23-d7e6-4ecb-a997-a641295a8268,images/95f79c23-d7e6-4ecb-a997-a641295a8268.jpg,potholed,concrete|rock
0bbfc7e0-80e3-4a48-bd48-0a77f13afd81,images/0bbfc7e0-80e3-4a48-bd48-0a77f13afd81.jpg,frilly,nature
945afedd-7b75-4de9-8a54-ed0b3526ee81,images/945afedd-7b75-4de9-8a54-ed0b3526ee81.jpg,scaly,metal
c8fdee81-1bc4-438d-be31-dbfdc538118f,images/c8fdee81-1bc4-438d-be31-dbfdc538118f.jpg,fibrous,nature
9466885e-3546-42ce-a683-c4f2c0f7c190,images/9466885e-3546-42ce-a683-c4f2c0f7c190.jpg,interlaced,wall|painting
233f8ff2-3063-4d26-8a11-2ce1f5d8eb2c,images/233f8ff2-3063-4d26-8a11-2ce1f5d8eb2c.jpg,cobwebbed,nature
eca6ebc7-45c3-4837-9b17-4cd7bce69591,images/eca6ebc7-45c3-4837-9b17-4cd7bce69591.jpg,freckled,food
b5f65e45-87fc-442e-8053-0619a3b5e52a,images/b5f65e45-87fc-442e-8053-0619a3b5e52a.jpg,polka-dotted,wallpaper|painting
9c14b78e-8f92-4788-9d40-b2e4e5911f10,images/9c14b78e-8f92-4788-9d40-b2e4e5911f10.jpg,braided,fabric|home_furnishing
f8e6a959-8ebe-4f40-ad3b-0e9e01d6bce8,images/f8e6a959-8ebe-4f40-ad3b-0e9e01d6bce8.jpg,smeared,painting|wallpaper
fd3a2a49-26b3-4c8e-beb4-cf531262c66b,images/fd3a2a49-26b3-4c8e-beb4-cf531262c66b.jpg,scaly,home_furnishing|clothing
2bfbe5cb-c983-4438-a4a0-2e74c65a4796,images/2bfbe5cb-c983-4438-a4a0-2e74c65a4796.jpg,bumpy,photography|painting|wallpaper
874b2460-1a16-438d-b0d1-c237d34f35e7,images/874b2460-1a16-438d-b0d1-c237d34f35e7.jpg,smeared,painting|wallpaper
21f93fc2-2536-42b6-9b74-6b8ae0b48b0b,images/21f93fc2-2536-42b6-9b74-6b8ae0b48b0b.jpg,crosshatched,painting|wallpaper
94d33fbd-371d-4e57-9f16-ceddab24dc86,images/94d33fbd-371d-4e57-9f16-ceddab24dc86.jpg,knitted,clothing|home_furnishing|fabric
2930326a-1efe-4a51-abae-05664a86e5da,images/2930326a-1efe-4a51-abae-05664a86e5da.jpg,scaly,animal
be9d2755-582c-4021-a2ea-643420e665b5,images/be9d2755-582c-4021-a2ea-643420e665b5.jpg,marbled,rock|nature
19545971-4ed2-486e-a57e-5602fed1a33f,images/19545971-4ed2-486e-a57e-5602fed1a33f.jpg,crosshatched,painting|wallpaper
97aaf50e-c35a-4b1e-ab69-5b95d3556804,images/97aaf50e-c35a-4b1e-ab69-5b95d3556804.jpg,grid,metal
4b1b4b73-daf1-4e3f-a1f5-abdb098a0868,images/4b1b4b73-daf1-4e3f-a1f5-abdb098a0868.jpg,pleated,home_furnishing
43aae812-a119-4527-ba49-55bb29d173ba,images/43aae812-a119-4527-ba49-55bb29d173ba.jpg,bumpy,concrete
0f8abd41-ec2b-47af-b338-62ccdd183080,images/0f8abd41-ec2b-47af-b338-62ccdd183080.jpg,braided,human|hair
913db2ac-42a0-430b-92fe-a93b49683c42,images/913db2ac-42a0-430b-92fe-a93b49683c42.jpg,pleated,home_furnishing|paper
684fbf5a-b831-4c2e-ab5d-68c4f6090af2,images/684fbf5a-b831-4c2e-ab5d-68c4f6090af2.jpg,braided,fabric|home_furnishing
95dfcfa2-7fa7-4111-918d-c91cbe33a1d5,images/95dfcfa2-7fa7-4111-918d-c91cbe33a1d5.jpg,fibrous,home_furnishing
cc747ced-e801-4ca3-a0bc-2ff18c79a3fa,images/cc747ced-e801-4ca3-a0bc-2ff18c79a3fa.jpg,frilly,clothing|home_furnishing
f4870bc1-9502-44e6-9f29-df793646a71c,images/f4870bc1-9502-44e6-9f29-df793646a71c.jpg,lacelike,home_furnishing
2e8e63c7-a062-44b5-b69e-235b44f9aa6c,images/2e8e63c7-a062-44b5-b69e-235b44f9aa6c.jpg,swirly,food
94d7c14e-4f4e-4b2d-980a-df2370bca803,images/94d7c14e-4f4e-4b2d-980a-df2370bca803.jpg,banded,fabric|clothing
909cfbcf-9408-41a5-9062-2f7d1e10e007,images/909cfbcf-9408-41a5-9062-2f7d1e10e007.jpg,striped,home_furnishing|clothing
f362092b-0443-42ae-9594-6524a3f5659c,images/f362092b-0443-42ae-9594-6524a3f5659c.jpg,frilly,clothing|home_furnishing
0798fbfc-2c13-4eb0-a1a3-3201c170ac30,images/0798fbfc-2c13-4eb0-a1a3-3201c170ac30.jpg,dotted,clothing|home_furnishing
712ed2ce-cf52-4fcc-9278-0c6dd924cf38,images/712ed2ce-cf52-4fcc-9278-0c6dd924cf38.jpg,grooved,wood
eb0caa1b-1411-49eb-9519-0d287af8cd65,images/eb0caa1b-1411-49eb-9519-0d287af8cd65.jpg,cracked,nature
409ddef3-d496-490a-b3ef-9f04b480637d,images/409ddef3-d496-490a-b3ef-9f04b480637d.jpg,stratified,rock|nature
baeec317-9a50-4eff-9dc2-7b4345551627,images/baeec317-9a50-4eff-9dc2-7b4345551627.jpg,knitted,clothing|home_furnishing|fabric
008485d0-e84f-4e3b-b713-7e662a4df04f,images/008485d0-e84f-4e3b-b713-7e662a4df04f.jpg,bubbly,nature|food
ea39b577-502d-49ab-961f-a0c40c189dc6,images/ea39b577-502d-49ab-961f-a0c40c189dc6.jpg,bubbly,nature|liquid
73b6309c-c0f7-4df6-b856-af9568750921,images/73b6309c-c0f7-4df6-b856-af9568750921.jpg,banded,fabric|clothing|wallpaper
49dcce10-ee12-4d13-bc38-0805f7f5f597,images/49dcce10-ee12-4d13-bc38-0805f7f5f597.jpg,stratified,rock|nature
c22ca3eb-4bc1-4798-b904-0a8b561cad68,images/c22ca3eb-4bc1-4798-b904-0a8b561cad68.jpg,lined,home_furnishing
2a611c45-8b2b-4766-b2cb-50d204280aab,images/2a611c45-8b2b-4766-b2cb-50d204280aab.jpg,spiralled,home_furnishing
41d1085c-4197-4348-a3a6-f33415937497,images/41d1085c-4197-4348-a3a6-f33415937497.jpg,cracked,concrete
d613a94c-37f8-4806-8325-d11d5fd4783d,images/d613a94c-37f8-4806-8325-d11d5fd4783d.jpg,interlaced,metal
5615d7e7-b351-4b06-a348-69fad9cd292a,images/5615d7e7-b351-4b06-a348-69fad9cd292a.jpg,perforated,painting|wallpaper
df9870e5-812c-4320-af17-faff5a2d1a46,images/df9870e5-812c-4320-af17-faff5a2d1a46.jpg,frilly,clothing|home_furnishing
2869084d-bea7-49a5-a769-18958d5c5d18,images/2869084d-bea7-49a5-a769-18958d5c5d18.jpg,scaly,painting|wallpaper
e4b2eca3-7fe5-41ef-90a4-1bb7f120b65c,images/e4b2eca3-7fe5-41ef-90a4-1bb7f120b65c.jpg,dotted,wallpaper|painting
3ab44978-e8d1-48e6-abed-efa2679b8af8,images/3ab44978-e8d1-48e6-abed-efa2679b8af8.jpg,marbled,rock|nature
654bc201-a8e9-4873-a094-5ef84ef8b0ed,images/654bc201-a8e9-4873-a094-5ef84ef8b0ed.jpg,lacelike,painting|wallpaper
085c766e-5d0f-4ee9-8c5f-92c5bff207fc,images/085c766e-5d0f-4ee9-8c5f-92c5bff207fc.jpg,perforated,metal
5fb5a78a-7b2e-4b41-953f-0f3767403322,images/5fb5a78a-7b2e-4b41-953f-0f3767403322.jpg,meshed,metal
4e183101-90e8-418e-85d9-758e38eb076e,images/4e183101-90e8-418e-85d9-758e38eb076e.jpg,interlaced,painting|wallpaper
29eebaa9-d219-4741-831d-08dccc7d6c8a,images/29eebaa9-d219-4741-831d-08dccc7d6c8a.jpg,studded,home_furnishing|clothing
094df478-f923-4132-b117-619dee864c7b,images/094df478-f923-4132-b117-619dee864c7b.jpg,grooved,plastic
ac9f7d1c-9584-4391-b45d-fd39fc8f3b2d,images/ac9f7d1c-9584-4391-b45d-fd39fc8f3b2d.jpg,woven,home_furnishing|wood
846f8f55-6ed5-413c-b327-ad0d48e1502a,images/846f8f55-6ed5-413c-b327-ad0d48e1502a.jpg,potholed,concrete
143a6fdf-511b-4c52-83b6-b39f64fb106a,images/143a6fdf-511b-4c52-83b6-b39f64fb106a.jpg,stained,home_furnishing
b909a16c-6ea0-49b6-a171-e2fb3705804c,images/b909a16c-6ea0-49b6-a171-e2fb3705804c.jpg,perforated,plastic
aed4fb20-8abc-49ef-9bbc-a35cf3dcea23,images/aed4fb20-8abc-49ef-9bbc-a35cf3dcea23.jpg,zigzagged,painting|wall
d846e7e3-a4b6-4341-a01e-ca9499e90106,images/d846e7e3-a4b6-4341-a01e-ca9499e90106.jpg,interlaced,wallpaper|painting
d41c4f0e-1728-4764-ae97-679f36b3ab4c,images/d41c4f0e-1728-4764-ae97-679f36b3ab4c.jpg,cobwebbed,food
60e3d597-e684-44de-8049-3145014bad6d,images/60e3d597-e684-44de-8049-3145014bad6d.jpg,zigzagged,home_furnishing|clothing
7fd4652a-e216-4b79-8944-2f5a7dba4cc7,images/7fd4652a-e216-4b79-8944-2f5a7dba4cc7.jpg,blotchy,nature|tree
d4909c0f-d5c3-4f00-a7c8-8e31d2a14aee,images/d4909c0f-d5c3-4f00-a7c8-8e31d2a14aee.jpg,flecked,clothing|fabric
d8d3da24-fdb4-4d6a-8b8b-bb3c7de3e086,images/d8d3da24-fdb4-4d6a-8b8b-bb3c7de3e086.jpg,smeared,painting|wallpaper
341dcc08-5b3a-447d-8534-3ee2ab186cd1,images/341dcc08-5b3a-447d-8534-3ee2ab186cd1.jpg,porous,rock|nature
d0b87283-dd2e-41cf-b32d-447ddf7c9a41,images/d0b87283-dd2e-41cf-b32d-447ddf7c9a41.jpg,fibrous,nature
ff0cce25-b71b-4f22-a72a-655f1684f863,images/ff0cce25-b71b-4f22-a72a-655f1684f863.jpg,matted,human|hair
3627f343-9cc4-4640-8eca-76d5c958141c,images/3627f343-9cc4-4640-8eca-76d5c958141c.jpg,flecked,clothing
655aca88-5773-4424-a52e-2891e8d2a7c6,images/655aca88-5773-4424-a52e-2891e8d2a7c6.jpg,bubbly,nature|liquid
a784dd74-2419-4fd3-a22a-3c16e8e8444a,images/a784dd74-2419-4fd3-a22a-3c16e8e8444a.jpg,woven,home_furnishing|clothing
bab2e8f1-9269-4f60-a0ea-99469babccae,images/bab2e8f1-9269-4f60-a0ea-99469babccae.jpg,knitted,clothing|home_furnishing|fabric
6e6c7dfa-d2b4-48df-9cc5-632374927dd4,images/6e6c7dfa-d2b4-48df-9cc5-632374927dd4.jpg,bumpy,metal
a756d7c2-525f-4cc1-b092-78ddb79ec952,images/a756d7c2-525f-4cc1-b092-78ddb79ec952.jpg,bubbly,photography|painting|wallpaper
e2911224-4cac-4f9f-8c9a-1a1e6f02c1f5,images/e2911224-4cac-4f9f-8c9a-1a1e6f02c1f5.jpg,crosshatched,clothing|home_furnishing
0236e1ab-39f0-462b-970d-af1fbfe9f825,images/0236e1ab-39f0-462b-970d-af1fbfe9f825.jpg,smeared,painting|wallpaper
361d7f22-c17b-4fc1-a63b-209cefb25328,images/361d7f22-c17b-4fc1-a63b-209cefb25328.jpg,studded,home_furnishing|clothing
f7e76989-6a16-457b-809d-e90a284bae1e,images/f7e76989-6a16-457b-809d-e90a284bae1e.jpg,waffled,food
1a67ae01-9b96-426a-8d1d-c4c5e647994e,images/1a67ae01-9b96-426a-8d1d-c4c5e647994e.jpg,perforated,plastic
7a9472b7-cac7-4fb2-95d7-fa3b3b3130e8,images/7a9472b7-cac7-4fb2-95d7-fa3b3b3130e8.jpg,paisley,home_furnishing|clothing
610436de-30f7-4b68-8b0c-f5d13937bef4,images/610436de-30f7-4b68-8b0c-f5d13937bef4.jpg,waffled,food
37649416-6254-413c-98c8-3f5f8dedb77d,images/37649416-6254-413c-98c8-3f5f8dedb77d.jpg,potholed,rock|nature
a256b469-42d6-41c8-b470-e5a6a60211fd,images/a256b469-42d6-41c8-b470-e5a6a60211fd.jpg,dotted,wallpaper|painting
95826425-85c0-461e-a148-12ac39771fcb,images/95826425-85c0-461e-a148-12ac39771fcb.jpg,lined,painting|wallpaper
abe1c363-93d2-4287-95c3-e0628d49ab99,images/abe1c363-93d2-4287-95c3-e0628d49ab99.jpg,polka-dotted,home_furnishing|clothing
7286e454-b8e2-4819-bb3f-317666b0b2fa,images/7286e454-b8e2-4819-bb3f-317666b0b2fa.jpg,pitted,metal
14beaf1d-d8c3-49a4-a4b0-efc1cc234eee,images/14beaf1d-d8c3-49a4-a4b0-efc1cc234eee.jpg,interlaced,clothing|home_furnishing|fabric
9fef15aa-e986-486b-8f94-8cb79dc13f15,images/9fef15aa-e986-486b-8f94-8cb79dc13f15.jpg,pitted,wall
696fcb7c-1165-4586-ae38-97e689207adf,images/696fcb7c-1165-4586-ae38-97e689207adf.jpg,porous,rock
95135dbd-8412-4251-8963-3cc825031b37,images/95135dbd-8412-4251-8963-3cc825031b37.jpg,smeared,painting|wallpaper
a70a74d2-f066-4fdf-9054-8dfaca1ee7fa,images/a70a74d2-f066-4fdf-9054-8dfaca1ee7fa.jpg,marbled,rock|nature
9efa058e-90df-4a70-9206-40a6b9d839c7,images/9efa058e-90df-4a70-9206-40a6b9d839c7.jpg,paisley,home_furnishing|clothing
75752850-c34b-4c1a-a6aa-a10650b0b8f0,images/75752850-c34b-4c1a-a6aa-a10650b0b8f0.jpg,fibrous,home_furnishing
da3a2ca9-2e4f-490e-8e53-0fc74c5a8d63,images/da3a2ca9-2e4f-490e-8e53-0fc74c5a8d63.jpg,lined,clothing|home_furnishing
54118b36-7c59-46dd-963e-5a2a111f3627,images/54118b36-7c59-46dd-963e-5a2a111f3627.jpg,paisley,home_furnishing
2cf1ca3e-cc3a-4c05-afdf-e45099f38a05,images/2cf1ca3e-cc3a-4c05-afdf-e45099f38a05.jpg,lacelike,home_furnishing
6a3e1955-1b8a-4ed6-a312-05caafc19169,images/6a3e1955-1b8a-4ed6-a312-05caafc19169.jpg,crosshatched,clothing|home_furnishing
78cc1c4b-ad88-42db-86a3-5ccf9f5b25ee,images/78cc1c4b-ad88-42db-86a3-5ccf9f5b25ee.jpg,smeared,painting|wallpaper
26276ace-a5cf-4f47-8e2f-a99f54cbbf9e,images/26276ace-a5cf-4f47-8e2f-a99f54cbbf9e.jpg,wrinkled,metal
128d010d-7497-4dc3-afa9-0751cbea948a,images/128d010d-7497-4dc3-afa9-0751cbea948a.jpg,perforated,metal
e4b6043b-a3d5-4f05-ab1b-cf7df4c2e4c5,images/e4b6043b-a3d5-4f05-ab1b-cf7df4c2e4c5.jpg,pleated,home_furnishing
f0d94bd4-9a87-4cee-887e-9be34098cd9b,images/f0d94bd4-9a87-4cee-887e-9be34098cd9b.jpg,banded,fabric|clothing|wallpaper
4544d959-f945-45c9-9de7-7b4f93360df1,images/4544d959-f945-45c9-9de7-7b4f93360df1.jpg,frilly,nature
c77a37d5-7dd4-4517-92cf-d231877de2f1,images/c77a37d5-7dd4-4517-92cf-d231877de2f1.jpg,veined,wood
8cbc4746-8ee7-42e1-926f-aa2e936c8623,images/8cbc4746-8ee7-42e1-926f-aa2e936c8623.jpg,dotted,clothing|home_furnishing
a25f0c7e-8bb3-4ec1-b4ff-521ba8102115,images/a25f0c7e-8bb3-4ec1-b4ff-521ba8102115.jpg,porous,rock|nature
b4a28082-11e8-4e2e-ae0c-a293b0fb38c5,images/b4a28082-11e8-4e2e-ae0c-a293b0fb38c5.jpg,crosshatched,clothing|home_furnishing
5045f851-c3aa-4a51-ab28-fe53ca4a1d23,images/5045f851-c3aa-4a51-ab28-fe53ca4a1d23.jpg,studded,home_furnishing|clothing
d7805687-e4eb-4f1b-a8fa-1828eae411ec,images/d7805687-e4eb-4f1b-a8fa-1828eae411ec.jpg,fibrous,home_furnishing
865dae60-60d2-4437-abfb-1b00d51f94b2,images/865dae60-60d2-4437-abfb-1b00d51f94b2.jpg,scaly,animal
0a17f574-c8b5-4d86-8ab7-fe3cc9f960b0,images/0a17f574-c8b5-4d86-8ab7-fe3cc9f960b0.jpg,smeared,painting|wallpaper
82ef730a-ab1d-4e0d-9653-7290c6f2789f,images/82ef730a-ab1d-4e0d-9653-7290c6f2789f.jpg,interlaced,metal
02c70bb2-a26e-424e-b665-55a5d42c8934,images/02c70bb2-a26e-424e-b665-55a5d42c8934.jpg,smeared,painting|wallpaper
6dfee361-3e6e-431c-8a54-8f00879f5c66,images/6dfee361-3e6e-431c-8a54-8f00879f5c66.jpg,striped,animal
97623b5c-f634-4679-9952-4eec116a5bd0,images/97623b5c-f634-4679-9952-4eec116a5bd0.jpg,crosshatched,painting|wallpaper
fa16f1da-bda0-4844-b59c-5986299558fd,images/fa16f1da-bda0-4844-b59c-5986299558fd.jpg,gauzy,home_furnishing|clothing
bdb7c113-c287-4143-bda8-f9845a9214ef,images/bdb7c113-c287-4143-bda8-f9845a9214ef.jpg,stained,painting|wallpaper
54ab17ae-c7ba-446d-88ab-177c0f2206c4,images/54ab17ae-c7ba-446d-88ab-177c0f2206c4.jpg,pleated,home_furnishing|clothing
90f40ce9-0632-4748-b7ec-12767743fbb1,images/90f40ce9-0632-4748-b7ec-12767743fbb1.jpg,bumpy,rubber
1e03358d-0d5e-43a9-b8e6-aa5106041d0d,images/1e03358d-0d5e-43a9-b8e6-aa5106041d0d.jpg,sprinkled,painting|wallpaper
82de1137-5f7d-4e42-91f5-054bec5afc87,images/82de1137-5f7d-4e42-91f5-054bec5afc87.jpg,sprinkled,food
28908ab4-a45b-490f-877e-15d93ecfa69c,images/28908ab4-a45b-490f-877e-15d93ecfa69c.jpg,swirly,painting|wallpaper
d62d814d-ee21-497f-8d03-6d81f72abeea,images/d62d814d-ee21-497f-8d03-6d81f72abeea.jpg,perforated,metal
de33cf47-444f-4259-b6b6-32760605a77d,images/de33cf47-444f-4259-b6b6-32760605a77d.jpg,cracked,nature
428ca840-5bb6-44ea-944a-a21fae1f5c46,images/428ca840-5bb6-44ea-944a-a21fae1f5c46.jpg,studded,home_furnishing|clothing
cfb1d1dc-94ca-44c7-a136-05bff3d0c9e0,images/cfb1d1dc-94ca-44c7-a136-05bff3d0c9e0.jpg,wrinkled,paper
8038ef63-64cc-4caf-a229-58cf431c1fe7,images/8038ef63-64cc-4caf-a229-58cf431c1fe7.jpg,scaly,animal
3d2fb94b-3f5f-4c1c-9ec5-be8094c22657,images/3d2fb94b-3f5f-4c1c-9ec5-be8094c22657.jpg,sprinkled,food
f6352c72-70d5-448e-931c-1ed7fe7ab9a6,images/f6352c72-70d5-448e-931c-1ed7fe7ab9a6.jpg,fibrous,rock|nature
728f6ec0-7f50-41b4-a0d7-535fe497d9c9,images/728f6ec0-7f50-41b4-a0d7-535fe497d9c9.jpg,smeared,painting|wallpaper
3c443098-d63c-472d-944c-9c0f098a7b92,images/3c443098-d63c-472d-944c-9c0f098a7b92.jpg,knitted,clothing|home_furnishing|fabric
891aba79-5a11-444a-b433-dbc4c0994325,images/891aba79-5a11-444a-b433-dbc4c0994325.jpg,honeycombed,home_furnishing
88698bf2-d725-4cbf-9dab-532c1ccf8ee7,images/88698bf2-d725-4cbf-9dab-532c1ccf8ee7.jpg,veined,nature
9dbdcfb5-bc79-444a-accf-463b0fdba833,images/9dbdcfb5-bc79-444a-accf-463b0fdba833.jpg,swirly,food
5cde6416-3d64-4a05-988b-c364a109788d,images/5cde6416-3d64-4a05-988b-c364a109788d.jpg,paisley,home_furnishing|clothing
2e3457fe-f45a-4987-9bcd-e75cd4e21f02,images/2e3457fe-f45a-4987-9bcd-e75cd4e21f02.jpg,honeycombed,concrete|rock
dd645a49-d607-4916-b2fc-802294941470,images/dd645a49-d607-4916-b2fc-802294941470.jpg,crosshatched,clothing|home_furnishing
842b6a95-c559-4552-97f6-b65c693e8b2e,images/842b6a95-c559-4552-97f6-b65c693e8b2e.jpg,porous,concrete
4c17bca8-6b97-4f2b-b662-34ff00667d83,images/4c17bca8-6b97-4f2b-b662-34ff00667d83.jpg,striped,animal
6668baf8-b6f2-4dec-a66d-5e2c025b6d3b,images/6668baf8-b6f2-4dec-a66d-5e2c025b6d3b.jpg,paisley,human
009b3b7c-8944-48ef-bbf8-bb926b4de7f9,images/009b3b7c-8944-48ef-bbf8-bb926b4de7f9.jpg,lined,paper
582064c3-08f9-487a-bce6-a6e58113bbbb,images/582064c3-08f9-487a-bce6-a6e58113bbbb.jpg,braided,fabric|clothing
59bc6b82-a519-41d0-8d29-24fbdf61aabe,images/59bc6b82-a519-41d0-8d29-24fbdf61aabe.jpg,scaly,animal
9bf6b214-2f3a-484a-b8a6-753a73459eb7,images/9bf6b214-2f3a-484a-b8a6-753a73459eb7.jpg,banded,fabric|clothing|wallpaper
e26840ce-5bbc-4cc1-a548-bfbe3be415bc,images/e26840ce-5bbc-4cc1-a548-bfbe3be415bc.jpg,flecked,home_furnishing|clothing
b7ac8afa-18d1-4e8b-a9ea-a71b5059d5c5,images/b7ac8afa-18d1-4e8b-a9ea-a71b5059d5c5.jpg,stained,home_furnishing|clothing
0a564467-97d2-4b2a-a4df-8831c63b45ae,images/0a564467-97d2-4b2a-a4df-8831c63b45ae.jpg,crystalline,nature|ice
a2fef827-5df8-4f55-9f6b-82c746cc2f7c,images/a2fef827-5df8-4f55-9f6b-82c746cc2f7c.jpg,chequered,clothing|home_furnishing|fabric
027076c7-5a2b-4b17-980d-510a07e89cd7,images/027076c7-5a2b-4b17-980d-510a07e89cd7.jpg,bumpy,nature|tree
55b9d8df-548e-4e00-a527-c5943a8b83e2,images/55b9d8df-548e-4e00-a527-c5943a8b83e2.jpg,grid,plastic
7130a645-07a9-4eb4-98d0-818979be8f10,images/7130a645-07a9-4eb4-98d0-818979be8f10.jpg,lacelike,home_furnishing
9cefdb9c-de20-4ee7-9203-ffd1550ec1b7,images/9cefdb9c-de20-4ee7-9203-ffd1550ec1b7.jpg,grooved,wood
3e57a28f-f2f3-46e8-8e66-bef97ac305e6,images/3e57a28f-f2f3-46e8-8e66-bef97ac305e6.jpg,bumpy,nature|food
29ff4510-0db9-481f-85ea-d4805ae3ae7c,images/29ff4510-0db9-481f-85ea-d4805ae3ae7c.jpg,stratified,rock|nature
bf6e91af-c1b9-4a4e-a86f-28768613a394,images/bf6e91af-c1b9-4a4e-a86f-28768613a394.jpg,crosshatched,painting|wallpaper
037a969d-ea72-49db-9b4c-2e78937ed79c,images/037a969d-ea72-49db-9b4c-2e78937ed79c.jpg,blotchy,painting|wallpaper
f3d9c6e5-fbba-48b5-9efe-eff8bdd05822,images/f3d9c6e5-fbba-48b5-9efe-eff8bdd05822.jpg,marbled,rock|nature
eb374d9e-55da-427b-bb91-5a1b0bee022d,images/eb374d9e-55da-427b-bb91-5a1b0bee022d.jpg,striped,painting|wallpaper
6224e905-ec3e-43ca-8220-f511571dc327,images/6224e905-ec3e-43ca-8220-f511571dc327.jpg,waffled,food
434140dd-2000-45db-b0cb-a955e7be42c6,images/434140dd-2000-45db-b0cb-a955e7be42c6.jpg,waffled,food
963417ae-2628-4306-8de2-6986f7627974,images/963417ae-2628-4306-8de2-6986f7627974.jpg,stained,clothing
4c4288ee-1806-410f-86c5-0ad3542cd2f3,images/4c4288ee-1806-410f-86c5-0ad3542cd2f3.jpg,sprinkled,painting|wallpaper
aa8c9a32-a555-4d4a-9beb-3cacdda6fa8a,images/aa8c9a32-a555-4d4a-9beb-3cacdda6fa8a.jpg,striped,animal
29c0c995-a4ea-4cac-9c30-5bb2f5475351,images/29c0c995-a4ea-4cac-9c30-5bb2f5475351.jpg,pleated,home_furnishing
8c1bc5b5-9af9-4ba3-a968-aebb2746b0e9,images/8c1bc5b5-9af9-4ba3-a968-aebb2746b0e9.jpg,pleated,home_furnishing|clothing
e07467b3-9ffd-4aec-bcbe-7ba4d09d6847,images/e07467b3-9ffd-4aec-bcbe-7ba4d09d6847.jpg,potholed,concrete
de7abbbc-ebd1-473e-852c-ca2d51825f56,images/de7abbbc-ebd1-473e-852c-ca2d51825f56.jpg,interlaced,clothing|home_furnishing|fabric
aa708f79-e77f-446f-9cf0-df28efa4c8e7,images/aa708f79-e77f-446f-9cf0-df28efa4c8e7.jpg,woven,home_furnishing|clothing
e386da03-e15e-4244-b177-5bb3f88ad02a,images/e386da03-e15e-4244-b177-5bb3f88ad02a.jpg,interlaced,metal
cbb9d361-2f65-4a63-a2e4-293d55f69e22,images/cbb9d361-2f65-4a63-a2e4-293d55f69e22.jpg,gauzy,home_furnishing|clothing|fabric
f2fbe6c9-e303-4c74-8c76-154ce8e1f599,images/f2fbe6c9-e303-4c74-8c76-154ce8e1f599.jpg,zigzagged,painting|wallpaper
7a27043f-ea06-49f7-9647-8b269c6d70d0,images/7a27043f-ea06-49f7-9647-8b269c6d70d0.jpg,bumpy,nature|food
771f585d-720e-4e47-b5c9-3f8b4c43b89b,images/771f585d-720e-4e47-b5c9-3f8b4c43b89b.jpg,perforated,plastic
f9d710f5-6762-47c9-880e-890064171089,images/f9d710f5-6762-47c9-880e-890064171089.jpg,blotchy,nature|tree|food
b8e203f0-650f-449b-a3f1-ec1f178ad3df,images/b8e203f0-650f-449b-a3f1-ec1f178ad3df.jpg,bubbly,photography|painting|wallpaper
98e88ae3-caa5-470c-a231-c064544c068e,images/98e88ae3-caa5-470c-a231-c064544c068e.jpg,meshed,metal
ce839581-6617-43ed-85b7-1fcd54a7f9c6,images/ce839581-6617-43ed-85b7-1fcd54a7f9c6.jpg,cracked,glass
b07a0ec3-f1cb-45da-8854-edd82111f282,images/b07a0ec3-f1cb-45da-8854-edd82111f282.jpg,grooved,metal
e4cbbc8d-874a-447e-8e91-d00d775949af,images/e4cbbc8d-874a-447e-8e91-d00d775949af.jpg,bumpy,nature|food
532350ba-d5b0-4f86-b66f-a54c78b9d0f8,images/532350ba-d5b0-4f86-b66f-a54c78b9d0f8.jpg,studded,home_furnishing|clothing
c62edf2d-042a-4ea2-8e11-e0ab5466cf33,images/c62edf2d-042a-4ea2-8e11-e0ab5466cf33.jpg,striped,home_furnishing|clothing
c40e48d7-c25d-4b8a-b121-bee6e41a9187,images/c40e48d7-c25d-4b8a-b121-bee6e41a9187.jpg,pitted,metal
4b8f518f-d71a-49fc-9cb3-ac29de0423a7,images/4b8f518f-d71a-49fc-9cb3-ac29de0423a7.jpg,wrinkled,metal
e08cbe2c-581e-466b-9259-a5d40cf5981a,images/e08cbe2c-581e-466b-9259-a5d40cf5981a.jpg,banded,fabric|clothing|wallpaper
c10b4198-71d4-4751-82ef-2831851c8c63,images/c10b4198-71d4-4751-82ef-2831851c8c63.jpg,wrinkled,paper
f134f160-39e9-4b8c-bca8-2a1b11ddbacb,images/f134f160-39e9-4b8c-bca8-2a1b11ddbacb.jpg,paisley,home_furnishing
a3f72eed-5adf-462a-9328-c265bef024f3,images/a3f72eed-5adf-462a-9328-c265bef024f3.jpg,bumpy,nature|food
67212828-8b8b-4622-b76e-756326b9d0f5,images/67212828-8b8b-4622-b76e-756326b9d0f5.jpg,chequered,clothing|home_furnishing
426fed0c-4a17-41d7-bcbe-f51e269eda8f,images/426fed0c-4a17-41d7-bcbe-f51e269eda8f.jpg,studded,home_furnishing|clothing
624aca4a-6fe0-4489-9cad-668ce3a723b9,images/624aca4a-6fe0-4489-9cad-668ce3a723b9.jpg,chequered,concrete|rock
07404de6-0cae-42c3-a1eb-161a51110015,images/07404de6-0cae-42c3-a1eb-161a51110015.jpg,banded,fabric|clothing|wallpaper
438a0f28-a21d-41d0-ba59-f7ad26893298,images/438a0f28-a21d-41d0-ba59-f7ad26893298.jpg,potholed,rock|nature
5b322cdb-93c6-4831-90b9-0c260b23a2d1,images/5b322cdb-93c6-4831-90b9-0c260b23a2d1.jpg,honeycombed,nature|food
8cb8ca6b-ecc2-446a-97ab-b01b54242e0b,images/8cb8ca6b-ecc2-446a-97ab-b01b54242e0b.jpg,bumpy,nature|food
efa8d21e-f1d9-48e7-96ac-560f9059ba36,images/efa8d21e-f1d9-48e7-96ac-560f9059ba36.jpg,interlaced,home_furnishing
c1d06228-60c8-4968-bda1-a742fe99d960,images/c1d06228-60c8-4968-bda1-a742fe99d960.jpg,swirly,painting|wallpaper
9f9a0c39-dcea-4575-84d1-30ec1151a0cb,images/9f9a0c39-dcea-4575-84d1-30ec1151a0cb.jpg,studded,home_furnishing|clothing
8142582c-e42c-408b-bf28-fc1d602c885e,images/8142582c-e42c-408b-bf28-fc1d602c885e.jpg,banded,fabric|clothing|wallpaper
8cbb5459-1902-4f48-b5f9-e0a190673bc9,images/8cbb5459-1902-4f48-b5f9-e0a190673bc9.jpg,porous,rock|nature
e0d49cb0-0455-4dd3-bd5f-69f29a40f142,images/e0d49cb0-0455-4dd3-bd5f-69f29a40f142.jpg,dotted,clothing|home_furnishing
234a3dba-148e-46ea-981f-10f52f961ce1,images/234a3dba-148e-46ea-981f-10f52f961ce1.jpg,woven,home_furnishing|clothing|fabric
626acba7-67c0-4b28-bde1-f0337fb45d40,images/626acba7-67c0-4b28-bde1-f0337fb45d40.jpg,swirly,home_furnishing|clothing|fabric
b189e74e-8d13-4eb7-98cd-18339b837475,images/b189e74e-8d13-4eb7-98cd-18339b837475.jpg,stained,home_furnishing|clothing
5f2ef26e-7d04-4793-af91-adb62a461528,images/5f2ef26e-7d04-4793-af91-adb62a461528.jpg,chequered,home_furnishing
0878ee05-3d13-4c40-863d-3ab945a6aac4,images/0878ee05-3d13-4c40-863d-3ab945a6aac4.jpg,crosshatched,painting|wallpaper
f6c679c5-143a-4d6a-be1a-ff98f604a61f,images/f6c679c5-143a-4d6a-be1a-ff98f604a61f.jpg,gauzy,home_furnishing|clothing
14b47098-e0a8-4b31-b273-ad58d8d405d0,images/14b47098-e0a8-4b31-b273-ad58d8d405d0.jpg,matted,home_furnishing
daec7520-ef47-46da-a0ee-41731c35515c,images/daec7520-ef47-46da-a0ee-41731c35515c.jpg,marbled,rock|nature
79f54fbb-ba38-41fa-80fe-993810adb7a4,images/79f54fbb-ba38-41fa-80fe-993810adb7a4.jpg,bumpy,nature
a106700b-31ad-4949-abea-857dae4d7f20,images/a106700b-31ad-4949-abea-857dae4d7f20.jpg,braided,fabric|home_furnishing
c0c6e3dc-5ac0-4be8-9049-924963fb88c0,images/c0c6e3dc-5ac0-4be8-9049-924963fb88c0.jpg,chequered,clothing|home_furnishing
a2223f00-b916-493e-821a-8b7f0a3ca3b0,images/a2223f00-b916-493e-821a-8b7f0a3ca3b0.jpg,zigzagged,home_furnishing|clothing
91c971ee-3792-4463-b6de-563633e04d1b,images/91c971ee-3792-4463-b6de-563633e04d1b.jpg,polka-dotted,home_furnishing|clothing
4cb1b7e2-a37e-4fd6-802b-ccf942bfeb8d,images/4cb1b7e2-a37e-4fd6-802b-ccf942bfeb8d.jpg,knitted,clothing|home_furnishing|fabric
fbc715b4-eabf-4e58-918f-b31938fcc9a9,images/fbc715b4-eabf-4e58-918f-b31938fcc9a9.jpg,swirly,painting|wallpaper|wall
83a6280b-7340-46cc-9254-87967b579365,images/83a6280b-7340-46cc-9254-87967b579365.jpg,crosshatched,painting|wallpaper
0446a022-e5db-4fe8-a795-c000417ea2e6,images/0446a022-e5db-4fe8-a795-c000417ea2e6.jpg,meshed,metal
39e715ea-068d-4590-bc67-f2ab28588641,images/39e715ea-068d-4590-bc67-f2ab28588641.jpg,blotchy,nature|rock
5d037e42-edae-42c9-8fab-fd0b9114921e,images/5d037e42-edae-42c9-8fab-fd0b9114921e.jpg,waffled,food
6a93c5de-678c-4ce0-be7e-446d099c6cb3,images/6a93c5de-678c-4ce0-be7e-446d099c6cb3.jpg,swirly,painting|wallpaper
59673f13-b064-4d8c-a816-9ea578b17582,images/59673f13-b064-4d8c-a816-9ea578b17582.jpg,stratified,rock|nature
0a21d51f-b8de-45b4-91ad-cc87e69d881b,images/0a21d51f-b8de-45b4-91ad-cc87e69d881b.jpg,gauzy,clothing|home_furnishing|fabric
b1d9bfe8-3f90-42de-826b-377c8dfc4824,images/b1d9bfe8-3f90-42de-826b-377c8dfc4824.jpg,braided,human|hair
69871347-60d2-4b3b-b195-28f526aa6f43,images/69871347-60d2-4b3b-b195-28f526aa6f43.jpg,meshed,plastic
15005e1d-9101-4df3-8344-3bb5d83754ef,images/15005e1d-9101-4df3-8344-3bb5d83754ef.jpg,spiralled,home_furnishing
3031988f-8431-425d-804f-6427b2c96dbe,images/3031988f-8431-425d-804f-6427b2c96dbe.jpg,interlaced,painting|wallpaper
6b0c2261-4ede-44d1-91e8-6a38aa08e019,images/6b0c2261-4ede-44d1-91e8-6a38aa08e019.jpg,knitted,clothing|home_furnishing|fabric
83a49779-5781-4380-a9c4-c419b0134fad,images/83a49779-5781-4380-a9c4-c419b0134fad.jpg,studded,home_furnishing
6d981c5a-1223-41df-8be4-d71e573f6b0a,images/6d981c5a-1223-41df-8be4-d71e573f6b0a.jpg,smeared,human|painting
b9d59053-f3df-46e5-8828-9860a95073b7,images/b9d59053-f3df-46e5-8828-9860a95073b7.jpg,paisley,home_furnishing
6669301d-ce11-41fd-ba30-3ca2eaf91d67,images/6669301d-ce11-41fd-ba30-3ca2eaf91d67.jpg,cobwebbed,nature
7cd1e8c6-2997-47de-8b28-879d8bc12f7c,images/7cd1e8c6-2997-47de-8b28-879d8bc12f7c.jpg,crosshatched,painting|wallpaper
cf221cd4-0a23-49ca-b77c-2c8c94eb1679,images/cf221cd4-0a23-49ca-b77c-2c8c94eb1679.jpg,polka-dotted,home_furnishing|clothing
52aa57bd-eba6-411c-aaa9-0462c62ee326,images/52aa57bd-eba6-411c-aaa9-0462c62ee326.jpg,smeared,painting|wallpaper
ca4de6be-96af-476b-817d-d586f927d7b3,images/ca4de6be-96af-476b-817d-d586f927d7b3.jpg,gauzy,home_furnishing
531788ff-ac14-4c42-bd47-a2041975e2d1,images/531788ff-ac14-4c42-bd47-a2041975e2d1.jpg,scaly,animal
83f254b4-838e-4b0d-92c2-e7094bb64f99,images/83f254b4-838e-4b0d-92c2-e7094bb64f99.jpg,fibrous,nature
75f4002c-4296-429d-8b77-53944291ebe1,images/75f4002c-4296-429d-8b77-53944291ebe1.jpg,wrinkled,home_furnishing|clothing
721829d0-ae16-46cc-ae39-80587ef2d70f,images/721829d0-ae16-46cc-ae39-80587ef2d70f.jpg,perforated,plastic
2b30cdb9-c167-430b-bc66-7aa7ddb97e5d,images/2b30cdb9-c167-430b-bc66-7aa7ddb97e5d.jpg,chequered,wallpaper|painting
62d9b9df-3c43-485f-9fa2-14525423259d,images/62d9b9df-3c43-485f-9fa2-14525423259d.jpg,zigzagged,concrete|rock
b73c5abe-bf3f-45ca-8876-259d4be0769c,images/b73c5abe-bf3f-45ca-8876-259d4be0769c.jpg,matted,nature
4074baeb-6c11-4ff9-801f-5fc4437f0d00,images/4074baeb-6c11-4ff9-801f-5fc4437f0d00.jpg,banded,fabric|clothing
67ceca23-06e2-472e-9ebe-67618ff607a3,images/67ceca23-06e2-472e-9ebe-67618ff607a3.jpg,matted,nature
4e1b289c-5e97-4d74-b02a-4c64ea6e63fb,images/4e1b289c-5e97-4d74-b02a-4c64ea6e63fb.jpg,cracked,nature|wood|painting
841fe2f1-6913-4fc6-a924-173931290683,images/841fe2f1-6913-4fc6-a924-173931290683.jpg,flecked,clothing|fabric
4e14f6f5-92d2-4794-bf05-f3dd1d4159e7,images/4e14f6f5-92d2-4794-bf05-f3dd1d4159e7.jpg,zigzagged,painting|wall
b678eef7-ad71-4323-b8da-9cb134c98dcb,images/b678eef7-ad71-4323-b8da-9cb134c98dcb.jpg,cobwebbed,nature
53681a21-7b15-4e9f-ad61-ebcb542f7a26,images/53681a21-7b15-4e9f-ad61-ebcb542f7a26.jpg,bumpy,wood
704ae7f8-a7f5-46ca-9a1c-745dfa7f465a,images/704ae7f8-a7f5-46ca-9a1c-745dfa7f465a.jpg,pitted,wall|painting
9af47218-03a6-4c87-931c-908f10299fa1,images/9af47218-03a6-4c87-931c-908f10299fa1.jpg,knitted,clothing|fabric
4c33cb5b-5d96-4896-94ae-c208553c12c2,images/4c33cb5b-5d96-4896-94ae-c208553c12c2.jpg,sprinkled,food
76707f77-3daa-416e-b5aa-1e4904a4819e,images/76707f77-3daa-416e-b5aa-1e4904a4819e.jpg,knitted,clothing|home_furnishing|fabric
5332374f-200f-4b5c-ae85-c8526b1f4ebc,images/5332374f-200f-4b5c-ae85-c8526b1f4ebc.jpg,pleated,home_furnishing|clothing
14d2ad2e-aef6-4f1a-9e48-c33bf1ff75d8,images/14d2ad2e-aef6-4f1a-9e48-c33bf1ff75d8.jpg,cracked,nature|rock
c9b5af4d-c8b9-48e3-9bc9-865778a37252,images/c9b5af4d-c8b9-48e3-9bc9-865778a37252.jpg,potholed,concrete
9eb65b2a-1484-4b9e-99d0-37b1dbfa0269,images/9eb65b2a-1484-4b9e-99d0-37b1dbfa0269.jpg,woven,painting|wallpaper
6d6893e4-54f9-407b-a247-78a296cf937e,images/6d6893e4-54f9-407b-a247-78a296cf937e.jpg,marbled,rock|nature
c2ffa20c-89d9-42c4-90c3-5b91561e03cb,images/c2ffa20c-89d9-42c4-90c3-5b91561e03cb.jpg,chequered,wallpaper|painting
eb02a6b9-64fd-400e-af7a-1f80ca5f893c,images/eb02a6b9-64fd-400e-af7a-1f80ca5f893c.jpg,cobwebbed,nature
f69400b8-7b77-4319-abd1-b2a35fc0d4dd,images/f69400b8-7b77-4319-abd1-b2a35fc0d4dd.jpg,swirly,painting|wallpaper
dae74b94-c0e9-49c4-aa04-640ce89948d8,images/dae74b94-c0e9-49c4-aa04-640ce89948d8.jpg,porous,concrete
ad70c6a2-0f78-4e64-9688-4ba90fbe1973,images/ad70c6a2-0f78-4e64-9688-4ba90fbe1973.jpg,grid,wallpaper|painting
e8c68227-0ca2-484b-b55f-03412da90738,images/e8c68227-0ca2-484b-b55f-03412da90738.jpg,smeared,human|painting
1f5f29d6-b8bb-44c3-a4a2-9a0d77094582,images/1f5f29d6-b8bb-44c3-a4a2-9a0d77094582.jpg,porous,rock
13c8c473-6211-486f-a13e-0ded2771fb19,images/13c8c473-6211-486f-a13e-0ded2771fb19.jpg,potholed,concrete
6af39dff-42ad-433f-8dc7-5d9ccaf75756,images/6af39dff-42ad-433f-8dc7-5d9ccaf75756.jpg,grooved,metal
48a8eb2d-47a3-48cb-ae90-c711ef4be5e8,images/48a8eb2d-47a3-48cb-ae90-c711ef4be5e8.jpg,stratified,wallpaper|painting
d533a328-e7ec-40de-899c-7ed52141ad1c,images/d533a328-e7ec-40de-899c-7ed52141ad1c.jpg,lined,clothing|home_furnishing
adccf546-fe0e-4356-9233-edb21dae62fa,images/adccf546-fe0e-4356-9233-edb21dae62fa.jpg,wrinkled,paper
bf98d2eb-0577-4dca-aa34-3176adb375de,images/bf98d2eb-0577-4dca-aa34-3176adb375de.jpg,stratified,rock|nature
930dd7cc-c182-440c-a277-8d651694c9cc,images/930dd7cc-c182-440c-a277-8d651694c9cc.jpg,meshed,metal
2af68d5d-db50-4cf1-b49b-6af254051fec,images/2af68d5d-db50-4cf1-b49b-6af254051fec.jpg,stratified,rock|nature
f41362a1-ad83-4d68-a02a-a1c4c4aae69b,images/f41362a1-ad83-4d68-a02a-a1c4c4aae69b.jpg,fibrous,wood
556088f3-ddd1-481c-bed2-bd344d4de833,images/556088f3-ddd1-481c-bed2-bd344d4de833.jpg,meshed,metal
eaf3a400-5504-48ca-ba27-7b25ceb5a64d,images/eaf3a400-5504-48ca-ba27-7b25ceb5a64d.jpg,zigzagged,home_furnishing|clothing
cad5442e-bebb-4a45-b40a-d793f9507534,images/cad5442e-bebb-4a45-b40a-d793f9507534.jpg,crosshatched,metal
6150c6f8-2645-4ef6-87d8-81df6adfc75d,images/6150c6f8-2645-4ef6-87d8-81df6adfc75d.jpg,frilly,nature
0045df20-6f00-4d1f-8b3e-2cbe6cef28ab,images/0045df20-6f00-4d1f-8b3e-2cbe6cef28ab.jpg,polka-dotted,home_furnishing|clothing
febb2494-8e50-4274-8ff2-4eb37aba3eee,images/febb2494-8e50-4274-8ff2-4eb37aba3eee.jpg,zigzagged,home_furnishing
399af69e-2787-4a2d-8bd8-39f8b55a0a65,images/399af69e-2787-4a2d-8bd8-39f8b55a0a65.jpg,waffled,metal
2da6650b-f0cb-4dc2-88ea-896e7a4b4f5c,images/2da6650b-f0cb-4dc2-88ea-896e7a4b4f5c.jpg,grooved,wood|painting
1a057587-9760-4fc8-ac2b-2e72a42ee346,images/1a057587-9760-4fc8-ac2b-2e72a42ee346.jpg,striped,animal
aada05e4-dda0-4708-9bef-2004ef60a87f,images/aada05e4-dda0-4708-9bef-2004ef60a87f.jpg,frilly,nature
f84d7a87-7f6a-4723-808b-f855a4561cbb,images/f84d7a87-7f6a-4723-808b-f855a4561cbb.jpg,freckled,human
34f99d6b-303b-45a5-9b42-ea99e41dee94,images/34f99d6b-303b-45a5-9b42-ea99e41dee94.jpg,cracked,nature
320641cd-81bb-4571-b33b-b6ff713e3bc6,images/320641cd-81bb-4571-b33b-b6ff713e3bc6.jpg,fibrous,fabric
a786709c-f4c1-4eb6-9d99-186f14192339,images/a786709c-f4c1-4eb6-9d99-186f14192339.jpg,lined,wallpaper|painting
30eb2b64-8ccb-4ff9-946b-828bb1b15493,images/30eb2b64-8ccb-4ff9-946b-828bb1b15493.jpg,lined,home_furnishing
1888fc95-eff2-4b0b-ae22-2e04a89a76b0,images/1888fc95-eff2-4b0b-ae22-2e04a89a76b0.jpg,swirly,home_furnishing|clothing
be849b85-e4ca-462c-b4ca-d5edab6acfba,images/be849b85-e4ca-462c-b4ca-d5edab6acfba.jpg,crystalline,nature|rock
e536b68f-9bc7-493a-8e9c-5e5d27139cf3,images/e536b68f-9bc7-493a-8e9c-5e5d27139cf3.jpg,veined,nature
565606f1-4655-4723-98b6-e0e6bc88cc40,images/565606f1-4655-4723-98b6-e0e6bc88cc40.jpg,lacelike,home_furnishing
4ac5b950-fcae-411d-b78a-92bb525fce90,images/4ac5b950-fcae-411d-b78a-92bb525fce90.jpg,freckled,human
13733825-e33e-4549-bf2c-8ec9c8cd9b97,images/13733825-e33e-4549-bf2c-8ec9c8cd9b97.jpg,sprinkled,food
12074d77-4e35-44a3-baef-236323dcd1e3,images/12074d77-4e35-44a3-baef-236323dcd1e3.jpg,wrinkled,home_furnishing|clothing
7a5d6288-0faf-4901-a4e9-878ff28e9b5e,images/7a5d6288-0faf-4901-a4e9-878ff28e9b5e.jpg,crystalline,nature|rock
2d7d0709-e2c2-4c34-beaf-b6cea6e71ff0,images/2d7d0709-e2c2-4c34-beaf-b6cea6e71ff0.jpg,polka-dotted,home_furnishing|clothing
27e59ab7-f136-42e9-bb17-6b96863e59f9,images/27e59ab7-f136-42e9-bb17-6b96863e59f9.jpg,fibrous,nature
0904ae46-e525-49c7-a50e-ea5484ab93b9,images/0904ae46-e525-49c7-a50e-ea5484ab93b9.jpg,zigzagged,wood
569829a2-6e6e-4085-9c8f-9fcefee925b9,images/569829a2-6e6e-4085-9c8f-9fcefee925b9.jpg,scaly,animal
4a0baff5-0cbe-4629-a66e-46edc5300298,images/4a0baff5-0cbe-4629-a66e-46edc5300298.jpg,pitted,human
cab3ec01-3b94-4e7f-8053-59c681af4d6a,images/cab3ec01-3b94-4e7f-8053-59c681af4d6a.jpg,potholed,concrete
07177916-854d-4049-9430-f7549a697ab5,images/07177916-854d-4049-9430-f7549a697ab5.jpg,lacelike,home_furnishing
c82bac65-57ce-4120-9d5a-2f2dbdc182e3,images/c82bac65-57ce-4120-9d5a-2f2dbdc182e3.jpg,wrinkled,metal
c2423b38-9004-4d39-aad4-c87a8200a09d,images/c2423b38-9004-4d39-aad4-c87a8200a09d.jpg,sprinkled,food
dc6ecd34-f050-4621-bc6e-0ee21e9e7936,images/dc6ecd34-f050-4621-bc6e-0ee21e9e7936.jpg,bumpy,nature|food
a0d93204-8964-4299-b653-a134783c437e,images/a0d93204-8964-4299-b653-a134783c437e.jpg,stratified,rock|nature
89c9d1c3-0f47-49b3-bb4a-995be103f78c,images/89c9d1c3-0f47-49b3-bb4a-995be103f78c.jpg,interlaced,painting|wallpaper
b84d9579-869f-4ec0-8a4b-c0dc66c53e6a,images/b84d9579-869f-4ec0-8a4b-c0dc66c53e6a.jpg,braided,fabric|clothing|home_furnishing
361992c6-377a-44e0-aa0b-06ca160b575b,images/361992c6-377a-44e0-aa0b-06ca160b575b.jpg,paisley,home_furnishing|clothing
dbaa5a4a-6b55-45ea-ba15-f19db317eae9,images/dbaa5a4a-6b55-45ea-ba15-f19db317eae9.jpg,blotchy,nature|tree
5dde1f01-d414-4165-a6df-4593be9e55b9,images/5dde1f01-d414-4165-a6df-4593be9e55b9.jpg,wrinkled,metal
2156f589-67c5-4d38-aae3-4b18f35e6181,images/2156f589-67c5-4d38-aae3-4b18f35e6181.jpg,chequered,wallpaper|painting
c13c885b-7383-43f3-930d-c94f26f3f83e,images/c13c885b-7383-43f3-930d-c94f26f3f83e.jpg,wrinkled,human
9549dc74-8abe-4f98-8214-512617e094fb,images/9549dc74-8abe-4f98-8214-512617e094fb.jpg,lined,clothing|home_furnishing
87af7852-a81e-4419-b01b-7c10358c540c,images/87af7852-a81e-4419-b01b-7c10358c540c.jpg,stained,painting|wallpaper
f79c71e0-e5a1-49e5-8de6-5d7f46ddf756,images/f79c71e0-e5a1-49e5-8de6-5d7f46ddf756.jpg,banded,fabric|clothing|wallpaper
79944a12-5240-4320-8655-efc0065cf01a,images/79944a12-5240-4320-8655-efc0065cf01a.jpg,perforated,plastic
62a8c1bb-1ac6-498f-91a4-e0e43892316d,images/62a8c1bb-1ac6-498f-91a4-e0e43892316d.jpg,matted,home_furnishing
060b9d8d-d26f-41d9-9a30-21c7a5f6b7fd,images/060b9d8d-d26f-41d9-9a30-21c7a5f6b7fd.jpg,blotchy,nature|food
f213cdbc-79d7-41b8-9010-75042d6915a6,images/f213cdbc-79d7-41b8-9010-75042d6915a6.jpg,fibrous,home_furnishing
5fc3d35e-f463-425f-aa76-f45e40390dcf,images/5fc3d35e-f463-425f-aa76-f45e40390dcf.jpg,frilly,clothing|home_furnishing
1b61cfcf-4cca-4475-84d1-440adab6f81a,images/1b61cfcf-4cca-4475-84d1-440adab6f81a.jpg,scaly,animal
518c4200-0049-4b5a-a754-f993826e2d1e,images/518c4200-0049-4b5a-a754-f993826e2d1e.jpg,waffled,food
03e6c6e5-abd2-4e1c-abc0-cc9def5cb3a3,images/03e6c6e5-abd2-4e1c-abc0-cc9def5cb3a3.jpg,freckled,nature
d5359997-3776-47fc-86de-6efac17de89b,images/d5359997-3776-47fc-86de-6efac17de89b.jpg,porous,food
9a818011-b795-48c3-afde-14efd3584f99,images/9a818011-b795-48c3-afde-14efd3584f99.jpg,frilly,nature|food
74c48e1a-3e0d-418d-8710-449a2ab1fe72,images/74c48e1a-3e0d-418d-8710-449a2ab1fe72.jpg,meshed,fabric
cf9174fa-7bfc-493f-948f-2883bf57f136,images/cf9174fa-7bfc-493f-948f-2883bf57f136.jpg,paisley,home_furnishing
0c53dce6-6e2b-45a1-a389-6ae256420ec4,images/0c53dce6-6e2b-45a1-a389-6ae256420ec4.jpg,braided,human|hair
b3fedd6c-fc22-4f7b-8b7e-c48a59ddad82,images/b3fedd6c-fc22-4f7b-8b7e-c48a59ddad82.jpg,bubbly,nature|liquid
e79cb932-3f24-4176-8eae-1ce03cf28d37,images/e79cb932-3f24-4176-8eae-1ce03cf28d37.jpg,stratified,rock|nature
f7e798ef-3d3f-4352-920b-c8758d766998,images/f7e798ef-3d3f-4352-920b-c8758d766998.jpg,lacelike,home_furnishing
08c86a40-1fb2-49bd-8db6-dbe0f3b27b33,images/08c86a40-1fb2-49bd-8db6-dbe0f3b27b33.jpg,meshed,metal
81c741f2-d923-494f-a135-f0fb4410472d,images/81c741f2-d923-494f-a135-f0fb4410472d.jpg,frilly,nature|food
3f9b6c0a-1530-416b-bd6f-76b3d42195f0,images/3f9b6c0a-1530-416b-bd6f-76b3d42195f0.jpg,dotted,clothing|home_furnishing|fabric
12d9e95c-0e20-4c98-9cb6-c3f563fbc3bc,images/12d9e95c-0e20-4c98-9cb6-c3f563fbc3bc.jpg,flecked,clothing|fabric
b40bc6c4-afbc-4662-a032-73bc4f97a129,images/b40bc6c4-afbc-4662-a032-73bc4f97a129.jpg,scaly,animal
d08ad220-8356-43b8-9c7f-910a4e01c6e7,images/d08ad220-8356-43b8-9c7f-910a4e01c6e7.jpg,studded,clothing
43180700-fbbe-4c5d-ba84-3cd8fe801da1,images/43180700-fbbe-4c5d-ba84-3cd8fe801da1.jpg,paisley,home_furnishing|clothing
38e8c46e-f429-4251-bbb3-f541f88dff5c,images/38e8c46e-f429-4251-bbb3-f541f88dff5c.jpg,meshed,metal
6661632e-bb98-436b-9d8c-e2411a99f3d8,images/6661632e-bb98-436b-9d8c-e2411a99f3d8.jpg,braided,fabric|metal
438953a4-ba2c-411b-b3b1-3bf8d67d9542,images/438953a4-ba2c-411b-b3b1-3bf8d67d9542.jpg,wrinkled,painting|wall
58d35d8d-dead-4e6c-8fe5-4b71dfa50231,images/58d35d8d-dead-4e6c-8fe5-4b71dfa50231.jpg,meshed,plastic
b1cac156-73df-4e06-b92f-027d469a377a,images/b1cac156-73df-4e06-b92f-027d469a377a.jpg,braided,fabric|clothing
32ad202a-2895-46ba-bc22-2323328e1303,images/32ad202a-2895-46ba-bc22-2323328e1303.jpg,gauzy,home_furnishing|fabric
9580e41b-4275-457f-beff-b24779aba92e,images/9580e41b-4275-457f-beff-b24779aba92e.jpg,swirly,painting|wallpaper
ab3e8fe0-8185-4470-98a3-a70b8914884e,images/ab3e8fe0-8185-4470-98a3-a70b8914884e.jpg,crystalline,nature|ice
82d944d3-ff36-4932-9acb-0472b0c3f161,images/82d944d3-ff36-4932-9acb-0472b0c3f161.jpg,grid,metal
824aceb9-0e62-4e8d-9b29-5f1470aeeae9,images/824aceb9-0e62-4e8d-9b29-5f1470aeeae9.jpg,gauzy,home_furnishing
618d50ea-6e79-4403-963c-daf759dc6f94,images/618d50ea-6e79-4403-963c-daf759dc6f94.jpg,crosshatched,painting|metal
8da699ac-5c87-48b2-ab1d-a97f02b06e55,images/8da699ac-5c87-48b2-ab1d-a97f02b06e55.jpg,scaly,home_furnishing|clothing
8d56df35-e2d6-47f2-b657-ee99b8482a4a,images/8d56df35-e2d6-47f2-b657-ee99b8482a4a.jpg,interlaced,clothing|home_furnishing|fabric
17da52dc-8e42-486c-96d0-23f4daca3c92,images/17da52dc-8e42-486c-96d0-23f4daca3c92.jpg,lined,paper
21ae23a8-d7d1-4fa8-b96f-4148d52951a3,images/21ae23a8-d7d1-4fa8-b96f-4148d52951a3.jpg,pleated,home_furnishing
c797d7ae-24f7-4a6c-be91-86d3cd0ea822,images/c797d7ae-24f7-4a6c-be91-86d3cd0ea822.jpg,interlaced,painting|wall
1a66df96-6216-4469-848a-aa7a8a7fdea1,images/1a66df96-6216-4469-848a-aa7a8a7fdea1.jpg,potholed,concrete
af75a9cc-a8e7-4247-90ef-c2006b5bb2c0,images/af75a9cc-a8e7-4247-90ef-c2006b5bb2c0.jpg,polka-dotted,wallpaper|painting
9bcaea43-15f4-45c0-8378-f06f585f6737,images/9bcaea43-15f4-45c0-8378-f06f585f6737.jpg,blotchy,fabric|painting
8ef4ffe0-15c9-470c-83d6-4e7bd7b70a73,images/8ef4ffe0-15c9-470c-83d6-4e7bd7b70a73.jpg,smeared,painting|wallpaper
6b356ff3-c30d-4893-909c-36d260e73d12,images/6b356ff3-c30d-4893-909c-36d260e73d12.jpg,freckled,human
bfb5fd4f-fa22-42f4-9fbf-197d6f53fbcd,images/bfb5fd4f-fa22-42f4-9fbf-197d6f53fbcd.jpg,knitted,clothing|home_furnishing|fabric
2934fabf-75db-4584-b70f-1fa2e20cb4df,images/2934fabf-75db-4584-b70f-1fa2e20cb4df.jpg,scaly,home_furnishing|clothing
22cf2787-0f4b-4fd1-ac6c-652ef0f5f797,images/22cf2787-0f4b-4fd1-ac6c-652ef0f5f797.jpg,zigzagged,wood
adc4ff2a-32da-458f-87f6-b1f60aaaed15,images/adc4ff2a-32da-458f-87f6-b1f60aaaed15.jpg,wrinkled,metal
2707eb93-9fa1-4d10-a234-c42aec2f01c1,images/2707eb93-9fa1-4d10-a234-c42aec2f01c1.jpg,sprinkled,food
025efb1a-e78b-4c51-9bab-7d4ed66d72b2,images/025efb1a-e78b-4c51-9bab-7d4ed66d72b2.jpg,porous,rock|concrete
33974871-b262-4126-b7cf-7580c098b020,images/33974871-b262-4126-b7cf-7580c098b020.jpg,striped,animal
db386319-a4ef-4e98-a420-f88408e86962,images/db386319-a4ef-4e98-a420-f88408e86962.jpg,porous,home_furnishing
091679c4-eaae-48f3-b9ba-6707e901dbdd,images/091679c4-eaae-48f3-b9ba-6707e901dbdd.jpg,interlaced,home_furnishing|wood
246bf7a2-3f28-4073-a050-c95e041e02b4,images/246bf7a2-3f28-4073-a050-c95e041e02b4.jpg,flecked,clothing|fabric
a59aab5f-8d15-40e6-a6f1-c0720f13a240,images/a59aab5f-8d15-40e6-a6f1-c0720f13a240.jpg,knitted,clothing|home_furnishing|fabric
47e9f6af-060e-4807-b243-59c79b207e17,images/47e9f6af-060e-4807-b243-59c79b207e17.jpg,bubbly,nature|liquid|food
73d668a9-430e-4486-8d81-caeda5c4c370,images/73d668a9-430e-4486-8d81-caeda5c4c370.jpg,lacelike,home_furnishing
d1e9c296-3799-4ef9-b284-8049363d87c5,images/d1e9c296-3799-4ef9-b284-8049363d87c5.jpg,zigzagged,home_furnishing|clothing
c34fbc6d-7924-4e5e-929a-feaa6a9c76d9,images/c34fbc6d-7924-4e5e-929a-feaa6a9c76d9.jpg,perforated,metal
76106643-aa38-49c4-b011-799a916df5a9,images/76106643-aa38-49c4-b011-799a916df5a9.jpg,cracked,nature
758c149a-7b46-4fe9-9c31-27b913d1e716,images/758c149a-7b46-4fe9-9c31-27b913d1e716.jpg,spiralled,painting|wallpaper
18022367-0613-48fd-9316-e2d6d758da9e,images/18022367-0613-48fd-9316-e2d6d758da9e.jpg,bumpy,rubber
468cf56d-634d-474a-a540-6f8fd3f00b6e,images/468cf56d-634d-474a-a540-6f8fd3f00b6e.jpg,bubbly,nature|liquid
99b05a93-2fe1-4c68-b4d0-ad04a895ad0f,images/99b05a93-2fe1-4c68-b4d0-ad04a895ad0f.jpg,stratified,rock|nature
773081ce-1e0b-4320-903a-c46b8e4eb5b2,images/773081ce-1e0b-4320-903a-c46b8e4eb5b2.jpg,smeared,painting|wallpaper
bd5839f1-7d7c-4796-a147-d106a387cada,images/bd5839f1-7d7c-4796-a147-d106a387cada.jpg,marbled,painting
28102f5a-f8af-448d-8fd7-8421eb7d143c,images/28102f5a-f8af-448d-8fd7-8421eb7d143c.jpg,swirly,painting|wallpaper
c0df215b-cbe0-4293-b6de-189a6f29c9e9,images/c0df215b-cbe0-4293-b6de-189a6f29c9e9.jpg,porous,concrete
23d13b56-ae81-46fa-8a3f-c4d9353e0f74,images/23d13b56-ae81-46fa-8a3f-c4d9353e0f74.jpg,matted,nature
2c90945b-d88d-457a-b730-b976ca3e1387,images/2c90945b-d88d-457a-b730-b976ca3e1387.jpg,gauzy,clothing|home_furnishing
e798ab2c-be92-4119-baeb-73f3c1187be5,images/e798ab2c-be92-4119-baeb-73f3c1187be5.jpg,swirly,painting|wallpaper
22609d4e-b17a-403b-b959-3c41f7d73f60,images/22609d4e-b17a-403b-b959-3c41f7d73f60.jpg,frilly,nature
33dfea06-33f1-4164-b5fd-78ac1cfc54fe,images/33dfea06-33f1-4164-b5fd-78ac1cfc54fe.jpg,flecked,clothing|fabric
e6d34ec2-a0b2-41db-a968-c948c0e79c80,images/e6d34ec2-a0b2-41db-a968-c948c0e79c80.jpg,crystalline,nature|rock
dad4858a-f766-4a80-8733-62fcd20fbba1,images/dad4858a-f766-4a80-8733-62fcd20fbba1.jpg,lined,clothing|home_furnishing
3c12cf61-5698-4ca1-b6c2-c504498b362c,images/3c12cf61-5698-4ca1-b6c2-c504498b362c.jpg,porous,concrete
0d4c6b28-2579-4102-b3b6-0ada71221132,images/0d4c6b28-2579-4102-b3b6-0ada71221132.jpg,wrinkled,metal
af44a4c6-9fca-42a4-937f-35449d3c8d99,images/af44a4c6-9fca-42a4-937f-35449d3c8d99.jpg,crosshatched,painting|wallpaper
fd15b749-f1c6-49a1-ae19-b8f9b668e5a0,images/fd15b749-f1c6-49a1-ae19-b8f9b668e5a0.jpg,grooved,plastic
5bba965f-36ee-40b8-9a63-ca5c5409f726,images/5bba965f-36ee-40b8-9a63-ca5c5409f726.jpg,matted,nature
17183984-3e3a-483c-a46a-71b206f5ed01,images/17183984-3e3a-483c-a46a-71b206f5ed01.jpg,grid,wood
f990d40e-fe93-49b6-969e-6fc8bd98a601,images/f990d40e-fe93-49b6-969e-6fc8bd98a601.jpg,polka-dotted,home_furnishing|clothing
2ec4c85a-1a25-4e1a-81b1-dc2f3ec37217,images/2ec4c85a-1a25-4e1a-81b1-dc2f3ec37217.jpg,perforated,home_furnishing
8d1485b3-6772-4ca6-8d2e-fa9ebe86dbbd,images/8d1485b3-6772-4ca6-8d2e-fa9ebe86dbbd.jpg,crosshatched,painting|wallpaper
4a91cbb0-a1eb-4a03-a335-577fe7966abd,images/4a91cbb0-a1eb-4a03-a335-577fe7966abd.jpg,grooved,home_furnishing
a48ddf92-a958-4c4e-922b-fb50899e6390,images/a48ddf92-a958-4c4e-922b-fb50899e6390.jpg,frilly,nature
917d695f-ebef-4c75-8d08-12c206a1d6af,images/917d695f-ebef-4c75-8d08-12c206a1d6af.jpg,zigzagged,home_furnishing|clothing
dec191b0-5173-4eeb-aa19-54f14c322668,images/dec191b0-5173-4eeb-aa19-54f14c322668.jpg,paisley,home_furnishing|clothing
a382e85f-5e32-4cb3-b212-8381111371e3,images/a382e85f-5e32-4cb3-b212-8381111371e3.jpg,fibrous,home_furnishing
2739396a-486b-4207-ace3-a5f20e506b9f,images/2739396a-486b-4207-ace3-a5f20e506b9f.jpg,wrinkled,home_furnishing|clothing
37a620d8-52da-4c7d-908e-c10c7c197da0,images/37a620d8-52da-4c7d-908e-c10c7c197da0.jpg,polka-dotted,home_furnishing|clothing
d4c8258c-84ba-4251-a5ce-3df51205b718,images/d4c8258c-84ba-4251-a5ce-3df51205b718.jpg,grid,clothing|home_furnishing
5507ec4c-f9da-49b7-ba93-8fc30e1fd66e,images/5507ec4c-f9da-49b7-ba93-8fc30e1fd66e.jpg,pleated,home_furnishing|clothing
b6b7bbaa-2a03-4ac9-8629-344986d81624,images/b6b7bbaa-2a03-4ac9-8629-344986d81624.jpg,striped,painting|wallpaper
e32e3c0d-927f-4cbe-b2f2-054329ec6c30,images/e32e3c0d-927f-4cbe-b2f2-054329ec6c30.jpg,honeycombed,plastic
49e15456-7eee-4374-a980-c2b8b9534301,images/49e15456-7eee-4374-a980-c2b8b9534301.jpg,spiralled,home_furnishing
5730339f-6bc3-4bfb-a28b-702f266e6862,images/5730339f-6bc3-4bfb-a28b-702f266e6862.jpg,studded,home_furnishing|clothing
86c410a3-d316-420e-98ae-293ed8bc28ae,images/86c410a3-d316-420e-98ae-293ed8bc28ae.jpg,perforated,metal
d67bdd42-e4ff-4b8d-8370-d2f92962088f,images/d67bdd42-e4ff-4b8d-8370-d2f92962088f.jpg,frilly,clothing|home_furnishing
157feea0-7810-4878-894a-a2effa9d6dd8,images/157feea0-7810-4878-894a-a2effa9d6dd8.jpg,cracked,nature
d0fb79c4-40cf-4d61-8aff-25ee93e05e20,images/d0fb79c4-40cf-4d61-8aff-25ee93e05e20.jpg,waffled,food
df527d9c-3f5f-400f-a659-bd6c3445925d,images/df527d9c-3f5f-400f-a659-bd6c3445925d.jpg,paisley,home_furnishing
2ae88ce2-b5a6-4030-a60d-3e3a6aa258e7,images/2ae88ce2-b5a6-4030-a60d-3e3a6aa258e7.jpg,wrinkled,metal
5e55d37b-1845-4b3f-bc11-20269bf35423,images/5e55d37b-1845-4b3f-bc11-20269bf35423.jpg,banded,fabric|clothing|wallpaper
1399f464-b2c8-4fa6-bd98-56d400496659,images/1399f464-b2c8-4fa6-bd98-56d400496659.jpg,wrinkled,paper
1cf09fea-5611-453d-9ab8-510e106f07e7,images/1cf09fea-5611-453d-9ab8-510e106f07e7.jpg,veined,nature
8ede8d90-118b-43d7-9e69-47f1943d834c,images/8ede8d90-118b-43d7-9e69-47f1943d834c.jpg,meshed,home_furnishing|metal
5fcf788f-ed80-4f38-8d2f-2761fda99470,images/5fcf788f-ed80-4f38-8d2f-2761fda99470.jpg,cobwebbed,nature
a36a7868-481c-4b8a-a235-4cf285e62fb6,images/a36a7868-481c-4b8a-a235-4cf285e62fb6.jpg,porous,nature
c3cf15cc-a6ae-4b64-a38f-955125f08a66,images/c3cf15cc-a6ae-4b64-a38f-955125f08a66.jpg,freckled,human
45564d65-f973-410b-96bc-ec0878df148a,images/45564d65-f973-410b-96bc-ec0878df148a.jpg,fibrous,nature|tree
dd4c5781-ef58-4252-ae4d-0e02a78ac5bb,images/dd4c5781-ef58-4252-ae4d-0e02a78ac5bb.jpg,pleated,home_furnishing
b540031b-e733-4c94-8356-935eae13e653,images/b540031b-e733-4c94-8356-935eae13e653.jpg,striped,animal
512d5fc9-0e0c-46ca-8ba1-0738b3d9cf56,images/512d5fc9-0e0c-46ca-8ba1-0738b3d9cf56.jpg,banded,fabric|clothing
d3534d50-c737-4ea8-b842-22c1ac35f5ad,images/d3534d50-c737-4ea8-b842-22c1ac35f5ad.jpg,bubbly,nature|liquid
8df9dadf-db71-46d1-9df4-2767a3c8bac6,images/8df9dadf-db71-46d1-9df4-2767a3c8bac6.jpg,potholed,rock|nature
18eb61fc-9f53-4d59-a11b-4da0cce76da0,images/18eb61fc-9f53-4d59-a11b-4da0cce76da0.jpg,spiralled,home_furnishing
1eb3a99e-cbb1-4af7-b812-0a07d8f61d4f,images/1eb3a99e-cbb1-4af7-b812-0a07d8f61d4f.jpg,cracked,nature
899d228a-2e6f-4922-bad4-106e75134116,images/899d228a-2e6f-4922-bad4-106e75134116.jpg,flecked,clothing|fabric
134d21a7-c0c8-49f7-85cd-1dcb135d32cd,images/134d21a7-c0c8-49f7-85cd-1dcb135d32cd.jpg,pitted,rock|nature
e72d39f1-dfe6-4ea7-8c8c-ed183c747b5c,images/e72d39f1-dfe6-4ea7-8c8c-ed183c747b5c.jpg,lacelike,clothing|home_furnishing
0d999355-532c-49cc-b531-41f79975f17d,images/0d999355-532c-49cc-b531-41f79975f17d.jpg,knitted,clothing|home_furnishing|fabric
f6528f7e-bc35-4c9b-8e70-a44feffe32f8,images/f6528f7e-bc35-4c9b-8e70-a44feffe32f8.jpg,studded,home_furnishing|clothing
d98950a9-fd19-44ed-a769-839b08b39f58,images/d98950a9-fd19-44ed-a769-839b08b39f58.jpg,cracked,painting|wall
75c43699-2bd9-4ef6-84cd-ddb26c5304a8,images/75c43699-2bd9-4ef6-84cd-ddb26c5304a8.jpg,knitted,clothing|home_furnishing|fabric
7c12e447-ec01-4a93-964b-be23643a6e78,images/7c12e447-ec01-4a93-964b-be23643a6e78.jpg,braided,fabric|home_furnishing
fa4d8b21-7dc9-4e69-b7f6-527deeb97d20,images/fa4d8b21-7dc9-4e69-b7f6-527deeb97d20.jpg,interlaced,metal
eaef2550-ba76-4610-9d99-5d09c9aecfb1,images/eaef2550-ba76-4610-9d99-5d09c9aecfb1.jpg,lacelike,home_furnishing
9fe2c8f0-7fe9-4e7a-9070-89aedc71f7a4,images/9fe2c8f0-7fe9-4e7a-9070-89aedc71f7a4.jpg,matted,home_furnishing
9cd74f87-b54a-4984-8e09-206865ec47bd,images/9cd74f87-b54a-4984-8e09-206865ec47bd.jpg,spiralled,home_furnishing
4edb4831-5e66-4435-a29e-a01c7fbdf0ac,images/4edb4831-5e66-4435-a29e-a01c7fbdf0ac.jpg,veined,nature
7be93fa5-9f8c-4b3a-8867-541c8e8b74de,images/7be93fa5-9f8c-4b3a-8867-541c8e8b74de.jpg,woven,home_furnishing|fabric
925f25b8-4d41-4589-8a72-4078fc57589c,images/925f25b8-4d41-4589-8a72-4078fc57589c.jpg,stained,painting|wallpaper
26e4c401-c4a2-4fc8-810a-6bfdbf42fcd4,images/26e4c401-c4a2-4fc8-810a-6bfdbf42fcd4.jpg,spiralled,metal
265dda59-9bd1-4cf1-9c8b-46a2330b57c2,images/265dda59-9bd1-4cf1-9c8b-46a2330b57c2.jpg,dotted,clothing|home_furnishing
8e9155b8-d9cd-44df-b0d6-a2685037e97a,images/8e9155b8-d9cd-44df-b0d6-a2685037e97a.jpg,woven,home_furnishing|wood
be2e6621-5e56-4ae9-996f-41c991d9e3c5,images/be2e6621-5e56-4ae9-996f-41c991d9e3c5.jpg,meshed,metal
b67f0889-5c12-4ec7-8037-96ed347e4132,images/b67f0889-5c12-4ec7-8037-96ed347e4132.jpg,cracked,nature
3e2fa0b2-f820-484f-bc86-81533a42d14a,images/3e2fa0b2-f820-484f-bc86-81533a42d14a.jpg,frilly,nature
c479812c-8b32-450f-9ff4-a478659da111,images/c479812c-8b32-450f-9ff4-a478659da111.jpg,smeared,painting|wallpaper
a940e58a-45bd-4b84-a22a-ee3d9a8906b6,images/a940e58a-45bd-4b84-a22a-ee3d9a8906b6.jpg,crystalline,nature|rock
e7a59b83-bbd2-4a11-97b2-2a10814427bc,images/e7a59b83-bbd2-4a11-97b2-2a10814427bc.jpg,smeared,painting|wallpaper
e1fe46a2-0058-4f5e-9da5-b15b52dd8964,images/e1fe46a2-0058-4f5e-9da5-b15b52dd8964.jpg,fibrous,wood
b058c5f5-6cde-406e-a475-b1cfefd30904,images/b058c5f5-6cde-406e-a475-b1cfefd30904.jpg,waffled,food
3bf0968c-7eb3-40d1-8a60-a0a35c8fe7f0,images/3bf0968c-7eb3-40d1-8a60-a0a35c8fe7f0.jpg,wrinkled,human
cd72eee7-f11d-4700-9c6c-96749cf73462,images/cd72eee7-f11d-4700-9c6c-96749cf73462.jpg,braided,fabric|clothing
fef630fb-6956-45c1-8675-32153912dfa6,images/fef630fb-6956-45c1-8675-32153912dfa6.jpg,blotchy,painting
7526aa98-60f0-4adf-b426-511a873a07f9,images/7526aa98-60f0-4adf-b426-511a873a07f9.jpg,gauzy,clothing|home_furnishing
c88593b6-4cbb-4f32-bd0e-58b63a010c17,images/c88593b6-4cbb-4f32-bd0e-58b63a010c17.jpg,pleated,home_furnishing
66b839f2-227e-45dd-99f1-4fa890465dcb,images/66b839f2-227e-45dd-99f1-4fa890465dcb.jpg,sprinkled,nature|tree
345d93f3-c414-4816-9f33-fb8f104ca1be,images/345d93f3-c414-4816-9f33-fb8f104ca1be.jpg,flecked,clothing|fabric
bfed0cd7-5d99-478c-a22d-1fb32cffe79b,images/bfed0cd7-5d99-478c-a22d-1fb32cffe79b.jpg,stratified,rock|nature
86a46628-6398-4201-8921-d94a07613929,images/86a46628-6398-4201-8921-d94a07613929.jpg,perforated,metal
f491de3c-40b6-44be-95fc-bf7bd44b3bb9,images/f491de3c-40b6-44be-95fc-bf7bd44b3bb9.jpg,sprinkled,food
ba0fbfa0-f5c8-4fd7-ac02-efa119a0f386,images/ba0fbfa0-f5c8-4fd7-ac02-efa119a0f386.jpg,veined,nature
581ba99e-aa8a-4efe-ad2b-fe1854980a4a,images/581ba99e-aa8a-4efe-ad2b-fe1854980a4a.jpg,blotchy,wallpaper
6b97ee1f-8d9a-4b60-bd3c-1e749083ae03,images/6b97ee1f-8d9a-4b60-bd3c-1e749083ae03.jpg,flecked,clothing|fabric
36cf2be0-db61-44ac-b063-a2c68c1a5083,images/36cf2be0-db61-44ac-b063-a2c68c1a5083.jpg,knitted,clothing|home_furnishing|fabric
f4923bde-7c3a-44f0-8916-f547baac0c73,images/f4923bde-7c3a-44f0-8916-f547baac0c73.jpg,lined,clothing|home_furnishing
9136a191-bb90-44d1-9745-b34b0657e53e,images/9136a191-bb90-44d1-9745-b34b0657e53e.jpg,honeycombed,home_furnishing
5377575e-aa78-40cb-af9d-9c70c0875a1f,images/5377575e-aa78-40cb-af9d-9c70c0875a1f.jpg,pleated,home_furnishing
4c117466-7e2a-450e-931e-5e33cf79b443,images/4c117466-7e2a-450e-931e-5e33cf79b443.jpg,sprinkled,clothing
a8f71676-12cb-4d38-af56-5667016d2938,images/a8f71676-12cb-4d38-af56-5667016d2938.jpg,pitted,food|nature
ff9739aa-27a8-4304-98b8-65939a9e6475,images/ff9739aa-27a8-4304-98b8-65939a9e6475.jpg,crosshatched,painting|wallpaper
072f2697-5c83-4d4d-9ad8-08615f79a41c,images/072f2697-5c83-4d4d-9ad8-08615f79a41c.jpg,bubbly,nature|liquid|food
e6319613-1a86-4b00-98c0-129847e3fb84,images/e6319613-1a86-4b00-98c0-129847e3fb84.jpg,swirly,painting|wallpaper
49fd3286-726e-4e3b-86d2-2794832d19b5,images/49fd3286-726e-4e3b-86d2-2794832d19b5.jpg,chequered,wallpaper|painting
b0c21c96-206f-4f7a-86f8-c817d6dbddb7,images/b0c21c96-206f-4f7a-86f8-c817d6dbddb7.jpg,smeared,painting|wallpaper
a06704e2-5a87-4ea1-8661-7a29cbf03e1a,images/a06704e2-5a87-4ea1-8661-7a29cbf03e1a.jpg,banded,fabric|clothing|wallpaper
72c3fed3-7057-462d-83e5-d43d00c6471a,images/72c3fed3-7057-462d-83e5-d43d00c6471a.jpg,freckled,human
e1d0c63e-aba2-420c-9de0-3457678f557a,images/e1d0c63e-aba2-420c-9de0-3457678f557a.jpg,bumpy,concrete
aaa2af80-a17a-40d9-9c88-0b30006a1aeb,images/aaa2af80-a17a-40d9-9c88-0b30006a1aeb.jpg,scaly,animal
6500e37d-1454-4e3e-ac17-5402e5025c29,images/6500e37d-1454-4e3e-ac17-5402e5025c29.jpg,meshed,metal
93274679-0b20-4d45-9d4e-51e81f1d3400,images/93274679-0b20-4d45-9d4e-51e81f1d3400.jpg,meshed,home_furnishing|fabric
87d92e52-4475-48ef-9ce4-ea24b826a03f,images/87d92e52-4475-48ef-9ce4-ea24b826a03f.jpg,lined,painting|wallpaper
69fba03d-e068-4e80-be0a-28adfca5756f,images/69fba03d-e068-4e80-be0a-28adfca5756f.jpg,lined,clothing|home_furnishing
fb9face1-bcd2-4de3-aa3f-1b300ad4e30f,images/fb9face1-bcd2-4de3-aa3f-1b300ad4e30f.jpg,zigzagged,home_furnishing|clothing
4ce5f8b5-a03f-4b97-8fe1-fdd3118ba4da,images/4ce5f8b5-a03f-4b97-8fe1-fdd3118ba4da.jpg,interlaced,concrete
2d629e5b-dc05-4237-95b5-3e932430f1ba,images/2d629e5b-dc05-4237-95b5-3e932430f1ba.jpg,wrinkled,animal|nature
5984c64d-116b-4bef-8ee7-235ed8cec1b7,images/5984c64d-116b-4bef-8ee7-235ed8cec1b7.jpg,cracked,nature
5e4de524-add3-43af-82cf-4a8146d3918f,images/5e4de524-add3-43af-82cf-4a8146d3918f.jpg,dotted,clothing|home_furnishing
b62d0325-de80-4cb6-8399-d383046cff51,images/b62d0325-de80-4cb6-8399-d383046cff51.jpg,marbled,rock|nature
7e3d680c-6a4f-476a-ad74-8a94656dfd48,images/7e3d680c-6a4f-476a-ad74-8a94656dfd48.jpg,frilly,nature|food
38b193eb-09fd-4b7d-b541-3b659c240d82,images/38b193eb-09fd-4b7d-b541-3b659c240d82.jpg,bubbly,nature|food|liquid
bce63549-1598-440e-9004-57c1d92eccdf,images/bce63549-1598-440e-9004-57c1d92eccdf.jpg,polka-dotted,clothing
5425c27d-281e-48e8-9e37-399e21cdd214,images/5425c27d-281e-48e8-9e37-399e21cdd214.jpg,grooved,plastic
dc4adc6a-58b9-459f-ba2b-f721b97e3df2,images/dc4adc6a-58b9-459f-ba2b-f721b97e3df2.jpg,wrinkled,paper
ed51f526-203a-4fec-8546-97e78b9a9176,images/ed51f526-203a-4fec-8546-97e78b9a9176.jpg,perforated,home_furnishing
b61712fa-7d8d-4cd7-a559-ab94478d9d82,images/b61712fa-7d8d-4cd7-a559-ab94478d9d82.jpg,studded,home_furnishing
2d3c851d-cc12-4c14-ae96-b1bc1352cbe8,images/2d3c851d-cc12-4c14-ae96-b1bc1352cbe8.jpg,stained,painting|wall
78afdc8a-c9a6-4195-9c56-af9bfe82f78b,images/78afdc8a-c9a6-4195-9c56-af9bfe82f78b.jpg,matted,painting|wallpaper
c3bd92bc-0332-44c2-912d-398b35611e23,images/c3bd92bc-0332-44c2-912d-398b35611e23.jpg,grooved,wallpaper|painting
66da7e13-7a8c-4764-acf4-56323055329d,images/66da7e13-7a8c-4764-acf4-56323055329d.jpg,knitted,clothing|home_furnishing|fabric
7b971414-e885-4c1a-a8b7-3e743297db24,images/7b971414-e885-4c1a-a8b7-3e743297db24.jpg,frilly,nature
6234f4f8-0904-49af-838e-583181891cb4,images/6234f4f8-0904-49af-838e-583181891cb4.jpg,grid,wallpaper|painting
244d5759-0ac0-4ad3-bc82-7d6e051501e6,images/244d5759-0ac0-4ad3-bc82-7d6e051501e6.jpg,lacelike,home_furnishing
eabcebdf-94b2-4bbf-9acd-d0ff65c129f1,images/eabcebdf-94b2-4bbf-9acd-d0ff65c129f1.jpg,perforated,wallpaper|painting
5efed82a-8124-49a4-86fd-67353465d78d,images/5efed82a-8124-49a4-86fd-67353465d78d.jpg,scaly,animal
a5f39e92-dacf-4231-8595-d8a6a7a78d91,images/a5f39e92-dacf-4231-8595-d8a6a7a78d91.jpg,fibrous,nature
d84a2d39-0d12-4984-a527-7f679dbd46d5,images/d84a2d39-0d12-4984-a527-7f679dbd46d5.jpg,freckled,human
2fa495c4-4502-4ec3-be97-85cd32d76723,images/2fa495c4-4502-4ec3-be97-85cd32d76723.jpg,gauzy,home_furnishing
56bcdaca-8926-49ab-8b04-f67fce011c9c,images/56bcdaca-8926-49ab-8b04-f67fce011c9c.jpg,crosshatched,wood
d862f6e4-9bf9-4d75-b7f9-75abe35df0e3,images/d862f6e4-9bf9-4d75-b7f9-75abe35df0e3.jpg,frilly,clothing|home_furnishing
16391c6f-3a4c-4e13-b8b6-fdd2158de767,images/16391c6f-3a4c-4e13-b8b6-fdd2158de767.jpg,swirly,painting|wallpaper
f2c8f79a-d9f1-473a-a05c-4cf843aa3fd1,images/f2c8f79a-d9f1-473a-a05c-4cf843aa3fd1.jpg,frilly,clothing|home_furnishing
8b8e8bde-a740-4472-9196-39091ab2c29c,images/8b8e8bde-a740-4472-9196-39091ab2c29c.jpg,polka-dotted,home_furnishing|clothing
699b17d4-d143-4c72-8c5c-2413db948bf8,images/699b17d4-d143-4c72-8c5c-2413db948bf8.jpg,striped,animal
30d5de87-cc01-4ebc-952b-57d8f2c7015d,images/30d5de87-cc01-4ebc-952b-57d8f2c7015d.jpg,lacelike,home_furnishing
1a2805ec-841b-4c1a-bff7-1858c624a217,images/1a2805ec-841b-4c1a-bff7-1858c624a217.jpg,honeycombed,home_furnishing
4e0ada4a-4719-4281-b86c-962e0bf44a65,images/4e0ada4a-4719-4281-b86c-962e0bf44a65.jpg,matted,nature|liquid
75562c65-3629-4b00-b52f-dcc420f5eb2d,images/75562c65-3629-4b00-b52f-dcc420f5eb2d.jpg,wrinkled,paper
26c0080f-cadb-4250-aec4-e337ee9f1663,images/26c0080f-cadb-4250-aec4-e337ee9f1663.jpg,wrinkled,paper
31cd11cd-2d6d-4728-9c8e-3e483e568392,images/31cd11cd-2d6d-4728-9c8e-3e483e568392.jpg,smeared,painting|wallpaper
d08b2bca-dc93-4fa1-88a8-75bb009bde17,images/d08b2bca-dc93-4fa1-88a8-75bb009bde17.jpg,woven,home_furnishing|wood
a7fc918a-4bb6-4e5f-bdc5-f3878f594ff0,images/a7fc918a-4bb6-4e5f-bdc5-f3878f594ff0.jpg,smeared,painting|wallpaper
73996e61-2ccf-453f-a658-79315106a762,images/73996e61-2ccf-453f-a658-79315106a762.jpg,spiralled,painting|wallpaper
6d884ccd-aae7-4724-9977-b35accce667f,images/6d884ccd-aae7-4724-9977-b35accce667f.jpg,grid,home_furnishing|clothing
a4041732-4964-437c-ba69-080ff16270b3,images/a4041732-4964-437c-ba69-080ff16270b3.jpg,sprinkled,food
3aa51315-ea4e-48de-8d45-cc04c85fffe0,images/3aa51315-ea4e-48de-8d45-cc04c85fffe0.jpg,crystalline,nature|rock
23a59051-65b5-4808-9450-4f2f103889af,images/23a59051-65b5-4808-9450-4f2f103889af.jpg,cracked,nature|wood
99403369-21a1-4315-b3fd-e18d5cedc547,images/99403369-21a1-4315-b3fd-e18d5cedc547.jpg,zigzagged,painting|wallpaper
69db7484-2f8c-4300-a6c8-656120da6ec2,images/69db7484-2f8c-4300-a6c8-656120da6ec2.jpg,marbled,rock|nature
34ad7f8f-5297-4b13-845d-c54853f25b4c,images/34ad7f8f-5297-4b13-845d-c54853f25b4c.jpg,lined,clothing
25c9f26f-c2b0-4913-81db-887a91d7fe2e,images/25c9f26f-c2b0-4913-81db-887a91d7fe2e.jpg,studded,home_furnishing|clothing
5fe26491-319a-413e-954c-e0df93a0ac8d,images/5fe26491-319a-413e-954c-e0df93a0ac8d.jpg,smeared,painting|wallpaper
248e99f8-874a-433f-906b-39f0e423bd16,images/248e99f8-874a-433f-906b-39f0e423bd16.jpg,crosshatched,painting|wallpaper
1e0c061c-c491-4b50-a10b-18b24476ce6c,images/1e0c061c-c491-4b50-a10b-18b24476ce6c.jpg,scaly,home_furnishing|clothing
163ea0d8-9634-4270-a254-e971b9a82b7a,images/163ea0d8-9634-4270-a254-e971b9a82b7a.jpg,scaly,animal
64a1a88b-b7c0-46e0-858e-7123932f51c6,images/64a1a88b-b7c0-46e0-858e-7123932f51c6.jpg,striped,wallpaper|painting
f7a1e4fb-bda5-48e1-9782-e0b7b9221b68,images/f7a1e4fb-bda5-48e1-9782-e0b7b9221b68.jpg,cracked,nature|rock
efa437f3-6e5f-48d4-92eb-0d1f6f249336,images/efa437f3-6e5f-48d4-92eb-0d1f6f249336.jpg,frilly,nature
79838e79-6e41-4b7e-b864-f870d3245f56,images/79838e79-6e41-4b7e-b864-f870d3245f56.jpg,flecked,wallpaper|painting
286a0670-5eaa-4ca9-bf0e-dd174e5690e5,images/286a0670-5eaa-4ca9-bf0e-dd174e5690e5.jpg,potholed,concrete
87abb9a7-37ef-4421-bf42-828aa1876974,images/87abb9a7-37ef-4421-bf42-828aa1876974.jpg,cobwebbed,clothing|fabric
897590a8-5534-4b93-a425-8ba2caa0162e,images/897590a8-5534-4b93-a425-8ba2caa0162e.jpg,freckled,nature|food
d5c0cf61-bc63-4e83-ba32-99b81e729632,images/d5c0cf61-bc63-4e83-ba32-99b81e729632.jpg,pleated,home_furnishing|paper
f630c39f-a159-4422-a4af-40cca8b41713,images/f630c39f-a159-4422-a4af-40cca8b41713.jpg,spiralled,nature|tree
2485621d-9755-4c3e-acbe-25c11446f2b4,images/2485621d-9755-4c3e-acbe-25c11446f2b4.jpg,honeycombed,home_furnishing
0966ef56-1d46-4430-b84e-61bb65c171fc,images/0966ef56-1d46-4430-b84e-61bb65c171fc.jpg,porous,rock|nature
cf24d9de-5044-4c80-a2f7-5d7a314610a5,images/cf24d9de-5044-4c80-a2f7-5d7a314610a5.jpg,pitted,rock|nature
291222fd-9884-466a-bcf5-1b17fdd4cc45,images/291222fd-9884-466a-bcf5-1b17fdd4cc45.jpg,bubbly,nature|food
e5c2858a-a814-4a7d-8af1-fb6fa0f10448,images/e5c2858a-a814-4a7d-8af1-fb6fa0f10448.jpg,braided,human|hair
9235cd0c-2208-4748-8b05-140c2ba1f338,images/9235cd0c-2208-4748-8b05-140c2ba1f338.jpg,freckled,human
43d4aea2-65ef-47dd-9dc9-581e4427a4c4,images/43d4aea2-65ef-47dd-9dc9-581e4427a4c4.jpg,matted,nature
656ec8d7-6acd-4462-9238-40100cc8c24c,images/656ec8d7-6acd-4462-9238-40100cc8c24c.jpg,banded,fabric|clothing
85c107b6-cad1-4f62-be4a-eb2cc565d863,images/85c107b6-cad1-4f62-be4a-eb2cc565d863.jpg,stained,painting
9433443b-0b65-47d1-b9fb-08c6203af368,images/9433443b-0b65-47d1-b9fb-08c6203af368.jpg,swirly,painting|wallpaper
8911193b-47de-4b64-8f56-0d3b96f6c66d,images/8911193b-47de-4b64-8f56-0d3b96f6c66d.jpg,woven,home_furnishing|wood
a55b865f-bb59-4b25-aa0f-8ae1af3138c0,images/a55b865f-bb59-4b25-aa0f-8ae1af3138c0.jpg,dotted,clothing|home_furnishing
208c7eb0-00dc-4415-a3b6-579608f5489e,images/208c7eb0-00dc-4415-a3b6-579608f5489e.jpg,lined,clothing|home_furnishing
912a25b1-dff3-4d16-8afc-6dc2bfc726de,images/912a25b1-dff3-4d16-8afc-6dc2bfc726de.jpg,sprinkled,food
1ee89db1-5b17-46a5-9b54-287452039a9b,images/1ee89db1-5b17-46a5-9b54-287452039a9b.jpg,studded,home_furnishing|clothing
f5f8a103-f942-473d-849b-9ba663f828a1,images/f5f8a103-f942-473d-849b-9ba663f828a1.jpg,crystalline,nature|rock
8e865639-b08f-4c37-b16d-aa9b4d095197,images/8e865639-b08f-4c37-b16d-aa9b4d095197.jpg,dotted,clothing|home_furnishing
4675c36b-213b-4b75-8602-efeb65b5a0bb,images/4675c36b-213b-4b75-8602-efeb65b5a0bb.jpg,potholed,concrete
3f7ee1ec-0b18-4563-931c-478b91e5f36a,images/3f7ee1ec-0b18-4563-931c-478b91e5f36a.jpg,pleated,home_furnishing
916523c4-c332-4a91-bfda-2a05deb9a5a0,images/916523c4-c332-4a91-bfda-2a05deb9a5a0.jpg,meshed,plastic
16a52634-9dee-49ad-a014-b3027cb4b9e6,images/16a52634-9dee-49ad-a014-b3027cb4b9e6.jpg,marbled,rock|nature
e11d489b-50dc-448b-8d3f-eb7af027717d,images/e11d489b-50dc-448b-8d3f-eb7af027717d.jpg,grooved,metal|painting
96d4b9a3-38c5-4e2c-862e-faa02fa2b9dc,images/96d4b9a3-38c5-4e2c-862e-faa02fa2b9dc.jpg,flecked,clothing|fabric
79a7272c-2959-4b6f-8c85-b6329704ee99,images/79a7272c-2959-4b6f-8c85-b6329704ee99.jpg,honeycombed,nature|food
c1696b44-6f2f-41d3-97b4-c5392df6aa29,images/c1696b44-6f2f-41d3-97b4-c5392df6aa29.jpg,potholed,rock|nature
55512812-7ad3-4b86-b18a-d3c104b0887b,images/55512812-7ad3-4b86-b18a-d3c104b0887b.jpg,banded,fabric|clothing|wallpaper
6d05fe4e-c434-4a56-ae36-6eb5bf652f2d,images/6d05fe4e-c434-4a56-ae36-6eb5bf652f2d.jpg,waffled,food
41f0bcf5-e0ad-46b0-a7e5-035f8ccf1a22,images/41f0bcf5-e0ad-46b0-a7e5-035f8ccf1a22.jpg,crystalline,nature|rock
95a32244-d6e0-44dd-986b-eef5359aa77e,images/95a32244-d6e0-44dd-986b-eef5359aa77e.jpg,bubbly,nature|photography
808fe51d-6a7d-4e09-9c8c-a0a70f992db1,images/808fe51d-6a7d-4e09-9c8c-a0a70f992db1.jpg,stained,painting|wallpaper
16551ae6-51cd-4921-a1e5-ead84e4cebba,images/16551ae6-51cd-4921-a1e5-ead84e4cebba.jpg,bubbly,nature|food|liquid
337309d6-9cc5-4fdb-93f8-b9d53d0c5165,images/337309d6-9cc5-4fdb-93f8-b9d53d0c5165.jpg,veined,painting|wallpaper
b549561b-7871-444c-b18e-8b512b9212fd,images/b549561b-7871-444c-b18e-8b512b9212fd.jpg,stained,painting|wallpaper
8d803ed0-afed-4452-ae50-9231d8ddae73,images/8d803ed0-afed-4452-ae50-9231d8ddae73.jpg,meshed,metal
4b18f909-f4c9-4228-85b2-bc9cdb068ead,images/4b18f909-f4c9-4228-85b2-bc9cdb068ead.jpg,sprinkled,nature
e178429a-d726-4961-b116-130a979f56c5,images/e178429a-d726-4961-b116-130a979f56c5.jpg,stratified,rock|nature
6d6b18ce-ec09-420e-87f8-06f05f4e6154,images/6d6b18ce-ec09-420e-87f8-06f05f4e6154.jpg,interlaced,plastic
1d89a730-5427-46f3-99c7-c2e4ac37cd07,images/1d89a730-5427-46f3-99c7-c2e4ac37cd07.jpg,paisley,home_furnishing|clothing
ddec7905-6e15-42ae-8f34-b4b5060929ca,images/ddec7905-6e15-42ae-8f34-b4b5060929ca.jpg,interlaced,wallpaper|painting
4e101be5-15f8-4bdc-a281-8657b8a8f58f,images/4e101be5-15f8-4bdc-a281-8657b8a8f58f.jpg,stratified,rock|nature
27793164-2c3e-4c39-a7b9-26cb9fe8619e,images/27793164-2c3e-4c39-a7b9-26cb9fe8619e.jpg,matted,nature
b507ca67-27b6-433d-bd06-873044ad85b4,images/b507ca67-27b6-433d-bd06-873044ad85b4.jpg,zigzagged,home_furnishing
3693572a-cf85-4269-84f2-786e847705a6,images/3693572a-cf85-4269-84f2-786e847705a6.jpg,spiralled,nature
f8182406-7f29-4e0b-ad8e-d516f4b78614,images/f8182406-7f29-4e0b-ad8e-d516f4b78614.jpg,bumpy,concrete
004dc614-2c3e-4200-8b30-c232f162b8c9,images/004dc614-2c3e-4200-8b30-c232f162b8c9.jpg,porous,concrete
8629d3de-d7a9-4041-9459-ccd0a6b6af50,images/8629d3de-d7a9-4041-9459-ccd0a6b6af50.jpg,frilly,nature
eafce454-5962-41a9-8df7-1ce771e5e437,images/eafce454-5962-41a9-8df7-1ce771e5e437.jpg,dotted,wallpaper|painting
0df0d07e-f61b-4ee4-98a5-c1d270cb385d,images/0df0d07e-f61b-4ee4-98a5-c1d270cb385d.jpg,waffled,food
07b866e4-6c23-4cc6-8ddb-3e59da3ecc72,images/07b866e4-6c23-4cc6-8ddb-3e59da3ecc72.jpg,chequered,clothing|home_furnishing|fabric
8e37822c-b4fd-420c-9b97-8509047dfab1,images/8e37822c-b4fd-420c-9b97-8509047dfab1.jpg,flecked,clothing
2bdf5fb7-663b-4cba-bb4a-33aed28b34d0,images/2bdf5fb7-663b-4cba-bb4a-33aed28b34d0.jpg,zigzagged,home_furnishing|clothing
98a752cc-1cc9-49c6-a47c-57bf8b520af9,images/98a752cc-1cc9-49c6-a47c-57bf8b520af9.jpg,honeycombed,wall|painting
3d554a13-eb54-4a5d-b61d-1e9e3d29809d,images/3d554a13-eb54-4a5d-b61d-1e9e3d29809d.jpg,potholed,concrete
03c31ce9-e49a-4f12-bfe9-9785271aeaf8,images/03c31ce9-e49a-4f12-bfe9-9785271aeaf8.jpg,freckled,human
cbe190f6-fcd0-4b8e-b0b9-b304fda22400,images/cbe190f6-fcd0-4b8e-b0b9-b304fda22400.jpg,braided,fabric|home_furnishing
414b0db7-8253-4844-a8d2-4d67a8ed2f23,images/414b0db7-8253-4844-a8d2-4d67a8ed2f23.jpg,crosshatched,painting|wallpaper
3afa011c-0377-4939-a7a3-da352c2d05fd,images/3afa011c-0377-4939-a7a3-da352c2d05fd.jpg,braided,fabric|home_furnishing
5d5dc88f-b15c-44c2-bf18-ba6386ee1871,images/5d5dc88f-b15c-44c2-bf18-ba6386ee1871.jpg,woven,home_furnishing|fabric
eef40873-858f-4bad-ad99-6ba0c60e4cfb,images/eef40873-858f-4bad-ad99-6ba0c60e4cfb.jpg,lined,painting|wallpaper
74992908-8a13-4824-95a9-b8dc7846c434,images/74992908-8a13-4824-95a9-b8dc7846c434.jpg,banded,fabric|clothing|wallpaper
cf0c9fdf-b76d-4630-8d80-d6db68621778,images/cf0c9fdf-b76d-4630-8d80-d6db68621778.jpg,blotchy,painting|wallpaper
80d8cb81-82c4-457a-ba9d-a92668e895d7,images/80d8cb81-82c4-457a-ba9d-a92668e895d7.jpg,polka-dotted,home_furnishing|clothing
a6b522f0-6bb8-4e60-94d3-727ae3b0069a,images/a6b522f0-6bb8-4e60-94d3-727ae3b0069a.jpg,smeared,painting|wallpaper
1787685a-0d6c-4431-b2bf-a0b14928be43,images/1787685a-0d6c-4431-b2bf-a0b14928be43.jpg,dotted,wallpaper|painting
b96f059c-35d5-4fb4-8449-6d940c167399,images/b96f059c-35d5-4fb4-8449-6d940c167399.jpg,crosshatched,clothing|home_furnishing
7d19dba2-457a-4cc8-ab48-b14ee180d4ae,images/7d19dba2-457a-4cc8-ab48-b14ee180d4ae.jpg,bubbly,nature|food|liquid
d92279a2-ea67-413f-90a4-6f98de126019,images/d92279a2-ea67-413f-90a4-6f98de126019.jpg,meshed,metal
8f725f44-f0e6-4589-a17c-536b152cade8,images/8f725f44-f0e6-4589-a17c-536b152cade8.jpg,veined,nature
5a0ffc21-87b5-442b-8860-3a28c404f186,images/5a0ffc21-87b5-442b-8860-3a28c404f186.jpg,lacelike,home_furnishing
7a571a27-0237-4546-8d6d-68e579d181bc,images/7a571a27-0237-4546-8d6d-68e579d181bc.jpg,interlaced,home_furnishing
17db319c-daab-4241-9878-e7956c572539,images/17db319c-daab-4241-9878-e7956c572539.jpg,stratified,rock|nature
eb3e0b95-6884-4d14-8340-fbc54d5f54d0,images/eb3e0b95-6884-4d14-8340-fbc54d5f54d0.jpg,interlaced,metal
9566ab00-d9c5-480a-b2ec-7bba2192405e,images/9566ab00-d9c5-480a-b2ec-7bba2192405e.jpg,fibrous,nature|tree
2a5e3105-e77d-4087-877b-0afa6852e51a,images/2a5e3105-e77d-4087-877b-0afa6852e51a.jpg,stained,painting|wallpaper
5bd7a977-1dee-47c4-baf6-0df4d12e456c,images/5bd7a977-1dee-47c4-baf6-0df4d12e456c.jpg,crosshatched,painting|wallpaper
0b6957eb-0192-4088-9d90-0f06da8a0234,images/0b6957eb-0192-4088-9d90-0f06da8a0234.jpg,banded,fabric|clothing
4d5645e4-6079-486c-81a8-2f39d6f07ce6,images/4d5645e4-6079-486c-81a8-2f39d6f07ce6.jpg,pleated,paper
8b77b677-e6de-4373-bcd2-b0c2d7f1ec40,images/8b77b677-e6de-4373-bcd2-b0c2d7f1ec40.jpg,meshed,fabric
dfda0376-08d1-4217-a073-de4606f8799c,images/dfda0376-08d1-4217-a073-de4606f8799c.jpg,frilly,nature
deb0844a-7025-41c6-8dca-cb31dba14400,images/deb0844a-7025-41c6-8dca-cb31dba14400.jpg,crystalline,nature|rock
389cf06d-6be0-4e3d-b759-a6e5fef18a9c,images/389cf06d-6be0-4e3d-b759-a6e5fef18a9c.jpg,zigzagged,home_furnishing
9875314b-db47-4d3c-970a-3b437ae3861b,images/9875314b-db47-4d3c-970a-3b437ae3861b.jpg,marbled,rock|nature
dd65b80a-6629-4383-8b31-4a9163bf2973,images/dd65b80a-6629-4383-8b31-4a9163bf2973.jpg,honeycombed,home_furnishing|clothing
27678c0f-19bf-4d75-96c0-b42fc34f2d08,images/27678c0f-19bf-4d75-96c0-b42fc34f2d08.jpg,blotchy,fabric|clothing
39389ccd-fbe1-4ece-b537-606159b4a35b,images/39389ccd-fbe1-4ece-b537-606159b4a35b.jpg,blotchy,nature|ice
9b6cb4d8-434f-4da5-853a-7735d19e1c2b,images/9b6cb4d8-434f-4da5-853a-7735d19e1c2b.jpg,flecked,nature|rock
3606ee3c-d0eb-4c70-b4cb-5d5ed149f08c,images/3606ee3c-d0eb-4c70-b4cb-5d5ed149f08c.jpg,stratified,rock|nature
4eed751c-cce8-4892-a55d-c207287b231f,images/4eed751c-cce8-4892-a55d-c207287b231f.jpg,fibrous,nature
92fac97d-e139-4c22-be13-cd22347a2340,images/92fac97d-e139-4c22-be13-cd22347a2340.jpg,swirly,painting|wallpaper
f9c48d7f-ee23-4e84-aa68-db7432bd3d76,images/f9c48d7f-ee23-4e84-aa68-db7432bd3d76.jpg,perforated,plastic
a51f123a-5758-4d30-b678-7175b31e5264,images/a51f123a-5758-4d30-b678-7175b31e5264.jpg,honeycombed,home_furnishing
bc0af72c-62ad-4a32-b1ff-876cbfa01bb0,images/bc0af72c-62ad-4a32-b1ff-876cbfa01bb0.jpg,cobwebbed,nature|animal
824025fd-351b-4698-a57e-48b02ae01547,images/824025fd-351b-4698-a57e-48b02ae01547.jpg,bubbly,nature|food|liquid
37d56498-252a-47fa-9ea6-f3af6dcf879f,images/37d56498-252a-47fa-9ea6-f3af6dcf879f.jpg,waffled,food
e08d448d-781b-4cc6-b1d0-aadb0e9ad0f5,images/e08d448d-781b-4cc6-b1d0-aadb0e9ad0f5.jpg,smeared,painting|wallpaper
32bea9fa-e7ee-46de-9910-fa6b55e30474,images/32bea9fa-e7ee-46de-9910-fa6b55e30474.jpg,cracked,nature
11a2a26a-9d7e-4ebc-8d2f-d57492f0e506,images/11a2a26a-9d7e-4ebc-8d2f-d57492f0e506.jpg,scaly,animal
e0497f82-9bfb-44ed-8fd0-db1fb2585577,images/e0497f82-9bfb-44ed-8fd0-db1fb2585577.jpg,crosshatched,painting|wallpaper
35d774fc-e75a-4249-b4f1-15fab75336e4,images/35d774fc-e75a-4249-b4f1-15fab75336e4.jpg,lacelike,clothing|home_furnishing
857a8dc0-b90f-46fa-9a07-4998aa23751d,images/857a8dc0-b90f-46fa-9a07-4998aa23751d.jpg,braided,fabric|home_furnishing
b3b9347e-5230-4920-8c04-6f57916541b6,images/b3b9347e-5230-4920-8c04-6f57916541b6.jpg,cobwebbed,nature
157a5c01-0862-4189-992c-802a31a69bd9,images/157a5c01-0862-4189-992c-802a31a69bd9.jpg,meshed,metal
eb064ad4-611c-4f09-a3ab-70f6e5367dd8,images/eb064ad4-611c-4f09-a3ab-70f6e5367dd8.jpg,veined,nature
fcbf03a8-5b55-4012-a462-3a9f86290be4,images/fcbf03a8-5b55-4012-a462-3a9f86290be4.jpg,marbled,rock|nature
a4d83761-5d6c-4edd-89af-c7756b54044a,images/a4d83761-5d6c-4edd-89af-c7756b54044a.jpg,cracked,nature|wood
97a79a77-d635-43d1-8ba7-95886f4dd572,images/97a79a77-d635-43d1-8ba7-95886f4dd572.jpg,honeycombed,wallpaper|painting
649bcc19-f135-477d-9bf4-f2ac0d9499b5,images/649bcc19-f135-477d-9bf4-f2ac0d9499b5.jpg,banded,fabric|clothing
22556b83-31de-4f80-a3f8-36429cca3777,images/22556b83-31de-4f80-a3f8-36429cca3777.jpg,chequered,clothing|home_furnishing|fabric
845d2382-f562-4f74-92c6-ccbf31bb2def,images/845d2382-f562-4f74-92c6-ccbf31bb2def.jpg,bubbly,nature|food|liquid
a22807c6-0e14-4bf0-904d-eacc1df3076e,images/a22807c6-0e14-4bf0-904d-eacc1df3076e.jpg,banded,fabric|clothing|wallpaper
6d63f2de-2f3d-48ec-bedf-fccf8c4c3f76,images/6d63f2de-2f3d-48ec-bedf-fccf8c4c3f76.jpg,studded,home_furnishing|clothing
7ae7b958-f6de-41d9-bfaa-c720e6ad5ee9,images/7ae7b958-f6de-41d9-bfaa-c720e6ad5ee9.jpg,honeycombed,concrete|rock
c6bcf669-b9aa-4d62-aef1-5e4cfc918dd3,images/c6bcf669-b9aa-4d62-aef1-5e4cfc918dd3.jpg,lined,clothing
238834a3-5140-414e-9185-f7eeec0a805f,images/238834a3-5140-414e-9185-f7eeec0a805f.jpg,marbled,rock|nature
6600209e-dbfd-4113-9867-99b3c5ad1c92,images/6600209e-dbfd-4113-9867-99b3c5ad1c92.jpg,woven,wallpaper|painting
1e724e47-4878-4895-aea6-50ce77d4bda6,images/1e724e47-4878-4895-aea6-50ce77d4bda6.jpg,veined,nature
e3cf6b3a-b144-418c-9594-8ac80fab0cc6,images/e3cf6b3a-b144-418c-9594-8ac80fab0cc6.jpg,bumpy,nature|food
c1a790aa-525b-4b20-a949-37fd064be8ce,images/c1a790aa-525b-4b20-a949-37fd064be8ce.jpg,veined,nature
bdf747b9-52d8-4d3b-8606-52a9d9145fe3,images/bdf747b9-52d8-4d3b-8606-52a9d9145fe3.jpg,pitted,rock|nature
4e9fe601-4720-4aef-8898-3f11f54980fc,images/4e9fe601-4720-4aef-8898-3f11f54980fc.jpg,braided,human|hair
5d5aa208-43d7-471b-8538-95393aecb0b1,images/5d5aa208-43d7-471b-8538-95393aecb0b1.jpg,chequered,wallpaper|painting
17d71f5f-b351-4f5c-9453-f1272b9b8ca9,images/17d71f5f-b351-4f5c-9453-f1272b9b8ca9.jpg,waffled,home_furnishing|clothing
09478c4a-e685-41b2-89c6-e15a8c4cf322,images/09478c4a-e685-41b2-89c6-e15a8c4cf322.jpg,interlaced,metal
598f749a-e928-4dba-b4b6-aacc21f65a2a,images/598f749a-e928-4dba-b4b6-aacc21f65a2a.jpg,wrinkled,paper
b7d0d86d-9972-43e4-a6c4-ad0156e419f4,images/b7d0d86d-9972-43e4-a6c4-ad0156e419f4.jpg,scaly,animal
b9b1d358-55e8-49cc-9113-3b1b791587d4,images/b9b1d358-55e8-49cc-9113-3b1b791587d4.jpg,porous,nature
0ee493ca-d83d-47e9-aab4-7f021b2bb726,images/0ee493ca-d83d-47e9-aab4-7f021b2bb726.jpg,porous,concrete
c9c4b966-73f2-45c3-9137-fa7d896c92a1,images/c9c4b966-73f2-45c3-9137-fa7d896c92a1.jpg,blotchy,nature|rock
b27da61a-8f9a-4156-a9b5-4b1e5d859951,images/b27da61a-8f9a-4156-a9b5-4b1e5d859951.jpg,grooved,wallpaper|painting
588fbdf4-dd67-4301-b032-dd624e49e0cf,images/588fbdf4-dd67-4301-b032-dd624e49e0cf.jpg,interlaced,metal
66d1138d-778a-4fc5-bfc9-d18769407d02,images/66d1138d-778a-4fc5-bfc9-d18769407d02.jpg,gauzy,home_furnishing
f1512b57-6d2c-401f-91bd-9c720c909f7e,images/f1512b57-6d2c-401f-91bd-9c720c909f7e.jpg,smeared,painting|wallpaper
432816d1-4cbd-48d8-8000-77b6c0d8295d,images/432816d1-4cbd-48d8-8000-77b6c0d8295d.jpg,studded,home_furnishing|clothing
f114923c-d323-421e-ae91-4b41c7e57403,images/f114923c-d323-421e-ae91-4b41c7e57403.jpg,gauzy,clothing|fabric
ac241a0e-4ffa-4052-ae17-c9a27a2c4ec9,images/ac241a0e-4ffa-4052-ae17-c9a27a2c4ec9.jpg,marbled,rock|nature
c36cc3e4-595b-4dd9-bcf3-f1abb4f8bbc6,images/c36cc3e4-595b-4dd9-bcf3-f1abb4f8bbc6.jpg,honeycombed,nature|food
66f3d326-f680-48c4-8ab9-117cc8022afd,images/66f3d326-f680-48c4-8ab9-117cc8022afd.jpg,banded,fabric|clothing|wallpaper
cbbdffb0-e8a0-4cec-a1e2-6ad7e9da6e7d,images/cbbdffb0-e8a0-4cec-a1e2-6ad7e9da6e7d.jpg,smeared,human|painting
c399efe8-c79a-4027-99e4-63040054d83c,images/c399efe8-c79a-4027-99e4-63040054d83c.jpg,marbled,rock|nature
a5efb74c-214d-4925-926c-f4639731497a,images/a5efb74c-214d-4925-926c-f4639731497a.jpg,stratified,rock|nature
3b630c33-aaed-4db8-8611-cbafc2887a9a,images/3b630c33-aaed-4db8-8611-cbafc2887a9a.jpg,flecked,clothing|fabric
275f6d6b-5dbf-4a13-82ba-e797340ffb42,images/275f6d6b-5dbf-4a13-82ba-e797340ffb42.jpg,lacelike,home_furnishing
13545edc-f2b9-4e70-bf47-b1233dd86a86,images/13545edc-f2b9-4e70-bf47-b1233dd86a86.jpg,grid,metal
c9cd0986-d474-4e88-bd9c-524be1d8fc87,images/c9cd0986-d474-4e88-bd9c-524be1d8fc87.jpg,freckled,human
e9e575a9-0468-47eb-9ba9-f8c6b1560864,images/e9e575a9-0468-47eb-9ba9-f8c6b1560864.jpg,banded,fabric|clothing|wallpaper
47b99e40-14cd-4cd1-9723-44d5dc137121,images/47b99e40-14cd-4cd1-9723-44d5dc137121.jpg,frilly,nature
847ff3fb-7833-4695-b79a-7677372b6cfa,images/847ff3fb-7833-4695-b79a-7677372b6cfa.jpg,spiralled,home_furnishing
2b303045-dec4-4d64-a53d-23c935f4c4fd,images/2b303045-dec4-4d64-a53d-23c935f4c4fd.jpg,gauzy,clothing|home_furnishing
10baaf14-7e91-4677-ae05-4b18cdd90123,images/10baaf14-7e91-4677-ae05-4b18cdd90123.jpg,perforated,home_furnishing
a0e35694-7804-4728-8dd1-3a57ea865e42,images/a0e35694-7804-4728-8dd1-3a57ea865e42.jpg,braided,fabric|clothing|home_furnishing
d5c5fb82-a64f-4594-bfac-66c3faf06833,images/d5c5fb82-a64f-4594-bfac-66c3faf06833.jpg,veined,nature
7ffd1373-ada3-4137-a62c-014e2a0c11ee,images/7ffd1373-ada3-4137-a62c-014e2a0c11ee.jpg,stained,painting|wallpaper
a576c3d2-2cd8-4304-8095-cccda83c7f8a,images/a576c3d2-2cd8-4304-8095-cccda83c7f8a.jpg,matted,nature
fd2d31d6-fbf2-4b16-bcf4-040c9029fc63,images/fd2d31d6-fbf2-4b16-bcf4-040c9029fc63.jpg,paisley,home_furnishing
c23aece5-be6e-46ce-bf7e-b37a775f3f1b,images/c23aece5-be6e-46ce-bf7e-b37a775f3f1b.jpg,potholed,concrete
212a1591-46ec-454c-92d3-b8e2c39594fb,images/212a1591-46ec-454c-92d3-b8e2c39594fb.jpg,crystalline,nature|rock
00aa0de8-da76-4d51-b781-ae962563f238,images/00aa0de8-da76-4d51-b781-ae962563f238.jpg,studded,home_furnishing|clothing
d8c9eacf-060b-45dc-8950-095f8da6c986,images/d8c9eacf-060b-45dc-8950-095f8da6c986.jpg,marbled,rock|nature
57ec5eaf-1821-4533-b419-32e0d7f3e888,images/57ec5eaf-1821-4533-b419-32e0d7f3e888.jpg,meshed,plastic
20f31663-456b-481e-be81-997894da3236,images/20f31663-456b-481e-be81-997894da3236.jpg,perforated,home_furnishing|clothing
43518505-0679-40ee-8787-f61d523376ef,images/43518505-0679-40ee-8787-f61d523376ef.jpg,crosshatched,clothing|home_furnishing
cc7ecc24-be3d-47f5-9c9a-353a31e166ec,images/cc7ecc24-be3d-47f5-9c9a-353a31e166ec.jpg,spiralled,painting|wallpaper
67bf6071-d609-4636-b9b1-0392badbea9a,images/67bf6071-d609-4636-b9b1-0392badbea9a.jpg,waffled,food
9772746e-8858-4ffa-b774-e7f9c1de15b0,images/9772746e-8858-4ffa-b774-e7f9c1de15b0.jpg,perforated,metal
7dbf5c89-0398-4f39-8fff-d28b272edcdc,images/7dbf5c89-0398-4f39-8fff-d28b272edcdc.jpg,sprinkled,painting|wallpaper
6948f282-6f4e-4a41-8eaa-e501a38f0dd5,images/6948f282-6f4e-4a41-8eaa-e501a38f0dd5.jpg,fibrous,painting
435ee9f4-ef63-4f42-a887-68a1071377f4,images/435ee9f4-ef63-4f42-a887-68a1071377f4.jpg,frilly,nature
6e977052-6e2b-4f87-9340-b74c916f4f95,images/6e977052-6e2b-4f87-9340-b74c916f4f95.jpg,blotchy,painting|wall
9aa2acea-850a-46f7-9a1d-6616fedd9a8b,images/9aa2acea-850a-46f7-9a1d-6616fedd9a8b.jpg,swirly,painting|wallpaper
36c3a62b-ffbd-4cc7-86e8-c47781e36023,images/36c3a62b-ffbd-4cc7-86e8-c47781e36023.jpg,marbled,painting
cd64dfad-5e04-4c7f-a8f8-1a4bbf899445,images/cd64dfad-5e04-4c7f-a8f8-1a4bbf899445.jpg,stained,clothing
edda80ff-97eb-4839-8843-d388108283eb,images/edda80ff-97eb-4839-8843-d388108283eb.jpg,dotted,wallpaper|painting
17f8fc34-b6ac-4764-bcf7-49747577c5d5,images/17f8fc34-b6ac-4764-bcf7-49747577c5d5.jpg,pleated,home_furnishing|clothing
e6784cb1-11d1-4f9d-bf14-fdc365c7d818,images/e6784cb1-11d1-4f9d-bf14-fdc365c7d818.jpg,bubbly,nature|food|liquid
16b357a5-e488-46a3-8f29-0c939db60988,images/16b357a5-e488-46a3-8f29-0c939db60988.jpg,chequered,concrete
9fa955a1-859a-4b0e-a366-75d1e9a5478c,images/9fa955a1-859a-4b0e-a366-75d1e9a5478c.jpg,gauzy,clothing|home_furnishing
78b90b6f-3439-4687-acd6-791ffd326e15,images/78b90b6f-3439-4687-acd6-791ffd326e15.jpg,grooved,painting
c991639f-a11d-4978-a33d-2dbf6808dabb,images/c991639f-a11d-4978-a33d-2dbf6808dabb.jpg,gauzy,home_furnishing|clothing
acafb154-8c08-4936-97f8-ec4d02347f3a,images/acafb154-8c08-4936-97f8-ec4d02347f3a.jpg,flecked,clothing|home_furnishing
90f5a6da-0050-4ce0-8d98-c441fc7c55ec,images/90f5a6da-0050-4ce0-8d98-c441fc7c55ec.jpg,bubbly,nature|liquid
abe46fdf-fa1c-415f-b29b-97c3230a2742,images/abe46fdf-fa1c-415f-b29b-97c3230a2742.jpg,honeycombed,wallpaper|painting
236dd7a5-5679-4524-968b-8a139f3c4da2,images/236dd7a5-5679-4524-968b-8a139f3c4da2.jpg,lined,clothing|home_furnishing
3408d6e7-8d27-487a-9882-b1e381d63d8b,images/3408d6e7-8d27-487a-9882-b1e381d63d8b.jpg,interlaced,clothing|home_furnishing
12aae5e4-dbc9-4f59-9ede-412e3bdc3434,images/12aae5e4-dbc9-4f59-9ede-412e3bdc3434.jpg,frilly,nature|food
1ec8b840-a989-4ceb-8240-a6bc2e18fdce,images/1ec8b840-a989-4ceb-8240-a6bc2e18fdce.jpg,studded,home_furnishing|clothing
e3151433-5e6f-4ad4-8cf5-23270fb50a0b,images/e3151433-5e6f-4ad4-8cf5-23270fb50a0b.jpg,smeared,painting|wallpaper
812aa8ae-8955-493c-9e7e-a54d5ce43c9c,images/812aa8ae-8955-493c-9e7e-a54d5ce43c9c.jpg,studded,home_furnishing|clothing
d7a684b8-4730-49b9-91e2-274059d0666e,images/d7a684b8-4730-49b9-91e2-274059d0666e.jpg,stained,painting|wallpaper
f6e6ff08-8f4d-445f-b5dc-ba15781d0bc6,images/f6e6ff08-8f4d-445f-b5dc-ba15781d0bc6.jpg,grooved,concrete
5fccc524-daa7-44e8-b419-1e8858937375,images/5fccc524-daa7-44e8-b419-1e8858937375.jpg,veined,nature|animal
29d8e476-abbd-4476-a1fc-47e858ec0e0a,images/29d8e476-abbd-4476-a1fc-47e858ec0e0a.jpg,potholed,concrete
116f4b69-a7f2-4b17-8529-efd03cae8040,images/116f4b69-a7f2-4b17-8529-efd03cae8040.jpg,woven,home_furnishing|wood
aa021080-3586-49ed-a103-f6181954cf43,images/aa021080-3586-49ed-a103-f6181954cf43.jpg,grid,concrete
b6f3ad1b-ab31-43c3-8e56-757245709b0f,images/b6f3ad1b-ab31-43c3-8e56-757245709b0f.jpg,studded,home_furnishing|clothing
cb52b55a-cb9d-41b2-8436-c4f31364863c,images/cb52b55a-cb9d-41b2-8436-c4f31364863c.jpg,gauzy,home_furnishing
d42c3f59-1719-48a1-ba1d-82bd3f362f94,images/d42c3f59-1719-48a1-ba1d-82bd3f362f94.jpg,flecked,metal
bb897691-7869-495e-9172-637263506146,images/bb897691-7869-495e-9172-637263506146.jpg,grid,wallpaper|painting
f464da1d-7bad-439d-b5e1-8c260d26759e,images/f464da1d-7bad-439d-b5e1-8c260d26759e.jpg,marbled,rock|nature
f09cfc51-2a08-47a2-a887-d2b399079983,images/f09cfc51-2a08-47a2-a887-d2b399079983.jpg,crystalline,nature|rock
bdf350da-2b97-4b3f-8e00-56631128cec7,images/bdf350da-2b97-4b3f-8e00-56631128cec7.jpg,chequered,wood|painting
3c717158-d8d8-4756-a64d-e8b9c7d0ef53,images/3c717158-d8d8-4756-a64d-e8b9c7d0ef53.jpg,cobwebbed,nature|animal
54eb4ef9-96dd-46ad-8433-69905b540c5d,images/54eb4ef9-96dd-46ad-8433-69905b540c5d.jpg,bumpy,wood
c6f54553-6543-4e23-9067-d4deaae17f5a,images/c6f54553-6543-4e23-9067-d4deaae17f5a.jpg,stained,home_furnishing|clothing
5c3dd804-90fc-4738-a3ff-c861e30d9ea3,images/5c3dd804-90fc-4738-a3ff-c861e30d9ea3.jpg,waffled,food
727f96b0-b204-4a96-92b4-a26813b519c8,images/727f96b0-b204-4a96-92b4-a26813b519c8.jpg,sprinkled,food
29976974-3b92-45d1-a6f3-50a7ae3cd775,images/29976974-3b92-45d1-a6f3-50a7ae3cd775.jpg,gauzy,home_furnishing|clothing|fabric
36970412-868e-4604-aeb2-3403c2f14cb7,images/36970412-868e-4604-aeb2-3403c2f14cb7.jpg,matted,nature
742e7450-bc85-461e-96ef-d57db2dddd58,images/742e7450-bc85-461e-96ef-d57db2dddd58.jpg,gauzy,home_furnishing|fabric
15dfa5ad-8441-4983-8ee9-93dd020324e9,images/15dfa5ad-8441-4983-8ee9-93dd020324e9.jpg,studded,home_furnishing|clothing
5b758936-e3ce-4b49-a409-a27e756a57e6,images/5b758936-e3ce-4b49-a409-a27e756a57e6.jpg,sprinkled,home_furnishing
acb0ef32-5c84-4508-8b5f-daae2084f696,images/acb0ef32-5c84-4508-8b5f-daae2084f696.jpg,potholed,concrete
d5c7947a-958c-4333-bf97-0f27bff7984c,images/d5c7947a-958c-4333-bf97-0f27bff7984c.jpg,grid,wallpaper|painting
f3f8ee99-e2e2-4339-97d4-0cdd65ca9625,images/f3f8ee99-e2e2-4339-97d4-0cdd65ca9625.jpg,blotchy,nature|food
5f5b2519-c2da-437b-9106-a8bd97ea577d,images/5f5b2519-c2da-437b-9106-a8bd97ea577d.jpg,marbled,rock|nature
fdcfa1b9-7eae-4184-bee6-47a0d8dcc34a,images/fdcfa1b9-7eae-4184-bee6-47a0d8dcc34a.jpg,veined,painting|wallpaper
152d9c61-988f-41a0-a527-e1c1d5ce7dce,images/152d9c61-988f-41a0-a527-e1c1d5ce7dce.jpg,honeycombed,nature|food
66f4b08a-e154-48d6-9605-fb5df4ae8429,images/66f4b08a-e154-48d6-9605-fb5df4ae8429.jpg,blotchy,painting|wallpaper
aaadfc46-35b5-416c-9978-549245d9871d,images/aaadfc46-35b5-416c-9978-549245d9871d.jpg,scaly,animal
2deac3da-ca42-42e9-9cda-716188e79517,images/2deac3da-ca42-42e9-9cda-716188e79517.jpg,waffled,food
4e357d4b-be23-43f0-80d1-9e0ee6f8aae2,images/4e357d4b-be23-43f0-80d1-9e0ee6f8aae2.jpg,gauzy,clothing|home_furnishing|fabric
533fcf78-0519-4287-b139-4edaa4859ba1,images/533fcf78-0519-4287-b139-4edaa4859ba1.jpg,porous,food
494e5562-c380-4b37-9fd4-f3df08100867,images/494e5562-c380-4b37-9fd4-f3df08100867.jpg,studded,home_furnishing|clothing
bbcefd9a-3352-43cf-9701-70331b734330,images/bbcefd9a-3352-43cf-9701-70331b734330.jpg,matted,human|hair
961f4418-f625-41c2-8259-dc49879aa0af,images/961f4418-f625-41c2-8259-dc49879aa0af.jpg,pleated,home_furnishing|clothing
7637fce7-e28c-4ea4-ae48-8ff4e2dc298d,images/7637fce7-e28c-4ea4-ae48-8ff4e2dc298d.jpg,knitted,clothing|home_furnishing|fabric
136fbbe4-4e46-4ffe-9e5f-721057f87d68,images/136fbbe4-4e46-4ffe-9e5f-721057f87d68.jpg,chequered,clothing|home_furnishing
7a2c87f8-26ed-4daf-a4c1-24ef1ef9b820,images/7a2c87f8-26ed-4daf-a4c1-24ef1ef9b820.jpg,flecked,rock|concrete
343f911c-6dd4-44a7-92da-88e24185c38d,images/343f911c-6dd4-44a7-92da-88e24185c38d.jpg,blotchy,painting|wallpaper
fd1fb7e2-902d-4a65-8691-b80c18b35cef,images/fd1fb7e2-902d-4a65-8691-b80c18b35cef.jpg,banded,fabric|clothing
9eb7c997-19cf-4be1-a6b7-bedfcbaa2234,images/9eb7c997-19cf-4be1-a6b7-bedfcbaa2234.jpg,grooved,metal
a01db042-a5cb-472b-a751-fe2a9a1e437b,images/a01db042-a5cb-472b-a751-fe2a9a1e437b.jpg,chequered,clothing|home_furnishing|fabric
76aabee6-d7f6-4e43-b7b7-c60f1b810bb5,images/76aabee6-d7f6-4e43-b7b7-c60f1b810bb5.jpg,fibrous,wallpaper|painting
86a4965f-2490-4846-af0e-503e50b26693,images/86a4965f-2490-4846-af0e-503e50b26693.jpg,spiralled,nature|tree
c0017d94-b76c-4102-b5fe-4e993aab0748,images/c0017d94-b76c-4102-b5fe-4e993aab0748.jpg,braided,man_made|food
183a0b94-e1ff-4b44-b6e6-518bd4454903,images/183a0b94-e1ff-4b44-b6e6-518bd4454903.jpg,flecked,painting|wall
7662c65d-7980-4913-a1ab-129a5050cb9b,images/7662c65d-7980-4913-a1ab-129a5050cb9b.jpg,crosshatched,clothing|home_furnishing|fabric
0509c4a3-6c1f-402f-84fe-9e56afb2d5a9,images/0509c4a3-6c1f-402f-84fe-9e56afb2d5a9.jpg,porous,concrete
b2990825-c82f-4fa6-90f5-58531a24f2b3,images/b2990825-c82f-4fa6-90f5-58531a24f2b3.jpg,smeared,painting|wallpaper
40ba2a5a-90f4-4cd1-8305-140873266128,images/40ba2a5a-90f4-4cd1-8305-140873266128.jpg,studded,home_furnishing|clothing
6b13c76c-0cfd-45b3-ab6f-3c3d06f51b98,images/6b13c76c-0cfd-45b3-ab6f-3c3d06f51b98.jpg,knitted,clothing|fabric
12379634-e375-4950-bc31-92fdddf0f068,images/12379634-e375-4950-bc31-92fdddf0f068.jpg,sprinkled,nature
c701ab2c-4cdb-417f-bf51-fe487855e766,images/c701ab2c-4cdb-417f-bf51-fe487855e766.jpg,scaly,rock
5111bfda-e248-441d-bb88-1c4d55b1830b,images/5111bfda-e248-441d-bb88-1c4d55b1830b.jpg,marbled,rock|nature
9be412c4-32b3-47ba-b03e-879366a585a8,images/9be412c4-32b3-47ba-b03e-879366a585a8.jpg,honeycombed,wall
292d0973-eadc-4049-8946-48fe2270da67,images/292d0973-eadc-4049-8946-48fe2270da67.jpg,zigzagged,home_furnishing|clothing|fabric
43d3e54a-9341-4d3c-99c4-6d76e62361e9,images/43d3e54a-9341-4d3c-99c4-6d76e62361e9.jpg,veined,nature
6d892b0e-2e2f-4824-92ec-2bac6e5d90e4,images/6d892b0e-2e2f-4824-92ec-2bac6e5d90e4.jpg,smeared,food
b50f7ced-c9be-4d26-9ed8-9ff58ddcf4cf,images/b50f7ced-c9be-4d26-9ed8-9ff58ddcf4cf.jpg,sprinkled,food
2a81bc55-3fc0-44e6-9354-0b1af4592710,images/2a81bc55-3fc0-44e6-9354-0b1af4592710.jpg,chequered,clothing|home_furnishing
fb31769e-3d4b-4691-8dbc-1257e25c2c3b,images/fb31769e-3d4b-4691-8dbc-1257e25c2c3b.jpg,interlaced,painting|wallpaper
41e275f1-7a12-4e83-926a-083363b24db5,images/41e275f1-7a12-4e83-926a-083363b24db5.jpg,spiralled,home_furnishing
2a49dfb1-8086-454f-9b2f-84c1880bc66b,images/2a49dfb1-8086-454f-9b2f-84c1880bc66b.jpg,polka-dotted,home_furnishing|clothing
53046071-3fc3-4fe4-a9b8-5a3e82a063c3,images/53046071-3fc3-4fe4-a9b8-5a3e82a063c3.jpg,bubbly,nature|liquid
b8e534ea-177c-40bb-8d7d-1b741ac78add,images/b8e534ea-177c-40bb-8d7d-1b741ac78add.jpg,chequered,wood|painting
ce73c8d6-1cce-4a96-bf1d-a6f1ccb51f36,images/ce73c8d6-1cce-4a96-bf1d-a6f1ccb51f36.jpg,frilly,nature
bf9f21cb-972a-4ced-8739-967a62ad1041,images/bf9f21cb-972a-4ced-8739-967a62ad1041.jpg,grid,home_furnishing|clothing
4f524c75-7eb2-4f7c-a9dd-d80433859473,images/4f524c75-7eb2-4f7c-a9dd-d80433859473.jpg,polka-dotted,home_furnishing|clothing
fcd9b29a-613d-4aa6-853d-6950bcea3918,images/fcd9b29a-613d-4aa6-853d-6950bcea3918.jpg,potholed,rock|nature
272f48b7-caf1-4117-9c2e-44167ce0cfcb,images/272f48b7-caf1-4117-9c2e-44167ce0cfcb.jpg,woven,home_furnishing|clothing|fabric
9152908c-100c-48e2-bff0-c42024b8f33e,images/9152908c-100c-48e2-bff0-c42024b8f33e.jpg,stratified,rock|nature
82a55b57-69b0-4c5e-b62b-bcad6648914a,images/82a55b57-69b0-4c5e-b62b-bcad6648914a.jpg,lined,clothing
5a5bf9eb-2276-4557-808e-b12752fcaede,images/5a5bf9eb-2276-4557-808e-b12752fcaede.jpg,crystalline,nature|rock
b96ab6cf-2c06-4daa-a285-32bcf6931fae,images/b96ab6cf-2c06-4daa-a285-32bcf6931fae.jpg,meshed,plastic
02df138d-2336-44b2-9a81-81823722d2c1,images/02df138d-2336-44b2-9a81-81823722d2c1.jpg,crystalline,nature|rock
66804401-15bc-4413-8f51-43276ee8f329,images/66804401-15bc-4413-8f51-43276ee8f329.jpg,freckled,human
2fbfb129-0097-42bf-9455-29407be04617,images/2fbfb129-0097-42bf-9455-29407be04617.jpg,flecked,clothing|fabric
3225712e-1b66-4996-bdf9-d8f2c2d682bc,images/3225712e-1b66-4996-bdf9-d8f2c2d682bc.jpg,waffled,food
02bf5244-ec27-4839-9266-15f5718ac173,images/02bf5244-ec27-4839-9266-15f5718ac173.jpg,wrinkled,paper
b07d4488-6c07-4bd0-95b5-c1999381f551,images/b07d4488-6c07-4bd0-95b5-c1999381f551.jpg,wrinkled,home_furnishing|clothing
3f1fdede-c7e4-40e0-aea7-d843cbf773d6,images/3f1fdede-c7e4-40e0-aea7-d843cbf773d6.jpg,flecked,clothing|fabric
862aa985-746f-47c8-8f2d-8fb660f95fd9,images/862aa985-746f-47c8-8f2d-8fb660f95fd9.jpg,paisley,home_furnishing|fabric
4c8bdf69-a715-43c6-a2ec-b99806d72c68,images/4c8bdf69-a715-43c6-a2ec-b99806d72c68.jpg,swirly,painting|wall
b2b33a7f-0549-4c90-a246-56a568fa9167,images/b2b33a7f-0549-4c90-a246-56a568fa9167.jpg,frilly,clothing|home_furnishing
0ae4cf24-b85c-42a4-92b7-780aa2e03c7e,images/0ae4cf24-b85c-42a4-92b7-780aa2e03c7e.jpg,grid,wallpaper|painting
8957b8be-ad8e-4a10-87dd-e93bca119b12,images/8957b8be-ad8e-4a10-87dd-e93bca119b12.jpg,crystalline,nature|rock
b3d4acbf-0bf2-4e50-a335-ba41b4a2a599,images/b3d4acbf-0bf2-4e50-a335-ba41b4a2a599.jpg,waffled,food
e91be005-a321-4bfc-9ed1-de6b08e3c6b6,images/e91be005-a321-4bfc-9ed1-de6b08e3c6b6.jpg,grid,metal
45178173-e3a1-4f5d-b36e-9718b88b2628,images/45178173-e3a1-4f5d-b36e-9718b88b2628.jpg,potholed,concrete
68a0aabe-2865-47a8-8829-f802e60a05fb,images/68a0aabe-2865-47a8-8829-f802e60a05fb.jpg,marbled,rock|nature
0ee65c0f-9d2d-4dfa-9b42-015d81e8bcb8,images/0ee65c0f-9d2d-4dfa-9b42-015d81e8bcb8.jpg,braided,fabric|clothing
6bf1397d-8505-4c46-847d-4d252f022b82,images/6bf1397d-8505-4c46-847d-4d252f022b82.jpg,meshed,plastic
f8984d9a-9844-4c74-945a-872c605dfec6,images/f8984d9a-9844-4c74-945a-872c605dfec6.jpg,lined,home_furnishing
5e6e1240-d7ab-45e5-bc51-7f98d78a6c9f,images/5e6e1240-d7ab-45e5-bc51-7f98d78a6c9f.jpg,woven,home_furnishing|wood
6a868142-0414-4613-92ab-59161ef36539,images/6a868142-0414-4613-92ab-59161ef36539.jpg,swirly,food
29bd08ea-d16f-4ce2-8bd1-2eb5008f18b1,images/29bd08ea-d16f-4ce2-8bd1-2eb5008f18b1.jpg,cracked,nature|rock
fad7d847-a8c0-4da2-819d-d97b465df8f7,images/fad7d847-a8c0-4da2-819d-d97b465df8f7.jpg,matted,home_furnishing
1ef0dab9-fd20-4c71-8995-e4f72de17013,images/1ef0dab9-fd20-4c71-8995-e4f72de17013.jpg,crosshatched,painting|wallpaper
47ce92f0-3050-4dca-9f20-9b26e4741ef8,images/47ce92f0-3050-4dca-9f20-9b26e4741ef8.jpg,knitted,clothing|home_furnishing|fabric
c1abe6c8-6c45-41d3-a23a-e02c840cebd9,images/c1abe6c8-6c45-41d3-a23a-e02c840cebd9.jpg,bumpy,nature|metal
1be74817-3289-4ede-b1d0-d50200dd8214,images/1be74817-3289-4ede-b1d0-d50200dd8214.jpg,chequered,wood
f8e6941c-443e-4aa1-97ce-dc6887745479,images/f8e6941c-443e-4aa1-97ce-dc6887745479.jpg,stained,wood
c1578fbc-4240-4102-967e-e242162148bb,images/c1578fbc-4240-4102-967e-e242162148bb.jpg,stained,home_furnishing|clothing
49eb0209-6eb7-4b55-b660-2303dd435441,images/49eb0209-6eb7-4b55-b660-2303dd435441.jpg,matted,nature
b5eb2c56-bf67-4185-a578-5d52a104606a,images/b5eb2c56-bf67-4185-a578-5d52a104606a.jpg,dotted,wallpaper|painting
82e189dc-64b4-4dd2-b18d-de2d6bc50a81,images/82e189dc-64b4-4dd2-b18d-de2d6bc50a81.jpg,lined,painting|wallpaper
b72ebd4d-dba9-45f1-8ca0-ff03e2202e6f,images/b72ebd4d-dba9-45f1-8ca0-ff03e2202e6f.jpg,waffled,home_furnishing|clothing
ede13997-15d4-4e13-ae07-26a0521690a2,images/ede13997-15d4-4e13-ae07-26a0521690a2.jpg,honeycombed,nature|food
eefd5638-c775-40a9-9921-82fba3dd2f38,images/eefd5638-c775-40a9-9921-82fba3dd2f38.jpg,pleated,home_furnishing|clothing
b6b667a7-6d6d-476a-aed1-6719a97e7549,images/b6b667a7-6d6d-476a-aed1-6719a97e7549.jpg,fibrous,nature
2094d03f-8a54-412d-a372-596eaad866cf,images/2094d03f-8a54-412d-a372-596eaad866cf.jpg,marbled,rock|nature
825ea27b-2288-45ad-876d-47c72efbd9c9,images/825ea27b-2288-45ad-876d-47c72efbd9c9.jpg,stratified,rock|nature
5a11263c-2af4-4c1d-a1e9-842360c808a0,images/5a11263c-2af4-4c1d-a1e9-842360c808a0.jpg,cobwebbed,nature
6527cd24-a37f-419f-a77b-b9ba2a6fa25a,images/6527cd24-a37f-419f-a77b-b9ba2a6fa25a.jpg,freckled,human
21574302-58f5-4644-a8bb-1976816b85fb,images/21574302-58f5-4644-a8bb-1976816b85fb.jpg,zigzagged,home_furnishing|clothing|fabric
ccc0f03c-1763-47ae-a717-a11bcb4dfa6e,images/ccc0f03c-1763-47ae-a717-a11bcb4dfa6e.jpg,matted,human|hair
cc33553f-cfb8-42ef-a2c6-59aa75ab7ba2,images/cc33553f-cfb8-42ef-a2c6-59aa75ab7ba2.jpg,striped,painting|wallpaper
b2685864-ed32-4aa4-bd9c-edfde6657089,images/b2685864-ed32-4aa4-bd9c-edfde6657089.jpg,pitted,rock
5d775331-6110-4e17-aeb5-debaf0ec3594,images/5d775331-6110-4e17-aeb5-debaf0ec3594.jpg,fibrous,nature
88fcf3c5-0454-4606-92d7-e094d2b22bd5,images/88fcf3c5-0454-4606-92d7-e094d2b22bd5.jpg,honeycombed,nature|food
b64d3c7c-b7fd-44d1-b184-64e79b711a0c,images/b64d3c7c-b7fd-44d1-b184-64e79b711a0c.jpg,stratified,rock|nature
04d41cbe-24fe-4b62-a54c-589a6a883a39,images/04d41cbe-24fe-4b62-a54c-589a6a883a39.jpg,potholed,concrete
36e76c84-11f2-4c18-b72c-bedc641389c6,images/36e76c84-11f2-4c18-b72c-bedc641389c6.jpg,stained,painting|wallpaper
1440afc4-a81c-42b7-a1f3-c544a80c2808,images/1440afc4-a81c-42b7-a1f3-c544a80c2808.jpg,freckled,human
312d6d2f-d330-4f00-a29b-ace7fe355d4e,images/312d6d2f-d330-4f00-a29b-ace7fe355d4e.jpg,smeared,painting|wallpaper
5611e0a9-edae-4a48-b8f4-1e86fc73ea09,images/5611e0a9-edae-4a48-b8f4-1e86fc73ea09.jpg,bumpy,nature|food
9207eb15-d570-4253-b61e-c5f7f0fa5a40,images/9207eb15-d570-4253-b61e-c5f7f0fa5a40.jpg,lacelike,clothing|home_furnishing
60cea6d0-359d-4e67-bdd7-a4ceaaaa9e34,images/60cea6d0-359d-4e67-bdd7-a4ceaaaa9e34.jpg,cobwebbed,home_furnishing
49d04d2a-a9d7-4f23-9e1d-e51b0f671046,images/49d04d2a-a9d7-4f23-9e1d-e51b0f671046.jpg,knitted,clothing|home_furnishing|fabric
2cb47fa7-43d6-4f6a-877a-d5cd76bfdee4,images/2cb47fa7-43d6-4f6a-877a-d5cd76bfdee4.jpg,waffled,food
6023fc10-74ad-46c4-a8bb-a674b4df50fb,images/6023fc10-74ad-46c4-a8bb-a674b4df50fb.jpg,veined,nature
4a49af52-341b-4d14-9880-3b854ec85934,images/4a49af52-341b-4d14-9880-3b854ec85934.jpg,flecked,nature|rock
9a24f0ee-eb89-4227-b0ef-805134410a90,images/9a24f0ee-eb89-4227-b0ef-805134410a90.jpg,waffled,food
6b248709-97fa-4f52-9131-62f97add025f,images/6b248709-97fa-4f52-9131-62f97add025f.jpg,zigzagged,home_furnishing|clothing
64176d16-6e5e-4fa6-9729-fc1b7467dfe2,images/64176d16-6e5e-4fa6-9729-fc1b7467dfe2.jpg,paisley,home_furnishing
cef6923a-5a83-4033-ab7c-e8580492f4b8,images/cef6923a-5a83-4033-ab7c-e8580492f4b8.jpg,striped,animal
7aac8b42-e71e-497c-ab31-2357a3b28cb8,images/7aac8b42-e71e-497c-ab31-2357a3b28cb8.jpg,marbled,rock|nature
f8a3c034-ffaf-4c50-acb8-0403d95fa66c,images/f8a3c034-ffaf-4c50-acb8-0403d95fa66c.jpg,flecked,clothing|fabric
984a0628-1b35-4b03-9f4a-a185b3bd4fc8,images/984a0628-1b35-4b03-9f4a-a185b3bd4fc8.jpg,swirly,painting|wallpaper
0addb050-e95d-4a6f-b36f-1571c2d0be4b,images/0addb050-e95d-4a6f-b36f-1571c2d0be4b.jpg,waffled,food
d40b6abb-7a16-412f-a8b3-22e8faec0367,images/d40b6abb-7a16-412f-a8b3-22e8faec0367.jpg,stained,wood|painting
577ea13a-3676-4a63-931f-5c9ee394baff,images/577ea13a-3676-4a63-931f-5c9ee394baff.jpg,blotchy,nature|rock
626bb9f6-fffe-471c-83db-54623c19539b,images/626bb9f6-fffe-471c-83db-54623c19539b.jpg,striped,animal
353998af-b943-4096-bed6-605ed50c9df4,images/353998af-b943-4096-bed6-605ed50c9df4.jpg,perforated,home_furnishing|clothing
f1b91f1f-71ad-4912-9173-fb786b9056fa,images/f1b91f1f-71ad-4912-9173-fb786b9056fa.jpg,scaly,animal
dbf19cbe-4c52-43cb-bbf7-aa13d047b362,images/dbf19cbe-4c52-43cb-bbf7-aa13d047b362.jpg,lacelike,clothing|home_furnishing
5f797878-7bc4-45ce-9ddf-3abd2e82feff,images/5f797878-7bc4-45ce-9ddf-3abd2e82feff.jpg,striped,animal
b5da2955-6b5a-4c38-b401-87f995d10d04,images/b5da2955-6b5a-4c38-b401-87f995d10d04.jpg,crosshatched,clothing|home_furnishing|fabric
e742181a-270d-4abb-ba72-2ab7e6bf2ea6,images/e742181a-270d-4abb-ba72-2ab7e6bf2ea6.jpg,striped,food
26aedc91-d02e-4753-9e97-c8e35de1161c,images/26aedc91-d02e-4753-9e97-c8e35de1161c.jpg,swirly,home_furnishing
078f36e8-2a78-400d-b75c-ce1fd609b0da,images/078f36e8-2a78-400d-b75c-ce1fd609b0da.jpg,sprinkled,food
949ce634-5971-4ff1-ab99-5901482df28c,images/949ce634-5971-4ff1-ab99-5901482df28c.jpg,chequered,wallpaper|painting
46e760de-147d-4bb9-a96d-7ace195466c3,images/46e760de-147d-4bb9-a96d-7ace195466c3.jpg,bubbly,nature|food|liquid
22ddc407-62a5-4087-8338-8f60c0931e43,images/22ddc407-62a5-4087-8338-8f60c0931e43.jpg,frilly,food
b1e8c18c-d6bb-4c7d-880e-596aa0817d05,images/b1e8c18c-d6bb-4c7d-880e-596aa0817d05.jpg,spiralled,nature|tree
5774ca9e-990d-4660-ae12-26d0cb1d5c30,images/5774ca9e-990d-4660-ae12-26d0cb1d5c30.jpg,perforated,home_furnishing
cc7d9ef1-7d76-4e95-aadc-f391589cadc3,images/cc7d9ef1-7d76-4e95-aadc-f391589cadc3.jpg,blotchy,nature|tree
cfa109c4-7747-4b2e-b6e0-6c40ec23ce4a,images/cfa109c4-7747-4b2e-b6e0-6c40ec23ce4a.jpg,cobwebbed,home_furnishing|metal
5e9fb539-5db2-41fb-b5d5-3df7aeaeb0b2,images/5e9fb539-5db2-41fb-b5d5-3df7aeaeb0b2.jpg,woven,home_furnishing|wood
425596af-febc-4580-afb2-6fb1cdca2499,images/425596af-febc-4580-afb2-6fb1cdca2499.jpg,chequered,wood|painting
8156c67a-1519-46d5-8a92-3ea8a5f16797,images/8156c67a-1519-46d5-8a92-3ea8a5f16797.jpg,bubbly,nature
1b8d35c7-5557-41ee-aa29-5fdfc1256c03,images/1b8d35c7-5557-41ee-aa29-5fdfc1256c03.jpg,blotchy,nature|rock
d761d82a-cd6c-41ce-88b4-afd4fd3e84da,images/d761d82a-cd6c-41ce-88b4-afd4fd3e84da.jpg,paisley,home_furnishing
123e9b42-8b74-4b3e-9add-9408a952d5d1,images/123e9b42-8b74-4b3e-9add-9408a952d5d1.jpg,freckled,human
7f7ae886-25b3-4761-9f28-0f3f9bc93e43,images/7f7ae886-25b3-4761-9f28-0f3f9bc93e43.jpg,striped,home_furnishing|clothing
95651fdc-fe6f-4ca9-8223-ee4dc69c3d8d,images/95651fdc-fe6f-4ca9-8223-ee4dc69c3d8d.jpg,cobwebbed,nature|ice
3f9a5b11-a456-49fe-b37f-c41df3eaec6e,images/3f9a5b11-a456-49fe-b37f-c41df3eaec6e.jpg,lined,paper
3945fbe6-bc44-492b-9401-27e04f11d192,images/3945fbe6-bc44-492b-9401-27e04f11d192.jpg,crystalline,nature|metal
b3358b13-eb38-4934-b829-fccf4309627d,images/b3358b13-eb38-4934-b829-fccf4309627d.jpg,knitted,clothing|home_furnishing|fabric
28902d0e-5013-45db-b74f-b51bf2f94e12,images/28902d0e-5013-45db-b74f-b51bf2f94e12.jpg,honeycombed,nature|food
7bd638dd-fcea-49c8-84e7-0d718810d760,images/7bd638dd-fcea-49c8-84e7-0d718810d760.jpg,pitted,rock|nature
2f436370-9c9f-40de-9cee-29de463cf65d,images/2f436370-9c9f-40de-9cee-29de463cf65d.jpg,zigzagged,home_furnishing|clothing
b7abaa29-6fe4-49e0-9ae1-cbbf4846f061,images/b7abaa29-6fe4-49e0-9ae1-cbbf4846f061.jpg,waffled,home_furnishing|clothing
c440da10-8146-4cb4-b7bd-1702285efcb3,images/c440da10-8146-4cb4-b7bd-1702285efcb3.jpg,crosshatched,painting|wallpaper
d80ca7c6-ed17-4398-b362-7f01d8f86361,images/d80ca7c6-ed17-4398-b362-7f01d8f86361.jpg,potholed,concrete|rock
e6d14f7b-499b-4ae2-b358-1e3fea2a1b16,images/e6d14f7b-499b-4ae2-b358-1e3fea2a1b16.jpg,lacelike,home_furnishing
76463c8e-1b16-44a5-936e-b91d0a993492,images/76463c8e-1b16-44a5-936e-b91d0a993492.jpg,perforated,metal
fa7a721d-e43e-4b80-af80-012d85ba1bbe,images/fa7a721d-e43e-4b80-af80-012d85ba1bbe.jpg,smeared,painting|wallpaper
16d24b86-42cc-4029-8e51-7bcec807d3be,images/16d24b86-42cc-4029-8e51-7bcec807d3be.jpg,lined,clothing|home_furnishing
dada587a-a5d1-48ae-a3ac-5174e2de6c94,images/dada587a-a5d1-48ae-a3ac-5174e2de6c94.jpg,paisley,home_furnishing
42a69718-7d35-4ca8-84c7-4095701cfff5,images/42a69718-7d35-4ca8-84c7-4095701cfff5.jpg,grooved,clothing
4f4be14f-946c-4f7b-b261-b6543a65d4de,images/4f4be14f-946c-4f7b-b261-b6543a65d4de.jpg,crosshatched,home_furnishing|metal
21d8072f-ca48-417a-aa66-6965b94fcda7,images/21d8072f-ca48-417a-aa66-6965b94fcda7.jpg,bumpy,metal
c6fb5e1f-33cb-49b7-a0f0-dc87fefb25eb,images/c6fb5e1f-33cb-49b7-a0f0-dc87fefb25eb.jpg,meshed,metal
6429caf2-71ea-424c-9a8e-8aaa97154018,images/6429caf2-71ea-424c-9a8e-8aaa97154018.jpg,veined,nature
cd092e98-931d-4def-8892-cd64718f86df,images/cd092e98-931d-4def-8892-cd64718f86df.jpg,grooved,home_furnishing|clothing
23c2c09c-7694-4056-9cd0-8484c3aba456,images/23c2c09c-7694-4056-9cd0-8484c3aba456.jpg,crystalline,nature|rock
870efadc-aea6-496f-9b12-dd97ee6be586,images/870efadc-aea6-496f-9b12-dd97ee6be586.jpg,freckled,human
bb9d8df5-41b1-408f-badc-219a3574b16d,images/bb9d8df5-41b1-408f-badc-219a3574b16d.jpg,pitted,metal|painting
cef029f8-2b4a-4bea-b668-68316fe6d7a4,images/cef029f8-2b4a-4bea-b668-68316fe6d7a4.jpg,braided,fabric|clothing
0231f439-6cb2-4b80-883c-77d7845e813d,images/0231f439-6cb2-4b80-883c-77d7845e813d.jpg,zigzagged,home_furnishing|clothing
413832c7-717a-4f52-9df3-d6da1b5c5bf9,images/413832c7-717a-4f52-9df3-d6da1b5c5bf9.jpg,blotchy,nature|ice
6829426f-72c3-4121-8091-f7190e9be128,images/6829426f-72c3-4121-8091-f7190e9be128.jpg,polka-dotted,home_furnishing|clothing
57f34388-909e-41e2-af6a-4b0c14e282e8,images/57f34388-909e-41e2-af6a-4b0c14e282e8.jpg,cobwebbed,nature|animal
67e15d55-362d-4198-ba06-62cc229d435d,images/67e15d55-362d-4198-ba06-62cc229d435d.jpg,bumpy,nature|food
255c00c7-e409-43c5-bcd9-51f19383b179,images/255c00c7-e409-43c5-bcd9-51f19383b179.jpg,bubbly,nature|liquid
4a599263-f313-46c6-b6a1-a58dc7b52870,images/4a599263-f313-46c6-b6a1-a58dc7b52870.jpg,grooved,wood
3bb39281-d54d-46a8-814e-bc2c97e140dd,images/3bb39281-d54d-46a8-814e-bc2c97e140dd.jpg,matted,nature
8bbb429b-c636-402c-9f64-8e9fcba446ff,images/8bbb429b-c636-402c-9f64-8e9fcba446ff.jpg,braided,fabric|home_furnishing
4b305e63-6fd2-4a6f-a1db-c8757e7f935c,images/4b305e63-6fd2-4a6f-a1db-c8757e7f935c.jpg,braided,fabric|home_furnishing
e7cf3dfa-d301-4ed5-aae7-050aef88f6fc,images/e7cf3dfa-d301-4ed5-aae7-050aef88f6fc.jpg,pitted,concrete
5cef3988-2973-4b32-b9c6-ac5a92b29ab0,images/5cef3988-2973-4b32-b9c6-ac5a92b29ab0.jpg,matted,human|hair
4f353cab-ff77-4f8c-83e8-f73e0d9673ca,images/4f353cab-ff77-4f8c-83e8-f73e0d9673ca.jpg,dotted,wallpaper|painting
fecb8eb2-b0e3-45b0-92d6-551df74df1cd,images/fecb8eb2-b0e3-45b0-92d6-551df74df1cd.jpg,stained,home_furnishing|clothing
df336d30-96a2-4fa5-8789-7be37f8079d8,images/df336d30-96a2-4fa5-8789-7be37f8079d8.jpg,wrinkled,paper
99c6f40e-15fe-4f47-8553-ec856bd6946d,images/99c6f40e-15fe-4f47-8553-ec856bd6946d.jpg,gauzy,home_furnishing|clothing
08bb7efd-85cf-4700-8a5b-11426ce8a46d,images/08bb7efd-85cf-4700-8a5b-11426ce8a46d.jpg,grooved,nature
004ac3ac-edae-45f4-bc70-79bf3283456b,images/004ac3ac-edae-45f4-bc70-79bf3283456b.jpg,sprinkled,nature
1a559f13-ff8a-4050-8c5a-7dd7f2a762a2,images/1a559f13-ff8a-4050-8c5a-7dd7f2a762a2.jpg,studded,home_furnishing|clothing
dad8a788-12ff-4464-b6a5-4be5407ddc7a,images/dad8a788-12ff-4464-b6a5-4be5407ddc7a.jpg,flecked,nature|rock
f7ab6c34-eee2-4efd-8442-120231669236,images/f7ab6c34-eee2-4efd-8442-120231669236.jpg,waffled,wood
752ffbab-78a7-4d45-b2d8-6c95131f1f2f,images/752ffbab-78a7-4d45-b2d8-6c95131f1f2f.jpg,stained,home_furnishing|clothing
044ed522-2ea1-4e41-a093-ca044959ef13,images/044ed522-2ea1-4e41-a093-ca044959ef13.jpg,cobwebbed,nature|animal
9deb6e2e-483e-49ed-a266-f6e5b4ff237e,images/9deb6e2e-483e-49ed-a266-f6e5b4ff237e.jpg,flecked,clothing|fabric
f48e2b06-76a3-4b77-9e18-12bbe23cf73e,images/f48e2b06-76a3-4b77-9e18-12bbe23cf73e.jpg,swirly,painting|wallpaper
47c08319-132e-4317-8615-cac2598d1feb,images/47c08319-132e-4317-8615-cac2598d1feb.jpg,grooved,wood
49a5ce3f-f6ac-4a6a-be98-67ccf81d9f2f,images/49a5ce3f-f6ac-4a6a-be98-67ccf81d9f2f.jpg,grid,plastic
58917952-0994-4b70-a2cb-2d232b05b49f,images/58917952-0994-4b70-a2cb-2d232b05b49f.jpg,pitted,rock|nature
4c62feff-eb5f-4ec2-8fd6-abfe58048e1c,images/4c62feff-eb5f-4ec2-8fd6-abfe58048e1c.jpg,interlaced,wood
4d26881a-71d5-4511-98be-98b33e9fdc74,images/4d26881a-71d5-4511-98be-98b33e9fdc74.jpg,striped,animal
2a3f5744-9b6e-4cbf-8a56-0ed4f8f3848d,images/2a3f5744-9b6e-4cbf-8a56-0ed4f8f3848d.jpg,veined,nature|tree
60e1faf7-9930-46a5-a468-2afd82d873cd,images/60e1faf7-9930-46a5-a468-2afd82d873cd.jpg,potholed,concrete
c70b61b7-9ef0-4549-abed-a824921394d2,images/c70b61b7-9ef0-4549-abed-a824921394d2.jpg,bubbly,nature|food|liquid
2cb046a4-cbf6-43c2-b443-dbb38b0769eb,images/2cb046a4-cbf6-43c2-b443-dbb38b0769eb.jpg,grooved,plastic
4ecb6fac-83e2-4efb-ab4f-12f67f8e1009,images/4ecb6fac-83e2-4efb-ab4f-12f67f8e1009.jpg,scaly,animal
d98b7049-0cff-4a0e-a4fa-55e2fb18a4af,images/d98b7049-0cff-4a0e-a4fa-55e2fb18a4af.jpg,pleated,home_furnishing|clothing
41715752-f36e-45fa-aebd-18543dd4eece,images/41715752-f36e-45fa-aebd-18543dd4eece.jpg,potholed,concrete
886a8dfa-cd1d-42c3-b4a5-6c3e0cd3d82b,images/886a8dfa-cd1d-42c3-b4a5-6c3e0cd3d82b.jpg,cobwebbed,nature
84994cb2-b345-458f-9c57-83f016d4bf19,images/84994cb2-b345-458f-9c57-83f016d4bf19.jpg,gauzy,home_furnishing|fabric
662479b1-03d6-4e17-abaa-fad0cb881f16,images/662479b1-03d6-4e17-abaa-fad0cb881f16.jpg,bubbly,nature|liquid
345b7438-77d1-4ee9-bdc4-576ed93ca911,images/345b7438-77d1-4ee9-bdc4-576ed93ca911.jpg,sprinkled,food
f6925622-3157-45a1-b70a-d934dc21f982,images/f6925622-3157-45a1-b70a-d934dc21f982.jpg,marbled,rock|nature
b08409e4-3778-4334-81f8-3cf49a5d27d2,images/b08409e4-3778-4334-81f8-3cf49a5d27d2.jpg,pleated,home_furnishing|clothing
0c1e319e-c650-4d0c-94b6-41a74e2bff59,images/0c1e319e-c650-4d0c-94b6-41a74e2bff59.jpg,stratified,rock|nature
43f9a8a6-8963-4710-b826-6326efbd9d9d,images/43f9a8a6-8963-4710-b826-6326efbd9d9d.jpg,knitted,clothing|home_furnishing|fabric
303025af-3f08-4694-8eb0-f506c6bc42a4,images/303025af-3f08-4694-8eb0-f506c6bc42a4.jpg,striped,painting|wallpaper
ec75fd15-9f2d-4756-8852-06a6add4a15d,images/ec75fd15-9f2d-4756-8852-06a6add4a15d.jpg,wrinkled,home_furnishing|clothing
47962e10-4a56-4943-8fb3-07a3530382aa,images/47962e10-4a56-4943-8fb3-07a3530382aa.jpg,marbled,rock|nature
59a6a61a-11c8-4e34-8ace-a7352533ebd2,images/59a6a61a-11c8-4e34-8ace-a7352533ebd2.jpg,waffled,concrete
4a42afc6-f7d5-4aeb-b8b5-dcd2a67fd426,images/4a42afc6-f7d5-4aeb-b8b5-dcd2a67fd426.jpg,waffled,food
e07a6e29-c91d-427f-b550-019f481e89f6,images/e07a6e29-c91d-427f-b550-019f481e89f6.jpg,cobwebbed,food
a86f6768-eea6-44b9-8333-e9907d4f851f,images/a86f6768-eea6-44b9-8333-e9907d4f851f.jpg,crystalline,nature|rock
a140ad88-b4ea-4ae0-8633-a2ca92432b26,images/a140ad88-b4ea-4ae0-8633-a2ca92432b26.jpg,wrinkled,home_furnishing|clothing
ff45ee92-8c51-4320-a1f8-1e2e0c1dcb80,images/ff45ee92-8c51-4320-a1f8-1e2e0c1dcb80.jpg,smeared,painting|wallpaper
3ed3d8a0-c01b-4a1a-b66c-1d9314493952,images/3ed3d8a0-c01b-4a1a-b66c-1d9314493952.jpg,pleated,home_furnishing|paper
344ffab0-2c52-4271-a9b5-04c43df03ffe,images/344ffab0-2c52-4271-a9b5-04c43df03ffe.jpg,braided,man_made|food
ef0fb246-e6b0-4a84-b42c-c9c64d4ce686,images/ef0fb246-e6b0-4a84-b42c-c9c64d4ce686.jpg,lacelike,home_furnishing
3fd138cd-dad3-4c36-99e8-645ad34fe481,images/3fd138cd-dad3-4c36-99e8-645ad34fe481.jpg,cracked,glass
59ea3208-b431-44ae-a360-8c1f4e9b9e69,images/59ea3208-b431-44ae-a360-8c1f4e9b9e69.jpg,studded,home_furnishing|clothing
2a608a41-7a05-48b0-837c-3be1a5ca0185,images/2a608a41-7a05-48b0-837c-3be1a5ca0185.jpg,scaly,animal
f95c79d0-735c-4078-947a-248794c60052,images/f95c79d0-735c-4078-947a-248794c60052.jpg,pleated,home_furnishing
e333ea78-849e-4bd0-b41a-e13f65ed0700,images/e333ea78-849e-4bd0-b41a-e13f65ed0700.jpg,chequered,home_furnishing|clothing
e660cab0-1048-4eb8-b8c5-5cc408787a55,images/e660cab0-1048-4eb8-b8c5-5cc408787a55.jpg,bumpy,concrete
df46e8ea-a6e5-4bf8-a08a-3f9b82b22914,images/df46e8ea-a6e5-4bf8-a08a-3f9b82b22914.jpg,pitted,wall
10b7d21b-05f9-4a2d-8696-cae5ab5db44f,images/10b7d21b-05f9-4a2d-8696-cae5ab5db44f.jpg,fibrous,wood|nature
384cce08-da0b-4777-8540-8ebcba9ba44f,images/384cce08-da0b-4777-8540-8ebcba9ba44f.jpg,paisley,home_furnishing|clothing
40b8e82b-1578-431b-bc30-eef92f8d61a0,images/40b8e82b-1578-431b-bc30-eef92f8d61a0.jpg,bumpy,nature|food
998f55a1-48fb-4af5-80af-c0d25e233e16,images/998f55a1-48fb-4af5-80af-c0d25e233e16.jpg,woven,wallpaper|painting
8055e519-2b26-4f44-a379-0dbdcf7d9639,images/8055e519-2b26-4f44-a379-0dbdcf7d9639.jpg,striped,animal
71b7d10e-16fa-49f2-b205-82b76077ae96,images/71b7d10e-16fa-49f2-b205-82b76077ae96.jpg,dotted,wallpaper|painting
1820a06a-8538-4069-9911-de45fde5b775,images/1820a06a-8538-4069-9911-de45fde5b775.jpg,grooved,metal
699d10de-ed95-4d31-a6c6-c4df4a7eadf2,images/699d10de-ed95-4d31-a6c6-c4df4a7eadf2.jpg,grooved,concrete
d9eaaaa7-1076-4e8e-b490-68503573e3af,images/d9eaaaa7-1076-4e8e-b490-68503573e3af.jpg,veined,nature
35de0e02-564c-4ae6-8b5a-140039cb20a6,images/35de0e02-564c-4ae6-8b5a-140039cb20a6.jpg,banded,fabric|painting|wallpaper
d26be221-84e3-4a5f-a4c1-54b9471f1af7,images/d26be221-84e3-4a5f-a4c1-54b9471f1af7.jpg,swirly,painting|wallpaper
58b24f1d-235c-4cc4-b626-a2d0dc4fd9cf,images/58b24f1d-235c-4cc4-b626-a2d0dc4fd9cf.jpg,swirly,painting|wallpaper
b4a44c5d-5b80-4d7e-a62f-d978d883949b,images/b4a44c5d-5b80-4d7e-a62f-d978d883949b.jpg,paisley,home_furnishing|clothing
50026737-0a5a-48e6-8016-19e0e5da5bed,images/50026737-0a5a-48e6-8016-19e0e5da5bed.jpg,bumpy,nature|rock
58ed0f5b-f4fd-4dd0-b777-7731f09fa723,images/58ed0f5b-f4fd-4dd0-b777-7731f09fa723.jpg,woven,home_furnishing|clothing|fabric
af132ab6-e1b5-4c79-b9cc-c819e493d89b,images/af132ab6-e1b5-4c79-b9cc-c819e493d89b.jpg,freckled,human
cff68ae9-0aed-423e-a836-5a61381c9168,images/cff68ae9-0aed-423e-a836-5a61381c9168.jpg,spiralled,painting|wallpaper
28e21da6-6b1e-44f3-b2b7-d98e9b783481,images/28e21da6-6b1e-44f3-b2b7-d98e9b783481.jpg,perforated,metal
cd299bf8-fb64-4f7e-9194-f2788ae5e12b,images/cd299bf8-fb64-4f7e-9194-f2788ae5e12b.jpg,matted,human|hair
0c80ca85-89f5-40ac-a1a3-43849e37b547,images/0c80ca85-89f5-40ac-a1a3-43849e37b547.jpg,blotchy,painting|wallpaper
626e03df-bd93-4564-9022-f5be873a66de,images/626e03df-bd93-4564-9022-f5be873a66de.jpg,matted,hair
587b2b7c-8d5a-450d-8e27-eb62d8ad7db2,images/587b2b7c-8d5a-450d-8e27-eb62d8ad7db2.jpg,grid,wallpaper|painting
5509eef3-f5f0-4c6a-b236-9ef44008db1a,images/5509eef3-f5f0-4c6a-b236-9ef44008db1a.jpg,sprinkled,painting|wallpaper
0e1e10c2-79a3-4bd3-9114-2d821e348e71,images/0e1e10c2-79a3-4bd3-9114-2d821e348e71.jpg,braided,fabric|clothing|home_furnishing
ac16cc4e-084f-42dc-b7b8-6d2e8e2f752d,images/ac16cc4e-084f-42dc-b7b8-6d2e8e2f752d.jpg,perforated,plastic
a5b1472a-a2f0-4dd6-ade0-2d3a2ae2f6fd,images/a5b1472a-a2f0-4dd6-ade0-2d3a2ae2f6fd.jpg,honeycombed,food|animal
d155fc36-022e-4257-8ef9-b3aab0483951,images/d155fc36-022e-4257-8ef9-b3aab0483951.jpg,blotchy,painting|wallpaper
1470838d-3c7c-4e15-8b16-a032be90cd83,images/1470838d-3c7c-4e15-8b16-a032be90cd83.jpg,grid,wallpaper|painting
27837716-5372-4aaf-91ff-d6baaed4e710,images/27837716-5372-4aaf-91ff-d6baaed4e710.jpg,interlaced,clothing|home_furnishing
ff5cc491-d6d0-4290-957d-1fd9613aa294,images/ff5cc491-d6d0-4290-957d-1fd9613aa294.jpg,blotchy,painting|wallpaper
13e07b1f-6fed-43ba-a875-34e6a1041d5f,images/13e07b1f-6fed-43ba-a875-34e6a1041d5f.jpg,flecked,home_furnishing|clothing
7a4ab03c-c70b-4be2-8b21-4c30b4fa0d71,images/7a4ab03c-c70b-4be2-8b21-4c30b4fa0d71.jpg,meshed,plastic
17f7a3a5-ac95-4d15-bdbd-05d6dfbc4b6d,images/17f7a3a5-ac95-4d15-bdbd-05d6dfbc4b6d.jpg,matted,nature
3a802920-3ccf-435f-b38d-60b727056aaa,images/3a802920-3ccf-435f-b38d-60b727056aaa.jpg,spiralled,home_furnishing
e7d639f5-f2ee-4047-bf0f-ba11ca321469,images/e7d639f5-f2ee-4047-bf0f-ba11ca321469.jpg,potholed,concrete
a374f37b-074b-4507-8e75-a30e98dbdb83,images/a374f37b-074b-4507-8e75-a30e98dbdb83.jpg,zigzagged,home_furnishing|clothing
c0897f91-c5be-4b1a-9288-738e1bc550df,images/c0897f91-c5be-4b1a-9288-738e1bc550df.jpg,grid,wood
a0fbb370-3eb8-4dec-9bd6-833e3ed459fc,images/a0fbb370-3eb8-4dec-9bd6-833e3ed459fc.jpg,waffled,concrete|rock
1e324963-f699-4b61-bc58-058cf5741ada,images/1e324963-f699-4b61-bc58-058cf5741ada.jpg,frilly,nature
ca34a1f4-bd3b-4146-a87e-41b89696be25,images/ca34a1f4-bd3b-4146-a87e-41b89696be25.jpg,bubbly,nature|liquid
5fdb2a41-d9dc-4553-ace4-1a7547d5f8f1,images/5fdb2a41-d9dc-4553-ace4-1a7547d5f8f1.jpg,perforated,home_furnishing|plastic
45f2fed2-af90-4fe3-a4f6-6104499cbc11,images/45f2fed2-af90-4fe3-a4f6-6104499cbc11.jpg,lacelike,home_furnishing
3b877982-0526-495b-8afc-e91d6ff2955b,images/3b877982-0526-495b-8afc-e91d6ff2955b.jpg,studded,home_furnishing|clothing
0d5dc987-5d66-4fd7-808f-51f5efb5a0af,images/0d5dc987-5d66-4fd7-808f-51f5efb5a0af.jpg,dotted,clothing|home_furnishing
33d3b073-1377-42f5-b367-cd9a896dfd8e,images/33d3b073-1377-42f5-b367-cd9a896dfd8e.jpg,crosshatched,painting|wood
0f2c0119-f3a5-472c-b705-6dbbcf8b34fa,images/0f2c0119-f3a5-472c-b705-6dbbcf8b34fa.jpg,grooved,home_furnishing|clothing
cdf3fb49-44c7-4e1f-b6fc-900a4b3b3eee,images/cdf3fb49-44c7-4e1f-b6fc-900a4b3b3eee.jpg,perforated,metal
5c9fc725-aff0-4417-ae44-3e47cc963a3c,images/5c9fc725-aff0-4417-ae44-3e47cc963a3c.jpg,meshed,metal
81d769e4-8758-4ae0-82da-00dba22d18bc,images/81d769e4-8758-4ae0-82da-00dba22d18bc.jpg,lacelike,home_furnishing
27197a4a-986f-408d-b705-e622c459fdec,images/27197a4a-986f-408d-b705-e622c459fdec.jpg,lined,home_furnishing
1478ff62-9e42-488f-834a-e923cdd72fbe,images/1478ff62-9e42-488f-834a-e923cdd72fbe.jpg,polka-dotted,wallpaper|painting
aaabecd7-9529-4753-bd57-7f444b07dcb0,images/aaabecd7-9529-4753-bd57-7f444b07dcb0.jpg,marbled,rock|nature
dc856b68-e535-4587-9a28-638b79596af3,images/dc856b68-e535-4587-9a28-638b79596af3.jpg,chequered,clothing|home_furnishing|fabric
328c7ccc-c147-49b7-a6f8-ea8c32caf456,images/328c7ccc-c147-49b7-a6f8-ea8c32caf456.jpg,scaly,animal
bd5a7519-ff7a-45bb-8ba4-f08cdaa2b13c,images/bd5a7519-ff7a-45bb-8ba4-f08cdaa2b13c.jpg,grooved,metal
cc4c0c5a-c14b-4ece-9540-89bdf72b38f9,images/cc4c0c5a-c14b-4ece-9540-89bdf72b38f9.jpg,stratified,rock|nature
7c4157de-9a42-4b41-be62-305cdb1f4a52,images/7c4157de-9a42-4b41-be62-305cdb1f4a52.jpg,interlaced,wallpaper|painting
554ff4f1-e81c-4f40-a18e-6ba7e2cfffcf,images/554ff4f1-e81c-4f40-a18e-6ba7e2cfffcf.jpg,knitted,clothing|home_furnishing|fabric
a51c05e3-174e-4997-a603-85e82825b826,images/a51c05e3-174e-4997-a603-85e82825b826.jpg,interlaced,wallpaper|painting
6e08a515-c06e-4807-a950-dbd4e710405c,images/6e08a515-c06e-4807-a950-dbd4e710405c.jpg,stratified,rock|nature
40c6743d-687b-4b63-bf6f-7b8f9110ee33,images/40c6743d-687b-4b63-bf6f-7b8f9110ee33.jpg,gauzy,clothing|home_furnishing|fabric
b2304731-386e-4302-b191-65081d9de75a,images/b2304731-386e-4302-b191-65081d9de75a.jpg,pleated,home_furnishing
590af9d7-6a27-4a05-a141-cbf25d1afd28,images/590af9d7-6a27-4a05-a141-cbf25d1afd28.jpg,blotchy,nature|paper
980dede1-13b8-4b1c-aa32-8865ebed219d,images/980dede1-13b8-4b1c-aa32-8865ebed219d.jpg,wrinkled,paper
1b4c6608-f6c4-4bc9-bb4b-cd9ce712b099,images/1b4c6608-f6c4-4bc9-bb4b-cd9ce712b099.jpg,zigzagged,home_furnishing
08e855c5-9629-45bb-a339-a542ec72ef95,images/08e855c5-9629-45bb-a339-a542ec72ef95.jpg,dotted,wallpaper|painting
112a14ec-c290-4387-a559-90347d5a1130,images/112a14ec-c290-4387-a559-90347d5a1130.jpg,potholed,concrete
f67499e7-0d80-4712-a6e7-06f749b783fd,images/f67499e7-0d80-4712-a6e7-06f749b783fd.jpg,chequered,wood|painting
950e469b-aeea-434f-8bc7-bbe86eb60198,images/950e469b-aeea-434f-8bc7-bbe86eb60198.jpg,spiralled,home_furnishing
982f42d1-1ea6-4b8f-a2e1-e2e9e23f43e6,images/982f42d1-1ea6-4b8f-a2e1-e2e9e23f43e6.jpg,veined,nature
814992a7-1382-4484-993d-9cf09e1cc128,images/814992a7-1382-4484-993d-9cf09e1cc128.jpg,grid,wallpaper|painting
41091875-8ac2-40e8-9578-bd225d7ab8fd,images/41091875-8ac2-40e8-9578-bd225d7ab8fd.jpg,lacelike,home_furnishing
d89fe7ce-019b-41d0-b91f-794cff03e137,images/d89fe7ce-019b-41d0-b91f-794cff03e137.jpg,cracked,metal
fffa7609-49ae-46a7-9de5-ca5dd24f26d6,images/fffa7609-49ae-46a7-9de5-ca5dd24f26d6.jpg,blotchy,nature|rock
1aeddb4c-48df-4f2a-b376-63c94c01f295,images/1aeddb4c-48df-4f2a-b376-63c94c01f295.jpg,crystalline,nature|rock
5a0568e6-ea9a-4b0f-b1be-3be655b0fa81,images/5a0568e6-ea9a-4b0f-b1be-3be655b0fa81.jpg,striped,home_furnishing
578735f5-ed11-477f-ae6d-8d3d0a94dae0,images/578735f5-ed11-477f-ae6d-8d3d0a94dae0.jpg,spiralled,rock
a9a11813-90e8-47dc-a3c8-eed1079cad4a,images/a9a11813-90e8-47dc-a3c8-eed1079cad4a.jpg,honeycombed,wallpaper|painting
cab5754b-bcb2-486a-8e72-c2a705bbafcb,images/cab5754b-bcb2-486a-8e72-c2a705bbafcb.jpg,smeared,painting|wallpaper
58390bc0-ae7e-4969-a55f-0d8e39b04637,images/58390bc0-ae7e-4969-a55f-0d8e39b04637.jpg,frilly,clothing|home_furnishing
e28b74df-d317-47c8-8bf6-3f86f0c86413,images/e28b74df-d317-47c8-8bf6-3f86f0c86413.jpg,meshed,metal
f2d39382-1007-4cef-83e2-4b51c2a258f7,images/f2d39382-1007-4cef-83e2-4b51c2a258f7.jpg,lined,clothing|home_furnishing
02ce9489-4d3d-49ea-8846-15fd2243df18,images/02ce9489-4d3d-49ea-8846-15fd2243df18.jpg,grid,metal
1f85f137-8e3d-4af1-9a17-55b53f6732fb,images/1f85f137-8e3d-4af1-9a17-55b53f6732fb.jpg,freckled,food
d5b8315c-11cf-47c7-8e1d-768189837160,images/d5b8315c-11cf-47c7-8e1d-768189837160.jpg,pleated,home_furnishing|paper
49c8e83c-f4aa-46c5-9106-5f38601003f0,images/49c8e83c-f4aa-46c5-9106-5f38601003f0.jpg,spiralled,painting|wallpaper
c29b6b99-2f72-4837-8410-12d82bcbc04f,images/c29b6b99-2f72-4837-8410-12d82bcbc04f.jpg,interlaced,painting|wallpaper
87a0143c-59e8-4db6-b274-0d935ff0d240,images/87a0143c-59e8-4db6-b274-0d935ff0d240.jpg,freckled,human
d499ac8a-66a2-4572-ac91-85c4399dfb29,images/d499ac8a-66a2-4572-ac91-85c4399dfb29.jpg,frilly,clothing|home_furnishing
57a5c1f8-d8d2-4a15-8064-9e874c13e6c8,images/57a5c1f8-d8d2-4a15-8064-9e874c13e6c8.jpg,zigzagged,home_furnishing|clothing
92022b75-388e-4da4-927c-0792bd210499,images/92022b75-388e-4da4-927c-0792bd210499.jpg,potholed,concrete
bee43fc0-8a32-4f5d-945b-5c097f8a82a1,images/bee43fc0-8a32-4f5d-945b-5c097f8a82a1.jpg,veined,nature
0322e775-76b8-4818-894b-ec63b9c03027,images/0322e775-76b8-4818-894b-ec63b9c03027.jpg,grid,metal
750928a9-52ef-4668-9d5a-309cfa71c722,images/750928a9-52ef-4668-9d5a-309cfa71c722.jpg,gauzy,home_furnishing|clothing|fabric
9c7e7652-a619-4198-8eca-5bf2aa938e69,images/9c7e7652-a619-4198-8eca-5bf2aa938e69.jpg,potholed,rock|nature
11c5c833-231d-4bf2-8ca1-1f9ac61c9a73,images/11c5c833-231d-4bf2-8ca1-1f9ac61c9a73.jpg,freckled,human
bcd44bb8-d913-4df1-a5f0-4c9760c46d3e,images/bcd44bb8-d913-4df1-a5f0-4c9760c46d3e.jpg,marbled,rock|nature
d452db78-bd74-4663-b2df-8c3387bc8e0f,images/d452db78-bd74-4663-b2df-8c3387bc8e0f.jpg,veined,nature
aefe67b1-1d38-4e2a-93d0-54a8c33a855f,images/aefe67b1-1d38-4e2a-93d0-54a8c33a855f.jpg,matted,nature
2e5d721e-735c-409e-9e99-9cc780452eab,images/2e5d721e-735c-409e-9e99-9cc780452eab.jpg,bumpy,metal|home_furnishing
fc211c62-4036-4dbf-b1e7-536ee02f9ca3,images/fc211c62-4036-4dbf-b1e7-536ee02f9ca3.jpg,braided,fabric|home_furnishing
13b27abd-dd93-4c2e-a50c-2d48f400e81d,images/13b27abd-dd93-4c2e-a50c-2d48f400e81d.jpg,blotchy,nature|tree
785f1c63-7ad1-436e-9533-1948f1f1d809,images/785f1c63-7ad1-436e-9533-1948f1f1d809.jpg,blotchy,nature|rock
18df1acd-e5a6-463d-8589-4bc86988841a,images/18df1acd-e5a6-463d-8589-4bc86988841a.jpg,stained,painting|wallpaper
1c6d4e1c-81a0-4e20-925d-fab240cf8ddc,images/1c6d4e1c-81a0-4e20-925d-fab240cf8ddc.jpg,porous,food
9813ffa8-7539-496c-a868-07641653017d,images/9813ffa8-7539-496c-a868-07641653017d.jpg,porous,concrete
2cc55c38-9a0a-4df6-9320-b5c5dcbc3841,images/2cc55c38-9a0a-4df6-9320-b5c5dcbc3841.jpg,interlaced,wallpaper|painting
0d1a50b0-7430-4423-aba1-3fa4ea0b7532,images/0d1a50b0-7430-4423-aba1-3fa4ea0b7532.jpg,swirly,home_furnishing|clothing
cada7c64-d838-45a9-93bc-cada15f4514e,images/cada7c64-d838-45a9-93bc-cada15f4514e.jpg,sprinkled,food
a0fb6d1a-e92e-4eb0-a54e-29ac2eb341be,images/a0fb6d1a-e92e-4eb0-a54e-29ac2eb341be.jpg,wrinkled,metal
763778d6-f328-4ae9-9b0f-1b40225727f9,images/763778d6-f328-4ae9-9b0f-1b40225727f9.jpg,frilly,clothing|home_furnishing
d663e30b-321c-484f-a741-261b82b40027,images/d663e30b-321c-484f-a741-261b82b40027.jpg,fibrous,nature|tree|wood
6c948972-f634-4abc-b63f-b6c782a8bcb2,images/6c948972-f634-4abc-b63f-b6c782a8bcb2.jpg,studded,home_furnishing|clothing
6b22db36-1d51-41fd-8761-ded2eefd2ffd,images/6b22db36-1d51-41fd-8761-ded2eefd2ffd.jpg,paisley,home_furnishing|clothing
e3e509d1-a8ac-4ac0-8858-2efe78c91ef1,images/e3e509d1-a8ac-4ac0-8858-2efe78c91ef1.jpg,chequered,clothing|home_furnishing
282060b9-575c-488b-aec3-cf86759a5391,images/282060b9-575c-488b-aec3-cf86759a5391.jpg,grooved,nature
e2c50064-3a7d-4546-85de-881b1d4b33a0,images/e2c50064-3a7d-4546-85de-881b1d4b33a0.jpg,cobwebbed,nature|ice
d3b8fa70-7956-4f17-acb2-785aaf8b0119,images/d3b8fa70-7956-4f17-acb2-785aaf8b0119.jpg,paisley,home_furnishing
491805b2-2b03-41d7-9999-8c67a558ef43,images/491805b2-2b03-41d7-9999-8c67a558ef43.jpg,meshed,plastic
32bd171e-8d8a-42de-9dcb-f90d4f072fec,images/32bd171e-8d8a-42de-9dcb-f90d4f072fec.jpg,swirly,painting|wallpaper
8d26e5eb-e78c-4b32-ac63-17d354d6c407,images/8d26e5eb-e78c-4b32-ac63-17d354d6c407.jpg,swirly,home_furnishing|clothing
4d813e47-4f7c-4765-8658-56877f02a7a9,images/4d813e47-4f7c-4765-8658-56877f02a7a9.jpg,striped,animal
86b8f0df-b0f4-4e2b-b408-a03cfe805666,images/86b8f0df-b0f4-4e2b-b408-a03cfe805666.jpg,cobwebbed,nature
f038dbac-311b-4c72-b193-0c8cd33c78f9,images/f038dbac-311b-4c72-b193-0c8cd33c78f9.jpg,crystalline,nature|rock
ec71c98c-4eec-4dad-a27b-6a954be7712f,images/ec71c98c-4eec-4dad-a27b-6a954be7712f.jpg,crystalline,nature|rock
61a235cd-b0b1-4b20-a53f-59a1b2d1b985,images/61a235cd-b0b1-4b20-a53f-59a1b2d1b985.jpg,lacelike,home_furnishing
0d44d896-5d5b-4b35-bb5c-afdc78529fc5,images/0d44d896-5d5b-4b35-bb5c-afdc78529fc5.jpg,banded,fabric|clothing
2c370408-a2a7-4f53-bd81-3a6aad9c288b,images/2c370408-a2a7-4f53-bd81-3a6aad9c288b.jpg,grid,wood
05fdd23a-08ed-4c0f-9231-959d85cac644,images/05fdd23a-08ed-4c0f-9231-959d85cac644.jpg,meshed,metal
d6f02a3f-73c0-43e4-9637-c941a51f398e,images/d6f02a3f-73c0-43e4-9637-c941a51f398e.jpg,frilly,clothing|home_furnishing
b6259962-8700-4806-9277-7c6dcc61864f,images/b6259962-8700-4806-9277-7c6dcc61864f.jpg,bubbly,nature|liquid
23ca5825-2605-40d1-8bc6-1fa96002b6d1,images/23ca5825-2605-40d1-8bc6-1fa96002b6d1.jpg,knitted,clothing|home_furnishing|fabric
7474e0c0-e2d4-45f6-ae32-3102f8c945fa,images/7474e0c0-e2d4-45f6-ae32-3102f8c945fa.jpg,bubbly,nature|liquid
f4426329-1ba6-497d-bb51-32eb45261d34,images/f4426329-1ba6-497d-bb51-32eb45261d34.jpg,studded,home_furnishing|clothing
61be9ee6-da51-46c9-8e6f-39cce8f360a5,images/61be9ee6-da51-46c9-8e6f-39cce8f360a5.jpg,banded,fabric|clothing|wallpaper
1ae9a8ae-8a3e-4dde-889b-b1ed6d8dfa68,images/1ae9a8ae-8a3e-4dde-889b-b1ed6d8dfa68.jpg,meshed,home_furnishing|metal
53234b1a-5f66-46c8-b1a6-c0d0d3f0c964,images/53234b1a-5f66-46c8-b1a6-c0d0d3f0c964.jpg,lacelike,home_furnishing
6bae1da9-d966-4790-944c-0ad423864a7b,images/6bae1da9-d966-4790-944c-0ad423864a7b.jpg,honeycombed,wallpaper|painting
d1fb1d4a-105c-4553-83dc-2e8d485a7cc4,images/d1fb1d4a-105c-4553-83dc-2e8d485a7cc4.jpg,veined,nature
c0181422-9b3d-4b80-a9f4-51a29f090655,images/c0181422-9b3d-4b80-a9f4-51a29f090655.jpg,sprinkled,food
838a4c10-b083-46d6-b79e-b84c9a414b66,images/838a4c10-b083-46d6-b79e-b84c9a414b66.jpg,veined,nature|tree
f4935490-531a-4589-9cca-3853f27ddc2f,images/f4935490-531a-4589-9cca-3853f27ddc2f.jpg,striped,home_furnishing|clothing
d8e335dd-da85-4572-9849-e980046b9a93,images/d8e335dd-da85-4572-9849-e980046b9a93.jpg,polka-dotted,home_furnishing|clothing
57601790-9475-4c4d-926c-28202be0b426,images/57601790-9475-4c4d-926c-28202be0b426.jpg,bubbly,nature|food|liquid
080c0720-d27d-4b3b-af7e-446e1a2ebe28,images/080c0720-d27d-4b3b-af7e-446e1a2ebe28.jpg,freckled,nature
07e8bafb-323f-47f9-8953-4674b27ec07e,images/07e8bafb-323f-47f9-8953-4674b27ec07e.jpg,stained,painting|wall
a5568e75-a1ff-4aab-9f50-1d5a572627c8,images/a5568e75-a1ff-4aab-9f50-1d5a572627c8.jpg,potholed,concrete
0f3889d3-7d46-45f7-aa30-4ec2f459b6ea,images/0f3889d3-7d46-45f7-aa30-4ec2f459b6ea.jpg,lacelike,home_furnishing
64da2414-daf8-4221-b291-342691085d0a,images/64da2414-daf8-4221-b291-342691085d0a.jpg,wrinkled,home_furnishing|clothing
f6b56df2-901a-4e21-a387-49024fd5f76b,images/f6b56df2-901a-4e21-a387-49024fd5f76b.jpg,swirly,painting|wallpaper
4049a7e8-808f-4256-b54a-949b4f98faa1,images/4049a7e8-808f-4256-b54a-949b4f98faa1.jpg,waffled,metal
2e314494-ceb6-4fe8-9aaf-8cf8aa9cd2c8,images/2e314494-ceb6-4fe8-9aaf-8cf8aa9cd2c8.jpg,crystalline,nature|rock
8f9e8d9b-4d61-4a78-8f0a-d1562312a073,images/8f9e8d9b-4d61-4a78-8f0a-d1562312a073.jpg,gauzy,home_furnishing|clothing|fabric
518cf882-7ce1-479f-9c37-830f0b07391a,images/518cf882-7ce1-479f-9c37-830f0b07391a.jpg,smeared,painting|wallpaper
7e64a9bb-3b0c-4800-bfb9-85a903b5bf70,images/7e64a9bb-3b0c-4800-bfb9-85a903b5bf70.jpg,sprinkled,food
51508b89-d167-4c2c-8a30-8159f88617d8,images/51508b89-d167-4c2c-8a30-8159f88617d8.jpg,smeared,painting|wallpaper
bb7a14b1-dd76-4428-ae38-801f80ec47b5,images/bb7a14b1-dd76-4428-ae38-801f80ec47b5.jpg,grid,wallpaper|painting
4f37dcf0-2698-42dc-b69e-4fc41afa6242,images/4f37dcf0-2698-42dc-b69e-4fc41afa6242.jpg,potholed,rock|nature
fbfde533-a2b0-4f78-b161-5e49a6af2692,images/fbfde533-a2b0-4f78-b161-5e49a6af2692.jpg,crystalline,nature|rock
c3c55132-0560-4077-8e9d-02a0cc7f2882,images/c3c55132-0560-4077-8e9d-02a0cc7f2882.jpg,paisley,home_furnishing
e9b6a6f8-a7a0-4e9c-bb00-60bbe776bad8,images/e9b6a6f8-a7a0-4e9c-bb00-60bbe776bad8.jpg,swirly,home_furnishing
1b7edc85-bac4-471e-b767-4201d828e867,images/1b7edc85-bac4-471e-b767-4201d828e867.jpg,crystalline,nature|rock
8a94d776-929b-4334-bbcb-7c99c44be6fe,images/8a94d776-929b-4334-bbcb-7c99c44be6fe.jpg,gauzy,home_furnishing|fabric
6dfd3f94-ba02-4d67-a22c-71efd1600c8b,images/6dfd3f94-ba02-4d67-a22c-71efd1600c8b.jpg,lacelike,home_furnishing
9962a679-e276-4bb8-bf8d-766928accde2,images/9962a679-e276-4bb8-bf8d-766928accde2.jpg,fibrous,home_furnishing
94e32e4b-1b59-4d92-8756-26035ee84e7c,images/94e32e4b-1b59-4d92-8756-26035ee84e7c.jpg,swirly,food
e810e42b-feed-43b3-be31-910147c3d9dd,images/e810e42b-feed-43b3-be31-910147c3d9dd.jpg,meshed,metal
b56819b8-ec17-4dc4-88c3-e334a142cfc4,images/b56819b8-ec17-4dc4-88c3-e334a142cfc4.jpg,perforated,plastic
0c2ef651-e077-486f-8263-ef74add0fe5f,images/0c2ef651-e077-486f-8263-ef74add0fe5f.jpg,pleated,home_furnishing|clothing
59bac4aa-d723-4647-bf42-2a5715e8b6c3,images/59bac4aa-d723-4647-bf42-2a5715e8b6c3.jpg,cobwebbed,nature|ice
591ff19c-343a-4eca-a1d6-94b0b14503cc,images/591ff19c-343a-4eca-a1d6-94b0b14503cc.jpg,swirly,home_furnishing|clothing
c27295ee-3586-4f18-aeb5-bdb88baf9834,images/c27295ee-3586-4f18-aeb5-bdb88baf9834.jpg,stratified,rock|nature
9179dacf-5f5e-45b1-8393-96a40f54608a,images/9179dacf-5f5e-45b1-8393-96a40f54608a.jpg,studded,home_furnishing|clothing
f23c3539-791f-4e15-906c-aec277781ce0,images/f23c3539-791f-4e15-906c-aec277781ce0.jpg,zigzagged,home_furnishing|clothing
f05ae3b9-9b25-4df6-bfdc-f5079db1c988,images/f05ae3b9-9b25-4df6-bfdc-f5079db1c988.jpg,dotted,wallpaper|painting
20b549de-d516-4303-8e82-76ff269dcabf,images/20b549de-d516-4303-8e82-76ff269dcabf.jpg,pitted,painting|wall
b665b526-699c-4bdc-a79b-f87d19815397,images/b665b526-699c-4bdc-a79b-f87d19815397.jpg,swirly,home_furnishing|clothing
08ae94d6-7b7d-4fae-8b50-1b44de4e8294,images/08ae94d6-7b7d-4fae-8b50-1b44de4e8294.jpg,sprinkled,food
4e0a588b-6893-40bd-aff8-e798e428ddc3,images/4e0a588b-6893-40bd-aff8-e798e428ddc3.jpg,wrinkled,home_furnishing|clothing
c87b9d3a-023e-47e4-a420-b7afda7be997,images/c87b9d3a-023e-47e4-a420-b7afda7be997.jpg,marbled,rock|nature
ab014dce-57b4-4021-b1a6-19a7ae399200,images/ab014dce-57b4-4021-b1a6-19a7ae399200.jpg,zigzagged,home_furnishing
45fcfb85-1830-42e9-8388-659aed3671ea,images/45fcfb85-1830-42e9-8388-659aed3671ea.jpg,veined,nature
04beea16-21e9-4655-bb13-f0b0613775d3,images/04beea16-21e9-4655-bb13-f0b0613775d3.jpg,stratified,rock|nature
cfec2d11-1434-403f-900b-bdb4cc4cf334,images/cfec2d11-1434-403f-900b-bdb4cc4cf334.jpg,matted,nature
c347656c-814b-41fe-aaf6-a5e36ce0821c,images/c347656c-814b-41fe-aaf6-a5e36ce0821c.jpg,bumpy,nature|food
012ee648-57ac-46b4-b5e7-356da4f63262,images/012ee648-57ac-46b4-b5e7-356da4f63262.jpg,knitted,clothing|home_furnishing|fabric
b3467ef4-eae7-4a68-a3f3-b0a5458be57e,images/b3467ef4-eae7-4a68-a3f3-b0a5458be57e.jpg,swirly,painting|wallpaper
95a68402-a009-452c-885b-755f8b427fa3,images/95a68402-a009-452c-885b-755f8b427fa3.jpg,matted,human|hair
5650e46b-efda-47fe-b962-89bbaefc9bdb,images/5650e46b-efda-47fe-b962-89bbaefc9bdb.jpg,grooved,home_furnishing|clothing|fabric
7c05df8a-32de-4455-9257-1a3fb007b749,images/7c05df8a-32de-4455-9257-1a3fb007b749.jpg,crosshatched,nature|wood
4a7e6738-2bc6-4bb1-a2fa-fde88bb57f7a,images/4a7e6738-2bc6-4bb1-a2fa-fde88bb57f7a.jpg,woven,painting|wallpaper
57e35f07-4edb-42b4-9216-b1397eb161d2,images/57e35f07-4edb-42b4-9216-b1397eb161d2.jpg,lined,painting|wallpaper
2896dafc-349d-4c87-a085-c36181dfc277,images/2896dafc-349d-4c87-a085-c36181dfc277.jpg,crystalline,nature|rock
9183c7d5-041c-403e-bd38-1560aaa7af19,images/9183c7d5-041c-403e-bd38-1560aaa7af19.jpg,dotted,wallpaper|painting
f60bed71-9d0b-4acd-90c0-d414b0589b5d,images/f60bed71-9d0b-4acd-90c0-d414b0589b5d.jpg,lined,paper
ec1bace2-b397-4a3e-b8e4-26f8bbe1a7c9,images/ec1bace2-b397-4a3e-b8e4-26f8bbe1a7c9.jpg,swirly,painting|wallpaper
37d372d9-a6aa-432a-b817-da5cdbfba182,images/37d372d9-a6aa-432a-b817-da5cdbfba182.jpg,freckled,nature
a7fb826c-d376-4063-9dd7-a5057e5dccbd,images/a7fb826c-d376-4063-9dd7-a5057e5dccbd.jpg,waffled,food
ee56c6ab-4176-4490-9063-86ea1c6e0ff8,images/ee56c6ab-4176-4490-9063-86ea1c6e0ff8.jpg,swirly,home_furnishing|clothing
8e8ef530-6179-4ec0-a318-a41812d392af,images/8e8ef530-6179-4ec0-a318-a41812d392af.jpg,blotchy,nature|paper
b3f701d2-bd87-4508-aa42-e038071449b2,images/b3f701d2-bd87-4508-aa42-e038071449b2.jpg,woven,home_furnishing|fabric
f30c879b-b934-4b5d-90ff-5024c2ca25da,images/f30c879b-b934-4b5d-90ff-5024c2ca25da.jpg,banded,fabric|wallpaper
4212928d-23b7-4e7e-ad10-7abcb74421ce,images/4212928d-23b7-4e7e-ad10-7abcb74421ce.jpg,marbled,painting|wallpaper
afc7b558-8faa-4a4e-a525-e4e5678c496d,images/afc7b558-8faa-4a4e-a525-e4e5678c496d.jpg,gauzy,home_furnishing|clothing
6f8d29a8-8d4f-403c-a157-18f9e0381362,images/6f8d29a8-8d4f-403c-a157-18f9e0381362.jpg,marbled,rock|nature
2167ca60-fbd5-4151-b104-70b2a2566fd8,images/2167ca60-fbd5-4151-b104-70b2a2566fd8.jpg,zigzagged,home_furnishing|clothing
b15153f1-4955-4bb3-acba-aaa2cc9baf21,images/b15153f1-4955-4bb3-acba-aaa2cc9baf21.jpg,blotchy,wallpaper
204ba9c6-7e02-41f7-93a5-71c21e502d6b,images/204ba9c6-7e02-41f7-93a5-71c21e502d6b.jpg,grid,wallpaper
ee2326c1-16b6-44d0-ad66-b4a04bf0e054,images/ee2326c1-16b6-44d0-ad66-b4a04bf0e054.jpg,gauzy,home_furnishing|fabric
508fca41-7c43-45f8-962a-f7be1e4faa21,images/508fca41-7c43-45f8-962a-f7be1e4faa21.jpg,sprinkled,painting
cfb23dab-8be7-4e50-8e3a-b8967f4d2696,images/cfb23dab-8be7-4e50-8e3a-b8967f4d2696.jpg,perforated,metal
b4850d1d-3b25-4238-a6d8-e1a35388f518,images/b4850d1d-3b25-4238-a6d8-e1a35388f518.jpg,knitted,clothing|home_furnishing|fabric
6e532b26-99f5-4458-b034-67876b5a1656,images/6e532b26-99f5-4458-b034-67876b5a1656.jpg,scaly,animal
bd9cbb4c-5aad-4eb2-b73c-17679e887ca5,images/bd9cbb4c-5aad-4eb2-b73c-17679e887ca5.jpg,woven,painting|wallpaper
7d3009b1-a818-4c7f-9912-1dca1271a454,images/7d3009b1-a818-4c7f-9912-1dca1271a454.jpg,zigzagged,home_furnishing|clothing
c0f4768d-9a2e-422a-9660-8bf529ea9493,images/c0f4768d-9a2e-422a-9660-8bf529ea9493.jpg,smeared,painting|wallpaper
9ace2571-b9e6-4931-ae12-b8b0e6a5987f,images/9ace2571-b9e6-4931-ae12-b8b0e6a5987f.jpg,pitted,rock|nature
135c77ce-e6a8-4a66-b061-ddddde4373a4,images/135c77ce-e6a8-4a66-b061-ddddde4373a4.jpg,flecked,painting|wall
b3a585f5-8554-462f-a3c0-e80159cbcd90,images/b3a585f5-8554-462f-a3c0-e80159cbcd90.jpg,pleated,home_furnishing|clothing
aac6b7ac-c804-4f27-9faa-16302ec8f3b0,images/aac6b7ac-c804-4f27-9faa-16302ec8f3b0.jpg,honeycombed,nature|food
7a6dfe58-01dd-4f2f-9705-8dd45e513fd1,images/7a6dfe58-01dd-4f2f-9705-8dd45e513fd1.jpg,braided,man_made|food
da41464d-244e-49f3-804b-1de368bca3dc,images/da41464d-244e-49f3-804b-1de368bca3dc.jpg,perforated,metal
f161a4a1-825d-4a89-a681-ab08457d48c9,images/f161a4a1-825d-4a89-a681-ab08457d48c9.jpg,flecked,clothing|fabric
872976cb-f053-4941-83b9-c3040a4e010f,images/872976cb-f053-4941-83b9-c3040a4e010f.jpg,pitted,concrete
c5b886f0-ad2f-46cb-8b0f-702b67e59005,images/c5b886f0-ad2f-46cb-8b0f-702b67e59005.jpg,lacelike,home_furnishing
9a590150-9460-487f-9282-a6bd36771ac8,images/9a590150-9460-487f-9282-a6bd36771ac8.jpg,veined,nature
21b4c91e-e628-463a-9ca2-8cd7e902ddab,images/21b4c91e-e628-463a-9ca2-8cd7e902ddab.jpg,pitted,rock|nature
ab2bcdfe-654a-4b34-bebd-44a361eb6fef,images/ab2bcdfe-654a-4b34-bebd-44a361eb6fef.jpg,stratified,rock|nature
1aba0f12-7a14-45b3-824e-1537bf17c424,images/1aba0f12-7a14-45b3-824e-1537bf17c424.jpg,woven,home_furnishing|plastic
45b8b964-fd45-4de9-abe3-1d4c185db994,images/45b8b964-fd45-4de9-abe3-1d4c185db994.jpg,fibrous,home_furnishing
3316cb3b-2b28-4622-b497-415e0724d343,images/3316cb3b-2b28-4622-b497-415e0724d343.jpg,paisley,home_furnishing|clothing
1b64d8f5-0f04-4328-9a58-4bf129c5b547,images/1b64d8f5-0f04-4328-9a58-4bf129c5b547.jpg,meshed,home_furnishing|fabric
36fb8377-c398-46ca-bb38-ac17bbc4c6de,images/36fb8377-c398-46ca-bb38-ac17bbc4c6de.jpg,chequered,wallpaper|painting
dc645473-cc02-4694-8cba-cef9ac51a506,images/dc645473-cc02-4694-8cba-cef9ac51a506.jpg,stained,clothing
a62381bb-3109-439d-926a-82ed91f6fc1b,images/a62381bb-3109-439d-926a-82ed91f6fc1b.jpg,veined,nature
d52bb373-fee8-4f77-a067-780f8dfb2d08,images/d52bb373-fee8-4f77-a067-780f8dfb2d08.jpg,fibrous,nature
948fab04-2299-4c15-b43d-b8be51aac4d8,images/948fab04-2299-4c15-b43d-b8be51aac4d8.jpg,chequered,clothing|home_furnishing|fabric
0de106d9-03dc-4dae-a2d3-0a0ae0bdac55,images/0de106d9-03dc-4dae-a2d3-0a0ae0bdac55.jpg,polka-dotted,home_furnishing|clothing
7ec7002d-c052-4c1b-b293-c72915113065,images/7ec7002d-c052-4c1b-b293-c72915113065.jpg,wrinkled,home_furnishing|clothing
2911ee0b-0104-4128-9e0c-9f6a0c418b2f,images/2911ee0b-0104-4128-9e0c-9f6a0c418b2f.jpg,frilly,nature
24e2c0e2-ae19-4de8-ae6e-59f842337491,images/24e2c0e2-ae19-4de8-ae6e-59f842337491.jpg,lacelike,home_furnishing
900a967b-248d-49b2-8b42-22b6ce293d43,images/900a967b-248d-49b2-8b42-22b6ce293d43.jpg,marbled,rock|nature
7dbe17e8-f5b9-4743-ba63-1af2c2952312,images/7dbe17e8-f5b9-4743-ba63-1af2c2952312.jpg,bubbly,photography|painting|wallpaper
13243cca-e1da-45e8-acd8-be0959f5193f,images/13243cca-e1da-45e8-acd8-be0959f5193f.jpg,lined,wallpaper|painting
e9896a39-e364-4735-a8fc-bd0a5dc2ae26,images/e9896a39-e364-4735-a8fc-bd0a5dc2ae26.jpg,striped,home_furnishing|clothing
fd5302f5-4515-4e77-990f-79b0c80573d9,images/fd5302f5-4515-4e77-990f-79b0c80573d9.jpg,bumpy,clothing|home_furnishing|fabric
139d64ab-9d6a-4b46-b132-073a79d1a5a1,images/139d64ab-9d6a-4b46-b132-073a79d1a5a1.jpg,cracked,nature
c3d8ac22-8ded-4f3e-8428-8ea5d2be4bdf,images/c3d8ac22-8ded-4f3e-8428-8ea5d2be4bdf.jpg,lacelike,home_furnishing
157f6782-cd6c-4372-b3f5-16cbde1bf05a,images/157f6782-cd6c-4372-b3f5-16cbde1bf05a.jpg,interlaced,wallpaper|painting
d7fc73d7-8cbf-4fdb-a6b8-a87542d805d2,images/d7fc73d7-8cbf-4fdb-a6b8-a87542d805d2.jpg,frilly,clothing|home_furnishing
ff154e02-0d0b-4674-8bbf-b5ea4f3062b2,images/ff154e02-0d0b-4674-8bbf-b5ea4f3062b2.jpg,woven,home_furnishing|wood
0e66628a-d957-4fbc-b239-138ee590b716,images/0e66628a-d957-4fbc-b239-138ee590b716.jpg,dotted,clothing|home_furnishing
05112909-b0a3-4d3f-a884-2c00d9b39b64,images/05112909-b0a3-4d3f-a884-2c00d9b39b64.jpg,matted,human|hair
763fc05d-d855-458e-8b1f-b3816c76963d,images/763fc05d-d855-458e-8b1f-b3816c76963d.jpg,chequered,clothing|home_furnishing|fabric
98615a80-9738-4338-995f-4a63f1520843,images/98615a80-9738-4338-995f-4a63f1520843.jpg,fibrous,wood
178af669-1b3e-4c52-a9cc-70233a7cc9f6,images/178af669-1b3e-4c52-a9cc-70233a7cc9f6.jpg,crystalline,nature|rock
8625baa9-dcfa-42e4-ad3d-350a074d2b34,images/8625baa9-dcfa-42e4-ad3d-350a074d2b34.jpg,polka-dotted,home_furnishing|clothing
b02bd572-0c4f-4726-b8ec-7da10196042e,images/b02bd572-0c4f-4726-b8ec-7da10196042e.jpg,porous,concrete
543d2a40-48f9-4837-a7f8-c58d44c8899e,images/543d2a40-48f9-4837-a7f8-c58d44c8899e.jpg,bumpy,rubber
f97c48ae-0e61-40f9-93f8-4c09c3aa0edc,images/f97c48ae-0e61-40f9-93f8-4c09c3aa0edc.jpg,stratified,wood
be523d17-f1d7-4d0b-a90f-a408e8138104,images/be523d17-f1d7-4d0b-a90f-a408e8138104.jpg,polka-dotted,home_furnishing|clothing
4dbe72ed-0258-4004-be6f-9063bd56ba30,images/4dbe72ed-0258-4004-be6f-9063bd56ba30.jpg,stratified,rock|nature
45a5cfe3-7f12-47b0-83b7-7a98867b9547,images/45a5cfe3-7f12-47b0-83b7-7a98867b9547.jpg,pitted,rock|nature
15487710-437d-46f1-967e-773102fe53b2,images/15487710-437d-46f1-967e-773102fe53b2.jpg,polka-dotted,home_furnishing|clothing
eda87a65-db3f-4753-b0dd-10ac31ee438f,images/eda87a65-db3f-4753-b0dd-10ac31ee438f.jpg,matted,nature
a260a550-3f2e-4aeb-b045-c11307c50111,images/a260a550-3f2e-4aeb-b045-c11307c50111.jpg,pitted,wall
a1f67419-315c-4ade-9a57-0016a56797b8,images/a1f67419-315c-4ade-9a57-0016a56797b8.jpg,scaly,home_furnishing|clothing
cb8fd7f9-a0b9-417e-bbd1-1edc6904f231,images/cb8fd7f9-a0b9-417e-bbd1-1edc6904f231.jpg,banded,fabric|clothing
1ff006e4-2d5b-44c7-a56e-fc31af01e59c,images/1ff006e4-2d5b-44c7-a56e-fc31af01e59c.jpg,porous,concrete
0e616616-8aa4-4fe9-84fd-15434e077851,images/0e616616-8aa4-4fe9-84fd-15434e077851.jpg,blotchy,painting|wallpaper
9db84421-1079-47ef-a81f-b6b67ceaa8a8,images/9db84421-1079-47ef-a81f-b6b67ceaa8a8.jpg,gauzy,home_furnishing|clothing
325227ac-9088-4456-bbfd-7f8db9638e9d,images/325227ac-9088-4456-bbfd-7f8db9638e9d.jpg,waffled,food
e93ba826-c7db-4a63-af99-63098b2f3181,images/e93ba826-c7db-4a63-af99-63098b2f3181.jpg,lined,paper
b3d0efe0-e8c2-475c-ad76-df5b93221015,images/b3d0efe0-e8c2-475c-ad76-df5b93221015.jpg,wrinkled,paper
0f57781c-771f-417f-814a-53f1224572e6,images/0f57781c-771f-417f-814a-53f1224572e6.jpg,interlaced,painting|wallpaper
42a43397-f785-4bf8-9635-6967f562a0d7,images/42a43397-f785-4bf8-9635-6967f562a0d7.jpg,knitted,home_furnishing|fabric
24ed51f5-2f8b-427e-ae69-72c6af6e68a5,images/24ed51f5-2f8b-427e-ae69-72c6af6e68a5.jpg,veined,nature
186118ca-d3a6-4caa-a83e-9fce605e92a9,images/186118ca-d3a6-4caa-a83e-9fce605e92a9.jpg,spiralled,concrete
41338e38-0b5f-479e-b2f1-27c48608f03b,images/41338e38-0b5f-479e-b2f1-27c48608f03b.jpg,matted,nature
5bc4a68a-d1dd-45c8-908f-4abb6e49dd16,images/5bc4a68a-d1dd-45c8-908f-4abb6e49dd16.jpg,bubbly,nature|food|liquid
26a7b1e6-05aa-4f79-ad5f-3b24520dcc8d,images/26a7b1e6-05aa-4f79-ad5f-3b24520dcc8d.jpg,frilly,nature
cc6200c0-1a64-465d-be32-03b0530e1e73,images/cc6200c0-1a64-465d-be32-03b0530e1e73.jpg,grid,wallpaper
5a5490f4-6187-413f-bac0-d95011ce3bb1,images/5a5490f4-6187-413f-bac0-d95011ce3bb1.jpg,interlaced,concrete
bbdcf2b8-a0ac-4153-9627-45a2ac0bee9a,images/bbdcf2b8-a0ac-4153-9627-45a2ac0bee9a.jpg,bubbly,nature|liquid
a1246919-24c2-41da-808f-81ec82128b05,images/a1246919-24c2-41da-808f-81ec82128b05.jpg,meshed,wood
d447a7e6-fd33-4457-b04b-0f190c72a086,images/d447a7e6-fd33-4457-b04b-0f190c72a086.jpg,pleated,home_furnishing|clothing
9172b8b6-b22c-48ae-9290-95acfff21c43,images/9172b8b6-b22c-48ae-9290-95acfff21c43.jpg,marbled,rock|nature
56291ab4-c171-4d70-9515-dc7f14bf6eab,images/56291ab4-c171-4d70-9515-dc7f14bf6eab.jpg,meshed,home_furnishing|fabric
e35f1082-2a9a-4479-a7a8-9b8689f3490a,images/e35f1082-2a9a-4479-a7a8-9b8689f3490a.jpg,waffled,food
b79432de-c302-4bce-beef-472c18c00654,images/b79432de-c302-4bce-beef-472c18c00654.jpg,fibrous,clothing|fabric
deb231f2-233d-44f3-99eb-66cb9dbcbb6b,images/deb231f2-233d-44f3-99eb-66cb9dbcbb6b.jpg,veined,nature|animal
2d078f08-9ffe-4bdf-bb67-e0bb297a46d9,images/2d078f08-9ffe-4bdf-bb67-e0bb297a46d9.jpg,frilly,clothing|home_furnishing
cba216d3-279d-46b5-863d-6cfde7a5b64b,images/cba216d3-279d-46b5-863d-6cfde7a5b64b.jpg,polka-dotted,home_furnishing|clothing
0a78cfd0-da9e-4d12-b116-a0012be14319,images/0a78cfd0-da9e-4d12-b116-a0012be14319.jpg,zigzagged,painting|wallpaper
d5ddb59d-a115-447a-a5fa-4235c61fcd56,images/d5ddb59d-a115-447a-a5fa-4235c61fcd56.jpg,lined,paper
88102a75-446e-41a8-a551-cdd4276aa92b,images/88102a75-446e-41a8-a551-cdd4276aa92b.jpg,veined,nature
ffc51825-a298-47ee-818b-633e8c4919aa,images/ffc51825-a298-47ee-818b-633e8c4919aa.jpg,stratified,rock|nature
9d8768ef-a1ee-4e30-8da8-f53fc0b5fd2a,images/9d8768ef-a1ee-4e30-8da8-f53fc0b5fd2a.jpg,polka-dotted,home_furnishing|clothing
243353b3-c1d6-446a-b90a-4fe13e11a36c,images/243353b3-c1d6-446a-b90a-4fe13e11a36c.jpg,gauzy,home_furnishing
0db504bf-d781-46fd-bba2-8ba1b65b3f02,images/0db504bf-d781-46fd-bba2-8ba1b65b3f02.jpg,interlaced,painting|wallpaper
09e27a9c-553b-45a4-8d75-0b4a98ca1fcf,images/09e27a9c-553b-45a4-8d75-0b4a98ca1fcf.jpg,marbled,rock|nature
a3c44562-6778-4df6-8103-a7842599e392,images/a3c44562-6778-4df6-8103-a7842599e392.jpg,frilly,nature
7f339606-1731-44a0-89c3-3431bcdcbe8d,images/7f339606-1731-44a0-89c3-3431bcdcbe8d.jpg,pleated,home_furnishing|clothing
6ef54e23-59d8-4322-81d4-3d6cd20dcfb4,images/6ef54e23-59d8-4322-81d4-3d6cd20dcfb4.jpg,paisley,wallpaper|painting
447cc212-b455-4cdc-a9b1-df8e9ea44603,images/447cc212-b455-4cdc-a9b1-df8e9ea44603.jpg,pleated,home_furnishing
5447df14-7dbc-4f75-a833-b6aa5472e396,images/5447df14-7dbc-4f75-a833-b6aa5472e396.jpg,braided,fabric|clothing|home_furnishing
eccdd901-d1e5-4525-9454-bdb94eec91f7,images/eccdd901-d1e5-4525-9454-bdb94eec91f7.jpg,honeycombed,concrete
e49080b0-f6b4-4a4e-93d2-07e522247397,images/e49080b0-f6b4-4a4e-93d2-07e522247397.jpg,knitted,clothing|home_furnishing|fabric
a34624b5-9442-45a9-be5d-643c06b9d1b3,images/a34624b5-9442-45a9-be5d-643c06b9d1b3.jpg,chequered,clothing|home_furnishing|fabric
6d44ce76-c7b0-4605-97d4-0228673702b1,images/6d44ce76-c7b0-4605-97d4-0228673702b1.jpg,lacelike,home_furnishing
2578a01a-d759-4f6e-b423-215546f7e2c2,images/2578a01a-d759-4f6e-b423-215546f7e2c2.jpg,polka-dotted,wallpaper|painting
22a1e245-d76b-4bea-9796-686e57032b99,images/22a1e245-d76b-4bea-9796-686e57032b99.jpg,veined,nature
33f69e8b-9e57-4cf7-bfbc-fb96612fd2ca,images/33f69e8b-9e57-4cf7-bfbc-fb96612fd2ca.jpg,paisley,home_furnishing|fabric
1108fade-b2f1-4939-91e0-c67cd0b47d73,images/1108fade-b2f1-4939-91e0-c67cd0b47d73.jpg,marbled,painting|wallpaper
58f60133-804e-40df-a50d-f2f1168660ba,images/58f60133-804e-40df-a50d-f2f1168660ba.jpg,interlaced,metal
bda179e0-5a3e-40ef-bed0-62f08de6e43b,images/bda179e0-5a3e-40ef-bed0-62f08de6e43b.jpg,scaly,painting|wallpaper
7808e237-4215-4163-8613-b06555732573,images/7808e237-4215-4163-8613-b06555732573.jpg,matted,nature
06c165d0-7140-473a-af2c-36fc76ea963f,images/06c165d0-7140-473a-af2c-36fc76ea963f.jpg,matted,human|hair
a6b1ab63-5763-444a-b390-a973e0406c15,images/a6b1ab63-5763-444a-b390-a973e0406c15.jpg,pitted,wallpaper|painting
01402aed-6b7c-491c-b9d5-93deede49abe,images/01402aed-6b7c-491c-b9d5-93deede49abe.jpg,perforated,metal
4419f8f8-567a-439f-9e9e-47704e91678a,images/4419f8f8-567a-439f-9e9e-47704e91678a.jpg,meshed,metal
e8ec90fd-aeaa-4f55-989b-51a90a0329fe,images/e8ec90fd-aeaa-4f55-989b-51a90a0329fe.jpg,crystalline,nature|rock
ea6529f9-0d8a-4e54-b2f3-3c050e0b41cf,images/ea6529f9-0d8a-4e54-b2f3-3c050e0b41cf.jpg,potholed,concrete
118f0c27-e57d-4095-84af-342285f7b9bf,images/118f0c27-e57d-4095-84af-342285f7b9bf.jpg,interlaced,concrete|painting
5533ac3f-8c09-4ad6-b62b-cc1732b19a9e,images/5533ac3f-8c09-4ad6-b62b-cc1732b19a9e.jpg,dotted,food
35189016-c2c6-44cc-a7cb-613c0ca9ac69,images/35189016-c2c6-44cc-a7cb-613c0ca9ac69.jpg,fibrous,home_furnishing|fabric
1e6b461d-42ca-4a9d-9153-c3bce73443b3,images/1e6b461d-42ca-4a9d-9153-c3bce73443b3.jpg,pitted,rock|nature
379255da-7c00-43cc-a471-5db680d0e09b,images/379255da-7c00-43cc-a471-5db680d0e09b.jpg,flecked,clothing|fabric
9de76d43-1193-49d2-a6d8-a0182833a1c4,images/9de76d43-1193-49d2-a6d8-a0182833a1c4.jpg,gauzy,home_furnishing|clothing|fabric
6bdf85e0-9203-4855-9ba0-6a77f65d3fc8,images/6bdf85e0-9203-4855-9ba0-6a77f65d3fc8.jpg,bumpy,metal
e0c2b83c-e49c-4a9c-a9d8-3e1fb57b9850,images/e0c2b83c-e49c-4a9c-a9d8-3e1fb57b9850.jpg,paisley,painting|wall
768f3620-1533-4c98-9f25-845dcfd8cc29,images/768f3620-1533-4c98-9f25-845dcfd8cc29.jpg,bubbly,nature|food|liquid
c2413cce-f405-4735-86c9-818866ccd06f,images/c2413cce-f405-4735-86c9-818866ccd06f.jpg,frilly,home_furnishing
3c8873b2-22d2-41de-ba0d-75fb9d3e4c45,images/3c8873b2-22d2-41de-ba0d-75fb9d3e4c45.jpg,knitted,clothing|home_furnishing|fabric
8a4cea27-017f-49b4-b95c-a8e44e1b1e3a,images/8a4cea27-017f-49b4-b95c-a8e44e1b1e3a.jpg,pitted,wall|painting
b1ec62d9-7680-407f-94c4-bb22e325d8d3,images/b1ec62d9-7680-407f-94c4-bb22e325d8d3.jpg,potholed,concrete
b429c56b-5718-42d0-9e31-d65d668c462e,images/b429c56b-5718-42d0-9e31-d65d668c462e.jpg,cracked,nature|ice
76dd1280-471b-40cd-a40d-3392198561b9,images/76dd1280-471b-40cd-a40d-3392198561b9.jpg,pleated,home_furnishing
500a6fbb-6a23-4f7b-98f0-14feb3636143,images/500a6fbb-6a23-4f7b-98f0-14feb3636143.jpg,grooved,metal
007dd1ec-8797-4e6c-8f36-7a4e8822ea0b,images/007dd1ec-8797-4e6c-8f36-7a4e8822ea0b.jpg,crosshatched,painting|wallpaper
416b4fb5-c37b-4fef-b1dc-8373054c379e,images/416b4fb5-c37b-4fef-b1dc-8373054c379e.jpg,cracked,nature
77c52dbe-3922-483f-9978-e86ff26b8df5,images/77c52dbe-3922-483f-9978-e86ff26b8df5.jpg,pitted,metal
fabf3706-96de-4a40-a355-f9f419158a5a,images/fabf3706-96de-4a40-a355-f9f419158a5a.jpg,knitted,clothing|home_furnishing|fabric
5bf26535-3773-46f4-9308-b94a08270fc3,images/5bf26535-3773-46f4-9308-b94a08270fc3.jpg,honeycombed,glass
6732702c-5221-4ea5-866b-7471feccc5a3,images/6732702c-5221-4ea5-866b-7471feccc5a3.jpg,wrinkled,paper
4b6cfdd3-3dea-4352-8a83-40abfcb17a2f,images/4b6cfdd3-3dea-4352-8a83-40abfcb17a2f.jpg,waffled,concrete
df47c0c0-c191-46f8-9b71-3c8085a06ca8,images/df47c0c0-c191-46f8-9b71-3c8085a06ca8.jpg,polka-dotted,home_furnishing|clothing
9f3088a8-df78-4f43-a850-cadc1c867e5d,images/9f3088a8-df78-4f43-a850-cadc1c867e5d.jpg,freckled,human
83c7d311-8fdf-413f-b0e0-8893c7983ffb,images/83c7d311-8fdf-413f-b0e0-8893c7983ffb.jpg,porous,concrete
eb2b5373-0bbd-4960-a496-b8fce1617afc,images/eb2b5373-0bbd-4960-a496-b8fce1617afc.jpg,blotchy,nature|metal
c5263714-13a5-42ac-b121-bbb9178e40b7,images/c5263714-13a5-42ac-b121-bbb9178e40b7.jpg,stratified,rock|nature
dd054eb4-5905-489c-b2f0-e06c7ae23339,images/dd054eb4-5905-489c-b2f0-e06c7ae23339.jpg,veined,nature|tree
9760795c-7da9-4d15-8d0f-1ef009d3444d,images/9760795c-7da9-4d15-8d0f-1ef009d3444d.jpg,polka-dotted,home_furnishing|clothing
46cda935-8735-41b3-88f9-c2a410346f77,images/46cda935-8735-41b3-88f9-c2a410346f77.jpg,crystalline,wallpaper|painting
7415516b-9464-4a8e-ba50-4eb3ad91f43e,images/7415516b-9464-4a8e-ba50-4eb3ad91f43e.jpg,lined,clothing|home_furnishing
c91d98e7-988c-4de5-bfea-d366bb95b424,images/c91d98e7-988c-4de5-bfea-d366bb95b424.jpg,porous,concrete
5dba9c79-ad19-480d-b6ca-5c8203a5cd66,images/5dba9c79-ad19-480d-b6ca-5c8203a5cd66.jpg,pitted,human
d05fed1e-44ea-434b-9ce0-dd65e78743c1,images/d05fed1e-44ea-434b-9ce0-dd65e78743c1.jpg,stained,painting|wallpaper
1cc5d6e6-3504-4c7c-a000-7f61e602d921,images/1cc5d6e6-3504-4c7c-a000-7f61e602d921.jpg,fibrous,nature
08e88db2-916d-412e-bcdb-a72aa7d707f7,images/08e88db2-916d-412e-bcdb-a72aa7d707f7.jpg,stratified,rock|nature
5216ecc9-8c0d-43cd-ae94-2cca9de7cb91,images/5216ecc9-8c0d-43cd-ae94-2cca9de7cb91.jpg,perforated,metal
8e16a619-f629-402b-91f5-badaf44fca6e,images/8e16a619-f629-402b-91f5-badaf44fca6e.jpg,dotted,clothing|home_furnishing
34aa2e00-82e9-40cf-8111-ef2c751c3ad8,images/34aa2e00-82e9-40cf-8111-ef2c751c3ad8.jpg,wrinkled,paper
a4aac477-b3cd-4aa5-9439-73b4ceddf0b9,images/a4aac477-b3cd-4aa5-9439-73b4ceddf0b9.jpg,marbled,rock|nature
c901b793-2e5f-40e6-8369-00229b3eb55e,images/c901b793-2e5f-40e6-8369-00229b3eb55e.jpg,potholed,concrete
12c3c177-cfa6-4541-9afc-72538cef998f,images/12c3c177-cfa6-4541-9afc-72538cef998f.jpg,pleated,home_furnishing|clothing
e2481daa-2c9d-4954-b9be-238840490cd2,images/e2481daa-2c9d-4954-b9be-238840490cd2.jpg,spiralled,wallpaper
80e6d9f7-f5ee-42e9-938f-d694755e9e5f,images/80e6d9f7-f5ee-42e9-938f-d694755e9e5f.jpg,grooved,rubber
b1b09df4-7a27-409c-9236-bd8d1c6f18d7,images/b1b09df4-7a27-409c-9236-bd8d1c6f18d7.jpg,zigzagged,home_furnishing|clothing
333acce4-feb3-4df8-b6c9-825ba269aa55,images/333acce4-feb3-4df8-b6c9-825ba269aa55.jpg,bubbly,nature|liquid
44f7df18-2d9f-43ea-a72f-ebd8dd9b78bf,images/44f7df18-2d9f-43ea-a72f-ebd8dd9b78bf.jpg,swirly,painting|wallpaper
6a6dd8ee-702c-4c69-a56e-6303f50c3a01,images/6a6dd8ee-702c-4c69-a56e-6303f50c3a01.jpg,pitted,concrete
9ff33415-f84c-4d2e-9958-63d6db172250,images/9ff33415-f84c-4d2e-9958-63d6db172250.jpg,banded,fabric|clothing
8e136f11-617a-4b16-a85f-88b14e575915,images/8e136f11-617a-4b16-a85f-88b14e575915.jpg,studded,home_furnishing|clothing
57d9f918-11bb-4349-bbfe-32f3272ef150,images/57d9f918-11bb-4349-bbfe-32f3272ef150.jpg,pitted,metal|painting
d5c69538-fbb7-4957-86ad-7fb031f3c8e6,images/d5c69538-fbb7-4957-86ad-7fb031f3c8e6.jpg,knitted,clothing|home_furnishing|fabric
16f61c8f-661a-42fc-baab-abcf0c974e40,images/16f61c8f-661a-42fc-baab-abcf0c974e40.jpg,meshed,home_furnishing|clothing
5fcf3220-9c80-49e8-b751-359b487e0f4f,images/5fcf3220-9c80-49e8-b751-359b487e0f4f.jpg,honeycombed,clothing|home_furnishing
2288ffca-a312-46a9-811c-71d0f2bbf682,images/2288ffca-a312-46a9-811c-71d0f2bbf682.jpg,chequered,wallpaper|painting
54da06ef-896a-4439-95ac-b1bd15df321e,images/54da06ef-896a-4439-95ac-b1bd15df321e.jpg,flecked,clothing
5f06ed10-f90f-4091-b55d-37eede192123,images/5f06ed10-f90f-4091-b55d-37eede192123.jpg,blotchy,painting|wallpaper|wall
95398407-ced4-4883-85e2-28bd3d62e616,images/95398407-ced4-4883-85e2-28bd3d62e616.jpg,swirly,painting|wallpaper
9d6992d2-9231-4125-8505-c500a3bcbbfa,images/9d6992d2-9231-4125-8505-c500a3bcbbfa.jpg,stained,concrete
dcc56278-648e-49a2-abe0-3a8f216c7834,images/dcc56278-648e-49a2-abe0-3a8f216c7834.jpg,smeared,painting|wallpaper
1240e036-e6a0-45c7-ac2b-5c8f5325e5f4,images/1240e036-e6a0-45c7-ac2b-5c8f5325e5f4.jpg,lacelike,home_furnishing
120b208f-0c84-40d9-958d-c73eca617aa0,images/120b208f-0c84-40d9-958d-c73eca617aa0.jpg,waffled,food
89c0aba2-b7bb-480d-a7bc-a46e8f42c2f2,images/89c0aba2-b7bb-480d-a7bc-a46e8f42c2f2.jpg,crosshatched,painting|wallpaper
8e4c7d1f-f81a-4118-9c6c-e5984e2bce74,images/8e4c7d1f-f81a-4118-9c6c-e5984e2bce74.jpg,studded,home_furnishing|clothing
df10d197-b2bb-4712-8151-04b6eef7c15e,images/df10d197-b2bb-4712-8151-04b6eef7c15e.jpg,veined,nature|wood
06ea3296-63be-4c4a-b22d-f0e47db7654d,images/06ea3296-63be-4c4a-b22d-f0e47db7654d.jpg,veined,nature|tree
6aa86aba-a543-4fe3-865d-e25f80a1f8f6,images/6aa86aba-a543-4fe3-865d-e25f80a1f8f6.jpg,cobwebbed,nature
0c0647f8-c22e-4c1c-80f8-be362ea03269,images/0c0647f8-c22e-4c1c-80f8-be362ea03269.jpg,smeared,painting|wallpaper
3cc7428e-d0a9-48c5-84ab-4fcbc9da6907,images/3cc7428e-d0a9-48c5-84ab-4fcbc9da6907.jpg,braided,fabric|home_furnishing
1d56c8d3-2f99-4c5e-831e-286cfb8c534a,images/1d56c8d3-2f99-4c5e-831e-286cfb8c534a.jpg,potholed,concrete
e2c9ec18-8210-409e-8a14-30f96750c35d,images/e2c9ec18-8210-409e-8a14-30f96750c35d.jpg,flecked,clothing|fabric
3fbbb30b-4b98-4e7c-a26d-92cf138942e6,images/3fbbb30b-4b98-4e7c-a26d-92cf138942e6.jpg,polka-dotted,home_furnishing|clothing
132a2aed-c216-4653-bc83-b0db01e84187,images/132a2aed-c216-4653-bc83-b0db01e84187.jpg,stratified,rock|nature
a61a3a92-0d31-4007-84c3-312c0d613358,images/a61a3a92-0d31-4007-84c3-312c0d613358.jpg,paisley,home_furnishing|clothing
a90c8314-dd59-46ae-b764-c2e2511499dc,images/a90c8314-dd59-46ae-b764-c2e2511499dc.jpg,stratified,wood
a7a6315e-7d48-435e-90b0-bbee61c90745,images/a7a6315e-7d48-435e-90b0-bbee61c90745.jpg,banded,fabric|clothing
450aa3e2-2be1-4c1a-b174-824d7bda81e4,images/450aa3e2-2be1-4c1a-b174-824d7bda81e4.jpg,potholed,rock|nature
b4d6ef21-7ee4-4e2d-be30-7083c4b076c3,images/b4d6ef21-7ee4-4e2d-be30-7083c4b076c3.jpg,flecked,clothing|fabric
59168728-30f3-4007-bd13-f1d0c0e1b88d,images/59168728-30f3-4007-bd13-f1d0c0e1b88d.jpg,bumpy,nature
5fa61907-c150-4c82-aeb3-26961be6d279,images/5fa61907-c150-4c82-aeb3-26961be6d279.jpg,matted,home_furnishing
8cdf84ff-7e18-42eb-ab77-4b32eafb4320,images/8cdf84ff-7e18-42eb-ab77-4b32eafb4320.jpg,grid,wallpaper|painting
a86d89a9-2920-43c4-9f39-12b1766bb5da,images/a86d89a9-2920-43c4-9f39-12b1766bb5da.jpg,lined,clothing|home_furnishing
25f8d625-5efa-4a9b-8af3-b305a4172276,images/25f8d625-5efa-4a9b-8af3-b305a4172276.jpg,porous,rock|nature
5753ba2c-2557-40b8-a86d-5ec531bfc97b,images/5753ba2c-2557-40b8-a86d-5ec531bfc97b.jpg,woven,home_furnishing|wood
bad44d7b-351c-407b-b7ae-5b3c051c213f,images/bad44d7b-351c-407b-b7ae-5b3c051c213f.jpg,paisley,painting|wallpaper
d3e7257d-27a0-4102-b394-852fb9dff75d,images/d3e7257d-27a0-4102-b394-852fb9dff75d.jpg,swirly,painting|wallpaper
699f2c59-7a74-4a0e-8e7e-4f7ac129507c,images/699f2c59-7a74-4a0e-8e7e-4f7ac129507c.jpg,crystalline,nature|rock
ec1b09b1-122f-447b-b007-9df13e5f7987,images/ec1b09b1-122f-447b-b007-9df13e5f7987.jpg,perforated,plastic
09981db7-0026-43b0-acbe-a6d6c3e6cdce,images/09981db7-0026-43b0-acbe-a6d6c3e6cdce.jpg,fibrous,home_furnishing
146bbb13-2e74-4c03-9541-7f1b3f50695a,images/146bbb13-2e74-4c03-9541-7f1b3f50695a.jpg,waffled,home_furnishing|clothing
c483d785-eda2-492e-8dd7-06909cea34f1,images/c483d785-eda2-492e-8dd7-06909cea34f1.jpg,perforated,wallpaper|painting
38c2af7b-3f27-4bc7-849f-14591d09a5c9,images/38c2af7b-3f27-4bc7-849f-14591d09a5c9.jpg,lined,painting|wallpaper
105b773f-0630-40f7-8849-7b34b7a21f1b,images/105b773f-0630-40f7-8849-7b34b7a21f1b.jpg,bubbly,nature|food|liquid
255a1261-0a3c-4737-bf71-69743b210459,images/255a1261-0a3c-4737-bf71-69743b210459.jpg,swirly,home_furnishing|clothing
03b465cc-721c-4e0f-b2c1-70b1eb35752a,images/03b465cc-721c-4e0f-b2c1-70b1eb35752a.jpg,spiralled,glass
2f05c8dd-8c37-4513-94c0-21fc779d6dcb,images/2f05c8dd-8c37-4513-94c0-21fc779d6dcb.jpg,grooved,metal
1ceca74e-bedd-45a8-b89b-c4c791e59442,images/1ceca74e-bedd-45a8-b89b-c4c791e59442.jpg,bubbly,nature|food|liquid
fa5cc299-20db-48d9-a764-dec4ec09c73c,images/fa5cc299-20db-48d9-a764-dec4ec09c73c.jpg,knitted,clothing|home_furnishing|fabric
916be8f6-ab2b-4e62-a0d2-5435513db490,images/916be8f6-ab2b-4e62-a0d2-5435513db490.jpg,sprinkled,food
2dace3fd-fcaf-499b-984b-8625d2607461,images/2dace3fd-fcaf-499b-984b-8625d2607461.jpg,dotted,clothing|home_furnishing
c7683ff1-6275-4201-991e-1196e6addbf4,images/c7683ff1-6275-4201-991e-1196e6addbf4.jpg,spiralled,home_furnishing|fabric
529a07c8-643e-43c3-8f4c-82b0824b3a37,images/529a07c8-643e-43c3-8f4c-82b0824b3a37.jpg,cracked,nature|rock
de03c43d-a7ef-4c83-a6ba-c94ee2640d49,images/de03c43d-a7ef-4c83-a6ba-c94ee2640d49.jpg,chequered,wood|painting
37a3f468-6736-4dc8-8551-6876818de64b,images/37a3f468-6736-4dc8-8551-6876818de64b.jpg,honeycombed,food|animal
813e468f-59c4-4378-b101-3fd51d32077f,images/813e468f-59c4-4378-b101-3fd51d32077f.jpg,chequered,wallpaper|painting
70b7af2b-105d-44be-ab8f-deebeff6519a,images/70b7af2b-105d-44be-ab8f-deebeff6519a.jpg,crystalline,nature|rock
2b5529e3-f0c3-4a51-8979-321a991ab1d8,images/2b5529e3-f0c3-4a51-8979-321a991ab1d8.jpg,zigzagged,home_furnishing|clothing
da443519-dc37-4e78-b37f-3406841b9d7e,images/da443519-dc37-4e78-b37f-3406841b9d7e.jpg,interlaced,clothing|home_furnishing
cfc2df7f-52da-459f-8b2e-70fe12d60440,images/cfc2df7f-52da-459f-8b2e-70fe12d60440.jpg,blotchy,nature|rock
0ef38532-3a5b-4bc3-8531-540816b2f76f,images/0ef38532-3a5b-4bc3-8531-540816b2f76f.jpg,cracked,glass
06c23c71-1f39-481f-8071-de3af582ae58,images/06c23c71-1f39-481f-8071-de3af582ae58.jpg,dotted,home_furnishing
6a7b7953-837b-49f6-b7ba-ec61692326b6,images/6a7b7953-837b-49f6-b7ba-ec61692326b6.jpg,scaly,animal
8cc659a6-66f4-4b77-99f7-576c30567794,images/8cc659a6-66f4-4b77-99f7-576c30567794.jpg,crosshatched,clothing|home_furnishing
b0b5a4c0-82c6-4891-a5a5-ae93b502e8fb,images/b0b5a4c0-82c6-4891-a5a5-ae93b502e8fb.jpg,woven,wallpaper|painting
a1a3ffb3-6e32-472b-a8b4-2520f8e12265,images/a1a3ffb3-6e32-472b-a8b4-2520f8e12265.jpg,spiralled,painting|wallpaper
a7afdb30-2d68-418f-b222-4cd1a0228c71,images/a7afdb30-2d68-418f-b222-4cd1a0228c71.jpg,chequered,wallpaper|painting
50ad5e75-30aa-4a31-b042-253d7702c630,images/50ad5e75-30aa-4a31-b042-253d7702c630.jpg,pleated,home_furnishing
333e3f16-edca-4ad5-b0c2-9a4f62b483d6,images/333e3f16-edca-4ad5-b0c2-9a4f62b483d6.jpg,waffled,food
6ad284d5-8f24-4e6f-9b5a-4e21414c4837,images/6ad284d5-8f24-4e6f-9b5a-4e21414c4837.jpg,stained,wood|painting
456adab1-e060-4ce6-a89f-3227a8bcd1a3,images/456adab1-e060-4ce6-a89f-3227a8bcd1a3.jpg,interlaced,wallpaper|painting
766e9a96-2d7e-4d18-9c19-fff506b9a067,images/766e9a96-2d7e-4d18-9c19-fff506b9a067.jpg,smeared,painting|wallpaper
08ee1036-3242-4425-bb74-7e9ac1aff799,images/08ee1036-3242-4425-bb74-7e9ac1aff799.jpg,stratified,wood
b7c91b61-a30e-434b-85d3-48cd52834f20,images/b7c91b61-a30e-434b-85d3-48cd52834f20.jpg,matted,human|hair
2fa15f79-eb8e-4080-b903-2da0a6dfee6f,images/2fa15f79-eb8e-4080-b903-2da0a6dfee6f.jpg,chequered,wallpaper|painting
815c642c-cd96-4313-ac78-a37e3f175cf5,images/815c642c-cd96-4313-ac78-a37e3f175cf5.jpg,porous,concrete
480a4314-708b-4168-b65f-db5fd9d92251,images/480a4314-708b-4168-b65f-db5fd9d92251.jpg,polka-dotted,home_furnishing|clothing
673de93d-cf8e-4a51-a63c-ea7eaf1478a4,images/673de93d-cf8e-4a51-a63c-ea7eaf1478a4.jpg,potholed,rock|nature
41107472-d168-45c1-8372-ef423c63f54c,images/41107472-d168-45c1-8372-ef423c63f54c.jpg,cobwebbed,nature
55bdcb50-3603-46d2-b967-fa86667385f7,images/55bdcb50-3603-46d2-b967-fa86667385f7.jpg,grid,wallpaper|painting
c44a99e2-e6e1-4006-80dd-3c29dc980bdc,images/c44a99e2-e6e1-4006-80dd-3c29dc980bdc.jpg,dotted,clothing|home_furnishing
99e021a2-979d-4c27-baca-84a25f825863,images/99e021a2-979d-4c27-baca-84a25f825863.jpg,braided,fabric|clothing|home_furnishing
21f79545-4ba0-4f0d-adf1-50759813001e,images/21f79545-4ba0-4f0d-adf1-50759813001e.jpg,grid,metal
376331d7-8ae5-4206-8003-8a6a3ace80f2,images/376331d7-8ae5-4206-8003-8a6a3ace80f2.jpg,polka-dotted,clothing
524d50a8-6bbb-4662-a971-a65e21c8c2ac,images/524d50a8-6bbb-4662-a971-a65e21c8c2ac.jpg,sprinkled,food
138207c5-11e2-48c2-887e-f6009a236c7e,images/138207c5-11e2-48c2-887e-f6009a236c7e.jpg,spiralled,home_furnishing
5f933a2e-8b85-45eb-a397-9f8815a2071e,images/5f933a2e-8b85-45eb-a397-9f8815a2071e.jpg,zigzagged,paper|painting
76ee076d-78c7-4b27-8cb3-fd9ef0a134e2,images/76ee076d-78c7-4b27-8cb3-fd9ef0a134e2.jpg,grooved,wood|painting
81be521f-1efa-43e2-9693-e0a8da66108e,images/81be521f-1efa-43e2-9693-e0a8da66108e.jpg,waffled,food
11a4b87e-7186-499b-b764-e5281bcfa93e,images/11a4b87e-7186-499b-b764-e5281bcfa93e.jpg,porous,rock
715a2d97-4969-4c8f-ae97-f42ee235644c,images/715a2d97-4969-4c8f-ae97-f42ee235644c.jpg,cracked,painting|wall
6a06bab5-7813-43f2-a9fc-ef8f505eb699,images/6a06bab5-7813-43f2-a9fc-ef8f505eb699.jpg,interlaced,clothing
d7798949-9783-471c-a97a-0253a5fcfd6e,images/d7798949-9783-471c-a97a-0253a5fcfd6e.jpg,veined,nature
8fefcd36-76d7-4eb1-b649-b27671c2664c,images/8fefcd36-76d7-4eb1-b649-b27671c2664c.jpg,bumpy,home_furnishing
2401353f-b172-4332-b207-d5f2b179d63c,images/2401353f-b172-4332-b207-d5f2b179d63c.jpg,sprinkled,painting|wallpaper
9bff55b9-f8ff-410f-9e1c-c8b993c85c5b,images/9bff55b9-f8ff-410f-9e1c-c8b993c85c5b.jpg,fibrous,nature
e9dec52a-3111-4880-8d1c-9c81ab460836,images/e9dec52a-3111-4880-8d1c-9c81ab460836.jpg,crystalline,nature|rock
c3288b82-2683-44c3-a8e7-05c26d884da7,images/c3288b82-2683-44c3-a8e7-05c26d884da7.jpg,studded,home_furnishing
79aad602-bf77-437c-96f9-c23c62d6e68f,images/79aad602-bf77-437c-96f9-c23c62d6e68f.jpg,scaly,animal
d1d7ced8-6cc0-4182-8235-cace248348bc,images/d1d7ced8-6cc0-4182-8235-cace248348bc.jpg,striped,animal
dd753a51-2c05-446f-a4cc-5a22a2a61108,images/dd753a51-2c05-446f-a4cc-5a22a2a61108.jpg,scaly,animal
f55930d7-f279-4b5b-a395-8eaf7cd381e0,images/f55930d7-f279-4b5b-a395-8eaf7cd381e0.jpg,wrinkled,home_furnishing|clothing
eabb4b46-d542-40c0-828b-478e9b13a8ab,images/eabb4b46-d542-40c0-828b-478e9b13a8ab.jpg,striped,animal
c84e1fed-1790-492d-a6a5-679d52135173,images/c84e1fed-1790-492d-a6a5-679d52135173.jpg,waffled,food
43677d97-640e-482f-be31-96f3a35a4c22,images/43677d97-640e-482f-be31-96f3a35a4c22.jpg,sprinkled,nature
237bcbc9-24c9-4477-bd2f-36e34e7c5568,images/237bcbc9-24c9-4477-bd2f-36e34e7c5568.jpg,cracked,nature|wood
c34391ce-abf6-4577-88a3-0bfdda96484f,images/c34391ce-abf6-4577-88a3-0bfdda96484f.jpg,lacelike,home_furnishing
015e20ca-f876-430e-b32d-39a4c338a220,images/015e20ca-f876-430e-b32d-39a4c338a220.jpg,stratified,rock|nature
ca159543-e77a-409a-8c4a-f1943e3b3e83,images/ca159543-e77a-409a-8c4a-f1943e3b3e83.jpg,knitted,clothing|home_furnishing|fabric
6c62deef-14a0-41e8-b87e-c5892354837e,images/6c62deef-14a0-41e8-b87e-c5892354837e.jpg,knitted,clothing|fabric
77021048-0dfc-46ea-b6c4-4c4852b8ba78,images/77021048-0dfc-46ea-b6c4-4c4852b8ba78.jpg,freckled,nature
e6433e2b-c3ef-4a12-86d4-297f5316348c,images/e6433e2b-c3ef-4a12-86d4-297f5316348c.jpg,bubbly,nature|liquid
5313b0cb-99c7-4f1b-9f5c-ae350d04d7a2,images/5313b0cb-99c7-4f1b-9f5c-ae350d04d7a2.jpg,perforated,plastic
0a07b767-be87-464f-b5ee-bca2bc0af411,images/0a07b767-be87-464f-b5ee-bca2bc0af411.jpg,stratified,rock|nature
46a5f075-9775-4970-a32a-e0855dcaae38,images/46a5f075-9775-4970-a32a-e0855dcaae38.jpg,knitted,clothing|home_furnishing|fabric
9b82d460-8303-4875-83bb-bd323c16710a,images/9b82d460-8303-4875-83bb-bd323c16710a.jpg,grid,home_furnishing|clothing|fabric
a40f3bc5-09fe-4b7f-985d-bf11db8e2144,images/a40f3bc5-09fe-4b7f-985d-bf11db8e2144.jpg,flecked,rock|concrete
620f1fbc-cb4b-416f-9e7a-015333fa147d,images/620f1fbc-cb4b-416f-9e7a-015333fa147d.jpg,perforated,plastic
c7250410-632d-4777-b9e1-4d6416442128,images/c7250410-632d-4777-b9e1-4d6416442128.jpg,pitted,rock|nature
c6463a99-4042-4860-9605-849af4a14177,images/c6463a99-4042-4860-9605-849af4a14177.jpg,grooved,concrete
ed632ad0-4a51-47af-99b1-2ac6c09e903b,images/ed632ad0-4a51-47af-99b1-2ac6c09e903b.jpg,stained,clothing
022535a2-b0dd-41de-8c35-babb841cc85b,images/022535a2-b0dd-41de-8c35-babb841cc85b.jpg,grooved,nature
90414183-8479-44d9-b94a-721cb76b3763,images/90414183-8479-44d9-b94a-721cb76b3763.jpg,grid,home_furnishing|clothing
e4c146a7-02f6-4ab2-b5de-8a9af898a5ae,images/e4c146a7-02f6-4ab2-b5de-8a9af898a5ae.jpg,zigzagged,painting|wallpaper
018f945e-3f78-4deb-93fc-f93a935a01a9,images/018f945e-3f78-4deb-93fc-f93a935a01a9.jpg,honeycombed,home_furnishing
34049322-f02c-4dc5-9ffe-99749c987576,images/34049322-f02c-4dc5-9ffe-99749c987576.jpg,polka-dotted,home_furnishing|clothing
07523213-19e1-4861-9837-0cb660ed56e1,images/07523213-19e1-4861-9837-0cb660ed56e1.jpg,blotchy,nature|rock
9a784bcd-133e-4a40-aed0-737e7cc63c53,images/9a784bcd-133e-4a40-aed0-737e7cc63c53.jpg,porous,concrete
87a42393-9f83-4797-94d7-f651abba4a2d,images/87a42393-9f83-4797-94d7-f651abba4a2d.jpg,waffled,food
b989635b-4d07-495d-9fc6-3b31d95179c4,images/b989635b-4d07-495d-9fc6-3b31d95179c4.jpg,fibrous,wood
deb42bec-027b-4340-84f1-3debee0f8222,images/deb42bec-027b-4340-84f1-3debee0f8222.jpg,cracked,nature
67819773-cb1c-4bd8-9057-efeed5183818,images/67819773-cb1c-4bd8-9057-efeed5183818.jpg,lacelike,home_furnishing
c8a7a152-5ab4-473b-b07a-24b76a5ce2e9,images/c8a7a152-5ab4-473b-b07a-24b76a5ce2e9.jpg,chequered,clothing|home_furnishing
d8836ee8-38c3-404b-aafc-6454933f145a,images/d8836ee8-38c3-404b-aafc-6454933f145a.jpg,braided,fabric|clothing|home_furnishing
43138fb5-f389-44be-9db5-a277515b8882,images/43138fb5-f389-44be-9db5-a277515b8882.jpg,interlaced,wood
9693b214-b70d-4b90-b8ce-bc9fd034df4f,images/9693b214-b70d-4b90-b8ce-bc9fd034df4f.jpg,braided,fabric|clothing|home_furnishing
efbbbb8b-529a-4cac-8fd0-9ad6401e3154,images/efbbbb8b-529a-4cac-8fd0-9ad6401e3154.jpg,banded,fabric|clothing|wallpaper
9c82529b-8ea1-4c17-b654-cb4742413aa7,images/9c82529b-8ea1-4c17-b654-cb4742413aa7.jpg,bumpy,nature|food
df7ed2b0-5987-4633-b6b5-3e7ac4386bb9,images/df7ed2b0-5987-4633-b6b5-3e7ac4386bb9.jpg,cobwebbed,nature
245585cb-239f-44c2-83ce-91b7e5a6d0b5,images/245585cb-239f-44c2-83ce-91b7e5a6d0b5.jpg,stratified,rock|nature
dce4a416-167b-4d46-8742-4bd3caa2efc3,images/dce4a416-167b-4d46-8742-4bd3caa2efc3.jpg,woven,home_furnishing|clothing
1df3dca4-e6c9-413b-90a5-3267373a7fe4,images/1df3dca4-e6c9-413b-90a5-3267373a7fe4.jpg,zigzagged,home_furnishing|clothing
22edd20f-bcfc-470b-a4d7-bf038e09b303,images/22edd20f-bcfc-470b-a4d7-bf038e09b303.jpg,studded,home_furnishing|clothing
e9410561-23d5-4f87-8ab5-55662da4f493,images/e9410561-23d5-4f87-8ab5-55662da4f493.jpg,potholed,concrete
cfdcfcb4-4327-4219-b21d-302293255ba4,images/cfdcfcb4-4327-4219-b21d-302293255ba4.jpg,meshed,metal
97e7b8b8-c289-4ce0-a3b8-a3ec96d2f56e,images/97e7b8b8-c289-4ce0-a3b8-a3ec96d2f56e.jpg,spiralled,home_furnishing
0b6670b7-7674-41f9-86e3-b9e868164960,images/0b6670b7-7674-41f9-86e3-b9e868164960.jpg,grid,wallpaper|painting
850f72bb-74bf-4bd9-af8b-906cd215dc3c,images/850f72bb-74bf-4bd9-af8b-906cd215dc3c.jpg,matted,nature
0fffabd4-1eee-4b96-9052-2edfa168e31d,images/0fffabd4-1eee-4b96-9052-2edfa168e31d.jpg,gauzy,home_furnishing|clothing
271bd0a1-cc62-4e09-bb6e-ca34cd78ba62,images/271bd0a1-cc62-4e09-bb6e-ca34cd78ba62.jpg,stratified,rock|nature
302c25c7-d259-4b65-b120-fe19ca82dfbd,images/302c25c7-d259-4b65-b120-fe19ca82dfbd.jpg,studded,clothing
24cad166-0817-48e7-8d69-4e0c601107d0,images/24cad166-0817-48e7-8d69-4e0c601107d0.jpg,crosshatched,clothing|home_furnishing
2bf0533c-7aaf-4535-86aa-210528335be6,images/2bf0533c-7aaf-4535-86aa-210528335be6.jpg,cobwebbed,wallpaper|painting
f9d102ee-83e3-4cd5-a647-ae8f410eea51,images/f9d102ee-83e3-4cd5-a647-ae8f410eea51.jpg,freckled,human
b4ecb38d-21ca-42d1-b9eb-28a641e561f4,images/b4ecb38d-21ca-42d1-b9eb-28a641e561f4.jpg,braided,fabric|home_furnishing
93dbf50e-cd5a-4eb8-b510-e3c437024466,images/93dbf50e-cd5a-4eb8-b510-e3c437024466.jpg,wrinkled,paper
45417a96-9928-461c-b330-0c750c891950,images/45417a96-9928-461c-b330-0c750c891950.jpg,grooved,wall|painting
4a8531e6-504a-4f22-920a-f2c96099c3b2,images/4a8531e6-504a-4f22-920a-f2c96099c3b2.jpg,veined,wood
9093bccf-639d-44de-8e3f-eb584e3fa97f,images/9093bccf-639d-44de-8e3f-eb584e3fa97f.jpg,perforated,plastic
d26ce216-0f94-41ac-ad18-e1625e2fd0a6,images/d26ce216-0f94-41ac-ad18-e1625e2fd0a6.jpg,matted,nature
c2332d38-b347-423d-ad8b-fdb3c8b7c92a,images/c2332d38-b347-423d-ad8b-fdb3c8b7c92a.jpg,veined,nature
a551ee8f-3d29-45fa-b60f-a82db535148b,images/a551ee8f-3d29-45fa-b60f-a82db535148b.jpg,grid,wood
9341dc77-845f-4880-a49f-8b0783e92dd6,images/9341dc77-845f-4880-a49f-8b0783e92dd6.jpg,spiralled,wallpaper
10637fa8-175c-4cbe-9463-1ae7bb1ad58d,images/10637fa8-175c-4cbe-9463-1ae7bb1ad58d.jpg,lined,wall|painting
fefbe5ce-477e-4e44-ae78-c1412d023523,images/fefbe5ce-477e-4e44-ae78-c1412d023523.jpg,marbled,rock|nature
6ed3094c-883e-42e0-a808-fbb98a6baa5e,images/6ed3094c-883e-42e0-a808-fbb98a6baa5e.jpg,pleated,home_furnishing
2fbd8284-40af-4501-8bd3-3ab08efedabc,images/2fbd8284-40af-4501-8bd3-3ab08efedabc.jpg,potholed,concrete
8e26cacd-2ac6-4070-95b2-99e0190ba183,images/8e26cacd-2ac6-4070-95b2-99e0190ba183.jpg,paisley,home_furnishing|clothing
6e2007f6-5f27-494c-9a1f-f5ad6e274fe1,images/6e2007f6-5f27-494c-9a1f-f5ad6e274fe1.jpg,dotted,wallpaper|painting
92431454-c4f1-4a87-917d-2161781d613a,images/92431454-c4f1-4a87-917d-2161781d613a.jpg,waffled,food
21424047-c6f1-4d74-bed8-9df0f3772eac,images/21424047-c6f1-4d74-bed8-9df0f3772eac.jpg,flecked,clothing|fabric
90aa6573-74b3-42bc-b764-a540f738a416,images/90aa6573-74b3-42bc-b764-a540f738a416.jpg,stained,home_furnishing|clothing
a15a87e0-6551-41d9-83c1-59fe1fb3d163,images/a15a87e0-6551-41d9-83c1-59fe1fb3d163.jpg,grooved,metal
a770d2a1-83d3-4fcc-a85b-1bfdfefbe91e,images/a770d2a1-83d3-4fcc-a85b-1bfdfefbe91e.jpg,porous,concrete
85d02263-2235-4592-945a-4447e702cdf0,images/85d02263-2235-4592-945a-4447e702cdf0.jpg,waffled,home_furnishing|clothing|fabric
d9423a27-80ad-4540-9bf9-a1f67f960564,images/d9423a27-80ad-4540-9bf9-a1f67f960564.jpg,smeared,human|painting
0fc1d033-5b2b-45b5-b48a-2fe48084188d,images/0fc1d033-5b2b-45b5-b48a-2fe48084188d.jpg,honeycombed,plastic
c2b71622-c822-4c98-b3ee-0a0ea47702b4,images/c2b71622-c822-4c98-b3ee-0a0ea47702b4.jpg,paisley,home_furnishing|clothing
8668ac68-52fe-419c-86ef-4b8c35f4aa2b,images/8668ac68-52fe-419c-86ef-4b8c35f4aa2b.jpg,polka-dotted,home_furnishing|clothing
69fb09a0-e51d-4ce6-93ad-b31a52465bb6,images/69fb09a0-e51d-4ce6-93ad-b31a52465bb6.jpg,grooved,wood|nature|tree
ed117a6c-ac5e-4fed-a764-fc3b356a25e9,images/ed117a6c-ac5e-4fed-a764-fc3b356a25e9.jpg,wrinkled,paper
96b00c9c-2669-483f-a398-6faaac32db43,images/96b00c9c-2669-483f-a398-6faaac32db43.jpg,marbled,painting|wallpaper
d286c764-1bdd-4c2d-97bd-b8d5f13bbfb7,images/d286c764-1bdd-4c2d-97bd-b8d5f13bbfb7.jpg,woven,home_furnishing|wood
16edaa60-617c-48b8-b6b5-3101f8e999b6,images/16edaa60-617c-48b8-b6b5-3101f8e999b6.jpg,veined,home_furnishing
fe32a268-2fbd-4331-9573-e695f843b8fd,images/fe32a268-2fbd-4331-9573-e695f843b8fd.jpg,stained,wood
77f30c4b-15be-4701-a541-e6a6e2c26dd9,images/77f30c4b-15be-4701-a541-e6a6e2c26dd9.jpg,crosshatched,clothing|home_furnishing
68c3c5fe-d3a4-461f-9efe-d71dca777013,images/68c3c5fe-d3a4-461f-9efe-d71dca777013.jpg,paisley,home_furnishing|clothing
9fe50754-26f4-4eb2-8395-1b3dab4832f6,images/9fe50754-26f4-4eb2-8395-1b3dab4832f6.jpg,sprinkled,food
8a7d6e7d-24f1-4786-9bd0-7fcd2fefe803,images/8a7d6e7d-24f1-4786-9bd0-7fcd2fefe803.jpg,grooved,wood
d96c8431-53de-4270-b6ea-5a9022ff00f9,images/d96c8431-53de-4270-b6ea-5a9022ff00f9.jpg,stratified,rock|nature
fbbcf937-850d-44d5-93b4-66f031fe7cf4,images/fbbcf937-850d-44d5-93b4-66f031fe7cf4.jpg,veined,rock|nature
d098808e-0714-42d1-afb7-e3353f660fc4,images/d098808e-0714-42d1-afb7-e3353f660fc4.jpg,grid,plastic
1028b529-d7fb-4f43-a3d1-3cf1e2439146,images/1028b529-d7fb-4f43-a3d1-3cf1e2439146.jpg,braided,fabric|clothing|home_furnishing
ed2b84fb-a01e-41ec-8b7a-78c09562ec3d,images/ed2b84fb-a01e-41ec-8b7a-78c09562ec3d.jpg,gauzy,home_furnishing
f6d34dcd-5d64-49c6-a605-eeb96a845445,images/f6d34dcd-5d64-49c6-a605-eeb96a845445.jpg,marbled,rock|nature
f0c21565-b67e-40e7-94f6-8d31b42a314f,images/f0c21565-b67e-40e7-94f6-8d31b42a314f.jpg,sprinkled,metal|painting
3470b4ed-9f11-4032-babc-1ac87ab52b22,images/3470b4ed-9f11-4032-babc-1ac87ab52b22.jpg,grid,wallpaper|painting
73b4e1ae-a570-43b2-90e9-9a8df56eea5c,images/73b4e1ae-a570-43b2-90e9-9a8df56eea5c.jpg,lacelike,home_furnishing
eaa18372-5064-4ddc-a2d3-5da74c346370,images/eaa18372-5064-4ddc-a2d3-5da74c346370.jpg,flecked,clothing
5e20425d-45dd-4d7e-9526-9a23f8a6c7e7,images/5e20425d-45dd-4d7e-9526-9a23f8a6c7e7.jpg,marbled,rock|nature
179bc8c9-d990-45a3-8ed1-350447f62798,images/179bc8c9-d990-45a3-8ed1-350447f62798.jpg,paisley,home_furnishing|clothing
1e399e84-0866-4237-a068-fa97a31c6020,images/1e399e84-0866-4237-a068-fa97a31c6020.jpg,banded,fabric|clothing
b1af11b2-9174-468f-9814-25c06f1d839a,images/b1af11b2-9174-468f-9814-25c06f1d839a.jpg,interlaced,painting|wallpaper
43499640-fb50-4c1e-9956-934e08b444e5,images/43499640-fb50-4c1e-9956-934e08b444e5.jpg,perforated,home_furnishing|clothing
6435956e-f19f-4eca-be3c-3845736d19ff,images/6435956e-f19f-4eca-be3c-3845736d19ff.jpg,bumpy,nature|food
2b91186c-2734-476d-9628-e3e36fe4ded5,images/2b91186c-2734-476d-9628-e3e36fe4ded5.jpg,fibrous,nature
e36dde2c-71ab-4398-912a-f182706ae291,images/e36dde2c-71ab-4398-912a-f182706ae291.jpg,interlaced,wallpaper|painting
d69219d7-431f-47a0-addb-bc9811057f18,images/d69219d7-431f-47a0-addb-bc9811057f18.jpg,paisley,home_furnishing|clothing
67d87618-697e-4441-9516-bd84979574e3,images/67d87618-697e-4441-9516-bd84979574e3.jpg,swirly,painting|wallpaper
eae9a5ec-ab19-4f16-951f-8aa070c633b7,images/eae9a5ec-ab19-4f16-951f-8aa070c633b7.jpg,spiralled,home_furnishing
c206ae81-53a9-471d-85d0-70d9209d8653,images/c206ae81-53a9-471d-85d0-70d9209d8653.jpg,porous,rock|nature
3039a523-cfd5-472b-a894-ca2ea6c2a0c3,images/3039a523-cfd5-472b-a894-ca2ea6c2a0c3.jpg,chequered,wallpaper|painting
77778732-028d-4204-bcd0-f3f66ad6c2c1,images/77778732-028d-4204-bcd0-f3f66ad6c2c1.jpg,smeared,painting|wallpaper
5ee91406-4127-4768-8f53-2662d69e7af6,images/5ee91406-4127-4768-8f53-2662d69e7af6.jpg,dotted,home_furnishing|clothing
dac3b269-2ad7-4bc9-9fdd-21d0c7ba3841,images/dac3b269-2ad7-4bc9-9fdd-21d0c7ba3841.jpg,pitted,metal
a9209da9-042d-4506-9a6e-ec6c486c38d5,images/a9209da9-042d-4506-9a6e-ec6c486c38d5.jpg,freckled,human
fa58082d-37de-433e-a477-64bf9d78a34d,images/fa58082d-37de-433e-a477-64bf9d78a34d.jpg,paisley,home_furnishing
85a1c812-ea80-4726-b36f-f7a08bda3e4d,images/85a1c812-ea80-4726-b36f-f7a08bda3e4d.jpg,crystalline,nature|rock
603d4eec-f319-4112-9eae-174d15e6f18d,images/603d4eec-f319-4112-9eae-174d15e6f18d.jpg,marbled,rock|nature
3e9c54c9-bd41-4ddc-b5bb-b426996f595a,images/3e9c54c9-bd41-4ddc-b5bb-b426996f595a.jpg,bumpy,nature|food
23f72885-d2ac-4b7e-88b8-e5b0bc52024a,images/23f72885-d2ac-4b7e-88b8-e5b0bc52024a.jpg,paisley,home_furnishing
df0cb552-f7b4-4954-8d47-575f91a0e86c,images/df0cb552-f7b4-4954-8d47-575f91a0e86c.jpg,waffled,food
727d77f2-595b-42d8-b6b1-df2e03e8c694,images/727d77f2-595b-42d8-b6b1-df2e03e8c694.jpg,gauzy,home_furnishing|clothing|fabric
5e0a4f2e-f5b7-4135-96b9-e6cf794c6825,images/5e0a4f2e-f5b7-4135-96b9-e6cf794c6825.jpg,flecked,wallpaper|painting
e8f9933f-1eee-472f-8060-ab3ff561bb15,images/e8f9933f-1eee-472f-8060-ab3ff561bb15.jpg,gauzy,clothing|home_furnishing
d495dac8-baa8-4dc6-bd34-987ba4dc2127,images/d495dac8-baa8-4dc6-bd34-987ba4dc2127.jpg,braided,fabric|clothing|home_furnishing
2343cc16-fd6a-4aae-a7ee-5e622e622429,images/2343cc16-fd6a-4aae-a7ee-5e622e622429.jpg,striped,animal
d53d7943-df6c-42a7-88e9-4aae75e1625b,images/d53d7943-df6c-42a7-88e9-4aae75e1625b.jpg,bubbly,nature|liquid
a1927c54-86b1-45a6-b325-57085805aec2,images/a1927c54-86b1-45a6-b325-57085805aec2.jpg,frilly,clothing|home_furnishing
b0b4f1d0-8db0-4ea8-acae-ad94d1c27e79,images/b0b4f1d0-8db0-4ea8-acae-ad94d1c27e79.jpg,crystalline,nature|rock
12b27a01-a7c8-4121-b91f-a9c2c57118f5,images/12b27a01-a7c8-4121-b91f-a9c2c57118f5.jpg,flecked,clothing|fabric
b1c9a267-d18c-4415-8857-ad460ddfeb74,images/b1c9a267-d18c-4415-8857-ad460ddfeb74.jpg,scaly,metal
67ebb6a4-bac8-4eb3-869f-5f929ce81116,images/67ebb6a4-bac8-4eb3-869f-5f929ce81116.jpg,knitted,clothing|fabric
fa902ad2-1b9d-4449-88ee-ca139ec5bbac,images/fa902ad2-1b9d-4449-88ee-ca139ec5bbac.jpg,crystalline,nature|metal
9dc94f42-1a2b-43b6-a171-31f61a0f306a,images/9dc94f42-1a2b-43b6-a171-31f61a0f306a.jpg,bubbly,nature|liquid
317c7c04-680e-424a-b175-322ec255b490,images/317c7c04-680e-424a-b175-322ec255b490.jpg,studded,clothing
279ef680-dc75-4114-8b4a-5b80eb1af3c6,images/279ef680-dc75-4114-8b4a-5b80eb1af3c6.jpg,frilly,clothing|home_furnishing
89a8f29c-ff58-422f-9509-26d5b874ac98,images/89a8f29c-ff58-422f-9509-26d5b874ac98.jpg,potholed,rock|nature
467ced31-c160-4eea-b0ab-da306e2a4476,images/467ced31-c160-4eea-b0ab-da306e2a4476.jpg,lacelike,painting|wallpaper
758320c0-50cd-4bfd-8a88-474d03ff5785,images/758320c0-50cd-4bfd-8a88-474d03ff5785.jpg,frilly,clothing|home_furnishing
cf2f3cf1-d040-409c-887d-481eb33698d8,images/cf2f3cf1-d040-409c-887d-481eb33698d8.jpg,blotchy,painting|wallpaper
9b023848-266d-41c9-a27f-562649bc144a,images/9b023848-266d-41c9-a27f-562649bc144a.jpg,crosshatched,painting|wallpaper
d8978dfe-54d7-4529-aa1b-e8fe74023d30,images/d8978dfe-54d7-4529-aa1b-e8fe74023d30.jpg,matted,nature
3c3ce99e-70f8-48e7-a450-e730b6429343,images/3c3ce99e-70f8-48e7-a450-e730b6429343.jpg,lined,clothing
e3edb5db-f0b7-4ba5-a41d-ee11841f37ac,images/e3edb5db-f0b7-4ba5-a41d-ee11841f37ac.jpg,cracked,nature
3f8dd730-e2f4-476b-b283-f604d4d49c41,images/3f8dd730-e2f4-476b-b283-f604d4d49c41.jpg,smeared,painting|wallpaper
756f1285-4331-4b54-b73e-f3831d77d8f6,images/756f1285-4331-4b54-b73e-f3831d77d8f6.jpg,frilly,clothing|home_furnishing
504ef61c-3f2f-43f1-837e-d4bb6fcb1170,images/504ef61c-3f2f-43f1-837e-d4bb6fcb1170.jpg,pitted,rock|concrete
58caeada-15e6-47c8-ba75-cfa9f555052b,images/58caeada-15e6-47c8-ba75-cfa9f555052b.jpg,swirly,home_furnishing|clothing
6babdd97-2403-44d6-8055-79b446d5a5bb,images/6babdd97-2403-44d6-8055-79b446d5a5bb.jpg,matted,nature
c8a3d7ea-1a4d-4948-95e8-a4f60fbd6fe0,images/c8a3d7ea-1a4d-4948-95e8-a4f60fbd6fe0.jpg,dotted,clothing|home_furnishing
1d88c1a1-b386-4d38-9752-c58487c3ba97,images/1d88c1a1-b386-4d38-9752-c58487c3ba97.jpg,banded,fabric|clothing|wallpaper
bde99ac5-1708-4c57-aeca-ec214df40117,images/bde99ac5-1708-4c57-aeca-ec214df40117.jpg,stained,home_furnishing|clothing
d3cac686-1517-4374-bbde-0479cda2193a,images/d3cac686-1517-4374-bbde-0479cda2193a.jpg,interlaced,wood|painting
851e6031-6696-4461-897e-ba9f3ec50cf8,images/851e6031-6696-4461-897e-ba9f3ec50cf8.jpg,lined,home_furnishing
2327946e-7014-4f4d-9626-613ccd09228f,images/2327946e-7014-4f4d-9626-613ccd09228f.jpg,paisley,home_furnishing|clothing
77a8ce17-3978-4a1f-9826-75f563c64812,images/77a8ce17-3978-4a1f-9826-75f563c64812.jpg,lined,paper
af0315f1-2d1a-4caf-acaa-e3fc47179eb4,images/af0315f1-2d1a-4caf-acaa-e3fc47179eb4.jpg,honeycombed,wallpaper|painting
3db97e8a-0d1b-46a0-8062-875325b79ef1,images/3db97e8a-0d1b-46a0-8062-875325b79ef1.jpg,interlaced,home_furnishing|clothing
75002e22-3204-48e4-82df-5c5816e21671,images/75002e22-3204-48e4-82df-5c5816e21671.jpg,swirly,home_furnishing|clothing
b57c278c-9638-4a6a-a665-ede2e4468f6b,images/b57c278c-9638-4a6a-a665-ede2e4468f6b.jpg,zigzagged,painting|wallpaper
fb6c129a-594b-467e-8612-57458be18abd,images/fb6c129a-594b-467e-8612-57458be18abd.jpg,pleated,home_furnishing
1589b697-f7f6-4128-a917-3591a2f35b36,images/1589b697-f7f6-4128-a917-3591a2f35b36.jpg,gauzy,clothing
4d76bdcb-2e0f-4d77-9e3c-509b4b085c49,images/4d76bdcb-2e0f-4d77-9e3c-509b4b085c49.jpg,gauzy,clothing|fabric
430d91ab-d8ad-4f2d-9e4a-5c125820479d,images/430d91ab-d8ad-4f2d-9e4a-5c125820479d.jpg,gauzy,home_furnishing
cbb3dd27-eb1d-4394-9b0c-daff6d178f2b,images/cbb3dd27-eb1d-4394-9b0c-daff6d178f2b.jpg,scaly,metal
fe79fed0-cae3-4a07-8bd5-fb29a50756ec,images/fe79fed0-cae3-4a07-8bd5-fb29a50756ec.jpg,grooved,home_furnishing
3a7c6ef1-6e81-4701-bb23-0fa93963af0b,images/3a7c6ef1-6e81-4701-bb23-0fa93963af0b.jpg,wrinkled,metal
9f64d4e8-96a8-4b35-8ed7-7cf9d3504bd6,images/9f64d4e8-96a8-4b35-8ed7-7cf9d3504bd6.jpg,matted,nature
813908dd-70ef-4990-95f5-3b2e2a8b6d5b,images/813908dd-70ef-4990-95f5-3b2e2a8b6d5b.jpg,cracked,nature
5759a71c-cc30-4a0d-a503-49f1d84333dc,images/5759a71c-cc30-4a0d-a503-49f1d84333dc.jpg,studded,home_furnishing|clothing
b47099a5-55fa-49fd-aa1e-25750cd07a69,images/b47099a5-55fa-49fd-aa1e-25750cd07a69.jpg,swirly,painting|wallpaper
b4c4b717-ebda-4437-beb7-ccd13d70f5ed,images/b4c4b717-ebda-4437-beb7-ccd13d70f5ed.jpg,waffled,food
fb4bfdc2-fc7b-4192-8773-dfb2230f62ed,images/fb4bfdc2-fc7b-4192-8773-dfb2230f62ed.jpg,grid,wallpaper|painting
269ee947-76b6-4f3c-b3d6-c04123c67512,images/269ee947-76b6-4f3c-b3d6-c04123c67512.jpg,waffled,food
fa865dee-affc-4ae8-92b0-7ab60187e976,images/fa865dee-affc-4ae8-92b0-7ab60187e976.jpg,stained,rock
59c00928-54d0-4b55-b07e-13521c1b3822,images/59c00928-54d0-4b55-b07e-13521c1b3822.jpg,cracked,nature
821db4e6-c280-4def-9287-1b3926d58ae6,images/821db4e6-c280-4def-9287-1b3926d58ae6.jpg,lined,clothing|home_furnishing
de5dc0c6-ddaf-4596-88bf-7cebdc53e6f8,images/de5dc0c6-ddaf-4596-88bf-7cebdc53e6f8.jpg,lined,clothing|home_furnishing
09bc9cf6-fd48-4e2b-8907-fff22476bd50,images/09bc9cf6-fd48-4e2b-8907-fff22476bd50.jpg,bumpy,painting|wall
e9928b1c-ae6d-4690-bf20-c4ed14654afc,images/e9928b1c-ae6d-4690-bf20-c4ed14654afc.jpg,veined,nature|tree
d162bc66-0977-4909-aae0-8b9ab3cf1b29,images/d162bc66-0977-4909-aae0-8b9ab3cf1b29.jpg,polka-dotted,home_furnishing|clothing
a97e27b4-60fc-430a-b821-adf01d94a9bb,images/a97e27b4-60fc-430a-b821-adf01d94a9bb.jpg,lined,paper
bced3f07-92b9-4566-9e97-9c191e65aaef,images/bced3f07-92b9-4566-9e97-9c191e65aaef.jpg,freckled,human
c4404713-b3bb-4ea6-877a-368367ce11d2,images/c4404713-b3bb-4ea6-877a-368367ce11d2.jpg,frilly,clothing|home_furnishing
b5c307cf-f7b9-48a9-86f8-8508033f8d9c,images/b5c307cf-f7b9-48a9-86f8-8508033f8d9c.jpg,wrinkled,paper
64dee4ab-3fac-4f6b-a261-b97c1803f476,images/64dee4ab-3fac-4f6b-a261-b97c1803f476.jpg,matted,nature
1646ff17-9706-43cd-8ca0-c1b0d8c65d57,images/1646ff17-9706-43cd-8ca0-c1b0d8c65d57.jpg,knitted,clothing|home_furnishing|fabric
6e96405f-0792-4456-95b9-2f4ebca17254,images/6e96405f-0792-4456-95b9-2f4ebca17254.jpg,frilly,home_furnishing
7045b587-369b-43b2-80e7-734c8dc1584b,images/7045b587-369b-43b2-80e7-734c8dc1584b.jpg,porous,rock|nature
6d11a5b1-df0c-4c1d-8a0e-50864a12de85,images/6d11a5b1-df0c-4c1d-8a0e-50864a12de85.jpg,flecked,clothing|fabric
5c44785b-cfc3-4784-a85f-8eff39a99a45,images/5c44785b-cfc3-4784-a85f-8eff39a99a45.jpg,grooved,home_furnishing
729bb55f-3e80-4d8a-bf03-d0d95d98352d,images/729bb55f-3e80-4d8a-bf03-d0d95d98352d.jpg,veined,nature
8fa9be0e-cebc-4527-b4b0-6580acb3d339,images/8fa9be0e-cebc-4527-b4b0-6580acb3d339.jpg,swirly,home_furnishing
ff6bac86-16c0-4e68-8294-adc5b5be9834,images/ff6bac86-16c0-4e68-8294-adc5b5be9834.jpg,braided,fabric|clothing
4a575fb9-b2a9-47e8-a461-835112e98df6,images/4a575fb9-b2a9-47e8-a461-835112e98df6.jpg,freckled,nature|food
cf2a3d1a-e5b7-4875-9eca-2628a6067885,images/cf2a3d1a-e5b7-4875-9eca-2628a6067885.jpg,fibrous,home_furnishing
33db4138-faf1-4a55-b65b-dc67e4459fad,images/33db4138-faf1-4a55-b65b-dc67e4459fad.jpg,waffled,food
b6e4557f-0178-46b4-8b1e-156d02fbcdfc,images/b6e4557f-0178-46b4-8b1e-156d02fbcdfc.jpg,striped,home_furnishing|clothing
5d766de8-6c73-4d11-9ea6-4aefb9a49764,images/5d766de8-6c73-4d11-9ea6-4aefb9a49764.jpg,crystalline,nature|ice
63143b1c-f17a-478f-9640-c1d37ed68769,images/63143b1c-f17a-478f-9640-c1d37ed68769.jpg,cracked,nature
2069d83d-7007-453a-a7f6-4f0771f76c7b,images/2069d83d-7007-453a-a7f6-4f0771f76c7b.jpg,spiralled,nature|tree
d561b12b-659f-4e1e-a6ee-b50c5993ff83,images/d561b12b-659f-4e1e-a6ee-b50c5993ff83.jpg,frilly,nature|food
345ee162-9846-4bc4-a8fa-e3907d953cd3,images/345ee162-9846-4bc4-a8fa-e3907d953cd3.jpg,sprinkled,painting|wallpaper
e917c56c-0e8d-4f83-a483-aa6c3bb3a453,images/e917c56c-0e8d-4f83-a483-aa6c3bb3a453.jpg,gauzy,clothing|home_furnishing|fabric
ddda1a41-4bda-4401-9f3e-876ba1aa8e5c,images/ddda1a41-4bda-4401-9f3e-876ba1aa8e5c.jpg,fibrous,nature
9e10f3a9-7257-4f38-b9e8-7870a5c34ace,images/9e10f3a9-7257-4f38-b9e8-7870a5c34ace.jpg,pleated,home_furnishing
ae3059f7-82cd-4019-95e5-f1d8a630f304,images/ae3059f7-82cd-4019-95e5-f1d8a630f304.jpg,honeycombed,plastic
6cc93696-dc60-4ac1-a821-bdd671cf8f54,images/6cc93696-dc60-4ac1-a821-bdd671cf8f54.jpg,fibrous,home_furnishing
3b3d10d8-84ca-4828-ba79-dfa8b7738813,images/3b3d10d8-84ca-4828-ba79-dfa8b7738813.jpg,bumpy,rubber
8a6589db-1345-4fd4-8297-de687187cb3e,images/8a6589db-1345-4fd4-8297-de687187cb3e.jpg,wrinkled,home_furnishing|clothing
d7385afa-2252-4920-8a34-f757c70f2620,images/d7385afa-2252-4920-8a34-f757c70f2620.jpg,pitted,ice|nature
53ac599e-d51c-44de-8b89-9cfa0a8afddf,images/53ac599e-d51c-44de-8b89-9cfa0a8afddf.jpg,honeycombed,wall|painting
1d31728a-aefa-46c6-97f3-3071d6b289ea,images/1d31728a-aefa-46c6-97f3-3071d6b289ea.jpg,flecked,clothing|fabric
8b72a8db-9a7a-4137-b483-5d104ccce73d,images/8b72a8db-9a7a-4137-b483-5d104ccce73d.jpg,flecked,clothing
07231001-2a4c-4cc1-a00a-fd7f0ffa4c0b,images/07231001-2a4c-4cc1-a00a-fd7f0ffa4c0b.jpg,studded,home_furnishing|clothing
b6618e01-632b-40a3-97c4-041447362793,images/b6618e01-632b-40a3-97c4-041447362793.jpg,blotchy,painting|wallpaper
7aa8d569-77b1-49bd-b58a-5e7ba542f016,images/7aa8d569-77b1-49bd-b58a-5e7ba542f016.jpg,grooved,metal
04603a5d-158b-4b7d-8beb-71133093f8b0,images/04603a5d-158b-4b7d-8beb-71133093f8b0.jpg,lacelike,home_furnishing
c42db669-a4ff-4d01-87cc-e206b5b5a441,images/c42db669-a4ff-4d01-87cc-e206b5b5a441.jpg,crystalline,nature|rock
f6358f4c-098a-4dad-a11d-d8d4f1e10181,images/f6358f4c-098a-4dad-a11d-d8d4f1e10181.jpg,smeared,painting|wallpaper
fd869bd9-5e5d-4823-99b4-dfb30ea9c4a1,images/fd869bd9-5e5d-4823-99b4-dfb30ea9c4a1.jpg,fibrous,home_furnishing
6fec0452-caf6-4985-a736-8f9f541f1b1a,images/6fec0452-caf6-4985-a736-8f9f541f1b1a.jpg,striped,animal
79c66d4a-b7c7-4b6a-8db0-969b4e167510,images/79c66d4a-b7c7-4b6a-8db0-969b4e167510.jpg,porous,concrete
16c5c08d-0ce0-47d7-8c37-ac3eaf014716,images/16c5c08d-0ce0-47d7-8c37-ac3eaf014716.jpg,spiralled,metal
a22108ea-cf06-4a36-a0e3-d39cb6d535d5,images/a22108ea-cf06-4a36-a0e3-d39cb6d535d5.jpg,porous,metal
ff601222-b189-4e8f-b88a-4ac74ef62e83,images/ff601222-b189-4e8f-b88a-4ac74ef62e83.jpg,spiralled,painting|wallpaper
ef11d506-5fc3-4c0e-8876-7180ee6791de,images/ef11d506-5fc3-4c0e-8876-7180ee6791de.jpg,striped,animal
6a09c971-86b3-4798-a261-5b58ef890f93,images/6a09c971-86b3-4798-a261-5b58ef890f93.jpg,bumpy,nature|food
1e21cf83-551c-4ba4-872b-17942c198a12,images/1e21cf83-551c-4ba4-872b-17942c198a12.jpg,crystalline,nature|rock
e921d275-24d9-46c0-a96c-2f73b40b3575,images/e921d275-24d9-46c0-a96c-2f73b40b3575.jpg,fibrous,nature
13412921-095e-48a0-8c89-8a9d8ef041c9,images/13412921-095e-48a0-8c89-8a9d8ef041c9.jpg,honeycombed,wallpaper|painting
e57ee938-3698-493c-b348-41005dbda939,images/e57ee938-3698-493c-b348-41005dbda939.jpg,frilly,nature|food
46949355-4d39-4773-8523-5cdcf8677c8a,images/46949355-4d39-4773-8523-5cdcf8677c8a.jpg,bubbly,nature|liquid
2dc1d73c-9314-4655-9184-55a6ee6d3727,images/2dc1d73c-9314-4655-9184-55a6ee6d3727.jpg,fibrous,food
8183170d-5edb-48f2-a7ff-1b545b87191e,images/8183170d-5edb-48f2-a7ff-1b545b87191e.jpg,perforated,metal
36f50e86-1980-40fc-aa08-d60d441c6830,images/36f50e86-1980-40fc-aa08-d60d441c6830.jpg,pitted,wall|painting
b4baa5aa-c09b-4ee0-98f8-c4f80de85eae,images/b4baa5aa-c09b-4ee0-98f8-c4f80de85eae.jpg,interlaced,wood
ec7307e0-358e-4a48-b234-8d84c0ead453,images/ec7307e0-358e-4a48-b234-8d84c0ead453.jpg,lined,home_furnishing
45bd6270-bc2d-48af-9639-60619bc65e61,images/45bd6270-bc2d-48af-9639-60619bc65e61.jpg,freckled,human
9a275781-f849-472e-895a-ccd15b1a7bc3,images/9a275781-f849-472e-895a-ccd15b1a7bc3.jpg,smeared,nature|liquid
ef3e3ecb-48b0-4d56-be6e-9ee013789691,images/ef3e3ecb-48b0-4d56-be6e-9ee013789691.jpg,cracked,home_furnishing|clothing
cbb25249-1745-4661-bd28-3174d1f1409a,images/cbb25249-1745-4661-bd28-3174d1f1409a.jpg,waffled,food
de922e0e-be5a-4c3a-89c3-7346b93b27af,images/de922e0e-be5a-4c3a-89c3-7346b93b27af.jpg,pleated,home_furnishing|clothing
a7019d0b-463f-4ecd-804b-64d8bf891bc6,images/a7019d0b-463f-4ecd-804b-64d8bf891bc6.jpg,waffled,food
7be08a22-f631-4712-946d-179b23556ada,images/7be08a22-f631-4712-946d-179b23556ada.jpg,cracked,home_furnishing
80936e7b-3477-4d0a-b863-6e8cdc27535c,images/80936e7b-3477-4d0a-b863-6e8cdc27535c.jpg,swirly,painting|wallpaper
ee3009ae-129d-4eb2-ac00-f43a949aae38,images/ee3009ae-129d-4eb2-ac00-f43a949aae38.jpg,dotted,clothing|home_furnishing
2aa21c89-aa16-49ea-afc5-2cb6e7edd469,images/2aa21c89-aa16-49ea-afc5-2cb6e7edd469.jpg,braided,fabric|metal
154ca5e2-f7db-419d-80a7-96de121dd8a3,images/154ca5e2-f7db-419d-80a7-96de121dd8a3.jpg,crosshatched,clothing|home_furnishing
6bf1e11b-0c88-429f-bef1-9613d9a0a9ee,images/6bf1e11b-0c88-429f-bef1-9613d9a0a9ee.jpg,fibrous,wood
69142bdd-ac72-487f-b4ee-2074a3824072,images/69142bdd-ac72-487f-b4ee-2074a3824072.jpg,knitted,clothing|home_furnishing|fabric
d759a9aa-1805-457f-b87e-41d592799ab2,images/d759a9aa-1805-457f-b87e-41d592799ab2.jpg,veined,nature
a3f9a02a-2f18-4365-9727-dc4fbb89e746,images/a3f9a02a-2f18-4365-9727-dc4fbb89e746.jpg,studded,wood
d94d992a-c90d-4611-bd50-49510a02c431,images/d94d992a-c90d-4611-bd50-49510a02c431.jpg,braided,fabric|home_furnishing
4ccf316a-1b6b-48b7-a41f-f9ee502e71cc,images/4ccf316a-1b6b-48b7-a41f-f9ee502e71cc.jpg,zigzagged,painting|wallpaper
9088b06e-b75b-494c-afed-68c9e9cde819,images/9088b06e-b75b-494c-afed-68c9e9cde819.jpg,pitted,rock|nature
d1363cab-276f-4a7a-911a-bd0d58e3cfcb,images/d1363cab-276f-4a7a-911a-bd0d58e3cfcb.jpg,spiralled,plastic
e92256f4-d1d7-4aac-a391-6cfd5dbbe2b4,images/e92256f4-d1d7-4aac-a391-6cfd5dbbe2b4.jpg,lined,paper
ea66488f-0751-47d9-8c53-5df92a9dc0ca,images/ea66488f-0751-47d9-8c53-5df92a9dc0ca.jpg,interlaced,concrete|painting
a37536aa-976b-478b-a8b3-d96532eb1316,images/a37536aa-976b-478b-a8b3-d96532eb1316.jpg,zigzagged,home_furnishing|clothing
041fbb99-11e9-44ec-829f-1e742708ce75,images/041fbb99-11e9-44ec-829f-1e742708ce75.jpg,pleated,home_furnishing
906dde45-9a1f-47ee-a14e-82dd227e0ae7,images/906dde45-9a1f-47ee-a14e-82dd227e0ae7.jpg,chequered,wood
84529b0f-e6e1-4caf-b485-7d459c530042,images/84529b0f-e6e1-4caf-b485-7d459c530042.jpg,lacelike,home_furnishing
7eb2cb10-5e3c-4bfc-8067-fca480217713,images/7eb2cb10-5e3c-4bfc-8067-fca480217713.jpg,woven,home_furnishing|wood
c726ce66-7cd8-4ef4-a75c-803191ea9362,images/c726ce66-7cd8-4ef4-a75c-803191ea9362.jpg,smeared,painting|wallpaper
a294917e-c280-42f0-95d1-8802517c71a2,images/a294917e-c280-42f0-95d1-8802517c71a2.jpg,interlaced,painting|wall
67f2cbe7-165f-465d-bdf4-3dde3695121c,images/67f2cbe7-165f-465d-bdf4-3dde3695121c.jpg,veined,nature
220692c8-b4e9-42b9-b3b2-02093f277f74,images/220692c8-b4e9-42b9-b3b2-02093f277f74.jpg,smeared,painting|wallpaper
2129d608-971a-43e4-8fc5-39fe5e7b6b1c,images/2129d608-971a-43e4-8fc5-39fe5e7b6b1c.jpg,chequered,home_furnishing|clothing|fabric
31da33cd-01c3-42b4-b297-460a35e28252,images/31da33cd-01c3-42b4-b297-460a35e28252.jpg,smeared,painting|wallpaper
e4f486a5-39bf-4168-b1ba-083fd1f15161,images/e4f486a5-39bf-4168-b1ba-083fd1f15161.jpg,potholed,concrete
957f1dca-b3b7-463c-b395-9ca6fa9279bb,images/957f1dca-b3b7-463c-b395-9ca6fa9279bb.jpg,studded,home_furnishing|clothing
91c4687b-9e2f-4a5a-b8c7-aa9b3995ddaf,images/91c4687b-9e2f-4a5a-b8c7-aa9b3995ddaf.jpg,bumpy,rubber
925188af-7eeb-4cb6-bfb7-33f33265edd1,images/925188af-7eeb-4cb6-bfb7-33f33265edd1.jpg,woven,wallpaper|painting
f11baafd-fc33-4451-b565-9ad406f1cc37,images/f11baafd-fc33-4451-b565-9ad406f1cc37.jpg,woven,home_furnishing|fabric
ee88f90f-536d-4f38-a59c-097a7ba9543c,images/ee88f90f-536d-4f38-a59c-097a7ba9543c.jpg,lacelike,home_furnishing
e74c96b9-f99c-4916-aa3a-eb9afbf9af3a,images/e74c96b9-f99c-4916-aa3a-eb9afbf9af3a.jpg,crosshatched,clothing|home_furnishing
ee9b108e-3a36-4194-8ec4-983908b341bd,images/ee9b108e-3a36-4194-8ec4-983908b341bd.jpg,marbled,painting|wallpaper
46173ac1-4147-4b2e-81cb-24e36963d23b,images/46173ac1-4147-4b2e-81cb-24e36963d23b.jpg,meshed,metal
11f2bbbd-82a9-4d7b-9848-7a79a5038390,images/11f2bbbd-82a9-4d7b-9848-7a79a5038390.jpg,flecked,wallpaper|painting
c04e99ec-3b5c-4917-9df3-ec0fa5afe285,images/c04e99ec-3b5c-4917-9df3-ec0fa5afe285.jpg,grid,metal
480b98ed-0141-43ed-8f84-467f75b95df7,images/480b98ed-0141-43ed-8f84-467f75b95df7.jpg,flecked,nature|rock
b6e07f26-27aa-4fe7-88e8-e580898be89f,images/b6e07f26-27aa-4fe7-88e8-e580898be89f.jpg,bubbly,nature|liquid
00015571-c7d3-4bc4-8031-f078c57865d3,images/00015571-c7d3-4bc4-8031-f078c57865d3.jpg,flecked,clothing|fabric
2b14e2c5-ba43-4dac-954b-0770da752768,images/2b14e2c5-ba43-4dac-954b-0770da752768.jpg,paisley,home_furnishing|clothing
8d581498-d917-4bcc-9e3b-140a0c79cd1f,images/8d581498-d917-4bcc-9e3b-140a0c79cd1f.jpg,freckled,nature
0e5ef99c-9cb9-4539-a9c6-ad0311a67bcf,images/0e5ef99c-9cb9-4539-a9c6-ad0311a67bcf.jpg,scaly,animal
8f80fc0a-c4b6-4aad-bd28-ebc326c3d872,images/8f80fc0a-c4b6-4aad-bd28-ebc326c3d872.jpg,crystalline,home_furnishing|metal
86de2ad2-0b81-4235-812c-470e6b4e1ca5,images/86de2ad2-0b81-4235-812c-470e6b4e1ca5.jpg,crystalline,nature|rock
5a975042-32ad-4a6e-8f6c-39472e9d4960,images/5a975042-32ad-4a6e-8f6c-39472e9d4960.jpg,pitted,rock|nature
9a48a8c7-303a-44ea-93fa-c8e85e79a075,images/9a48a8c7-303a-44ea-93fa-c8e85e79a075.jpg,potholed,rock|nature
a8f58e4d-a9c4-401c-a1e0-5c2aea060d42,images/a8f58e4d-a9c4-401c-a1e0-5c2aea060d42.jpg,waffled,food
71ad105b-4c21-4735-8972-bc5a6d9f4138,images/71ad105b-4c21-4735-8972-bc5a6d9f4138.jpg,woven,home_furnishing|wood
f5f8f92e-7768-4ea9-8339-97e2af846a20,images/f5f8f92e-7768-4ea9-8339-97e2af846a20.jpg,woven,home_furnishing|clothing|fabric
d7891880-962f-4c4d-b4b4-268d5dabe57a,images/d7891880-962f-4c4d-b4b4-268d5dabe57a.jpg,braided,fabric|metal
7306e696-7488-494d-a052-2c78cc5c1bb8,images/7306e696-7488-494d-a052-2c78cc5c1bb8.jpg,spiralled,home_furnishing|fabric
ae889724-838e-427a-9525-08a720944b08,images/ae889724-838e-427a-9525-08a720944b08.jpg,banded,fabric|clothing|wallpaper
d4e4ff2b-09a0-4fb8-b2cf-beb3d7f6d883,images/d4e4ff2b-09a0-4fb8-b2cf-beb3d7f6d883.jpg,braided,fabric|metal
a6164835-e857-4bcb-a734-d7c24b5c9034,images/a6164835-e857-4bcb-a734-d7c24b5c9034.jpg,frilly,clothing|home_furnishing
3ffe25db-3852-435d-b678-3de5f1bb1452,images/3ffe25db-3852-435d-b678-3de5f1bb1452.jpg,sprinkled,food
13af511f-c75a-4a76-b002-534e6e149f9e,images/13af511f-c75a-4a76-b002-534e6e149f9e.jpg,matted,nature
9e62a7af-d584-4b25-9dd6-07246ed4ab27,images/9e62a7af-d584-4b25-9dd6-07246ed4ab27.jpg,stained,painting|wallpaper
d33816ae-c189-4915-a39b-8960915c8977,images/d33816ae-c189-4915-a39b-8960915c8977.jpg,lacelike,home_furnishing
f228c5a7-6271-475b-8e53-4da449d7580e,images/f228c5a7-6271-475b-8e53-4da449d7580e.jpg,braided,human|hair
94ad79da-e65a-4c92-9b43-b3ea0c2cb929,images/94ad79da-e65a-4c92-9b43-b3ea0c2cb929.jpg,meshed,metal
fb5e61d3-791e-4873-94b8-eb5613058fbf,images/fb5e61d3-791e-4873-94b8-eb5613058fbf.jpg,potholed,rock|nature
ef0f6201-9763-4235-992e-888fec6ca38e,images/ef0f6201-9763-4235-992e-888fec6ca38e.jpg,grid,wallpaper|painting
bfd7c362-aeab-4eaf-97e7-1fa4bed264c7,images/bfd7c362-aeab-4eaf-97e7-1fa4bed264c7.jpg,cobwebbed,food
99fe0193-3856-4c12-a676-9c3764d8b70d,images/99fe0193-3856-4c12-a676-9c3764d8b70d.jpg,matted,home_furnishing
a79b4c37-35bb-48c3-945f-87b13636b424,images/a79b4c37-35bb-48c3-945f-87b13636b424.jpg,interlaced,clothing|home_furnishing
87512cdb-9dce-4952-8f6d-fe46789482d3,images/87512cdb-9dce-4952-8f6d-fe46789482d3.jpg,banded,fabric|wallpaper
3163bda9-e55d-46e8-b929-92c4b510686b,images/3163bda9-e55d-46e8-b929-92c4b510686b.jpg,swirly,painting|wallpaper
963bfdb7-af33-4379-b7ed-24a77064440d,images/963bfdb7-af33-4379-b7ed-24a77064440d.jpg,zigzagged,home_furnishing|clothing
f48224d7-2be1-4de2-b2f1-a80f137ca9a5,images/f48224d7-2be1-4de2-b2f1-a80f137ca9a5.jpg,blotchy,painting|wallpaper
4efaf27c-2eba-4e34-bce7-5859b459bd1f,images/4efaf27c-2eba-4e34-bce7-5859b459bd1f.jpg,woven,home_furnishing|clothing|fabric
9621c75b-d838-4b89-be5f-175211868366,images/9621c75b-d838-4b89-be5f-175211868366.jpg,flecked,clothing|fabric
a3ec2620-0826-4a2b-802b-16f745dec3f5,images/a3ec2620-0826-4a2b-802b-16f745dec3f5.jpg,meshed,metal
6939327a-a85c-40e6-9d50-f4716791c441,images/6939327a-a85c-40e6-9d50-f4716791c441.jpg,cracked,nature|tree
61ea3dd9-b01b-45e9-897c-1191fb2a43bd,images/61ea3dd9-b01b-45e9-897c-1191fb2a43bd.jpg,bubbly,nature|liquid
8ad253f8-ab4b-49ee-81b8-bc51c3176760,images/8ad253f8-ab4b-49ee-81b8-bc51c3176760.jpg,banded,fabric|clothing|wallpaper
f76fc5d7-a6b0-493f-b686-03b94f744504,images/f76fc5d7-a6b0-493f-b686-03b94f744504.jpg,bumpy,clothing|home_furnishing
ba83f432-607d-48a8-8b70-e18457df4977,images/ba83f432-607d-48a8-8b70-e18457df4977.jpg,honeycombed,home_furnishing
97674203-1c08-4f63-8017-ac8426ee7d87,images/97674203-1c08-4f63-8017-ac8426ee7d87.jpg,spiralled,rock|nature
2cd5cbb9-2a75-4990-bfa8-e105c6fad551,images/2cd5cbb9-2a75-4990-bfa8-e105c6fad551.jpg,fibrous,nature|tree
1c20644b-69ab-4f82-a642-7cde77b0861b,images/1c20644b-69ab-4f82-a642-7cde77b0861b.jpg,waffled,food
cbe1c569-566c-45a2-b17d-8a3bb9bcd2f2,images/cbe1c569-566c-45a2-b17d-8a3bb9bcd2f2.jpg,matted,hair|human
a9450fb8-df40-425d-b21b-ac13b8e115d7,images/a9450fb8-df40-425d-b21b-ac13b8e115d7.jpg,crystalline,nature|rock
a9932348-072f-411c-bd0e-dfda054b093d,images/a9932348-072f-411c-bd0e-dfda054b093d.jpg,lacelike,home_furnishing
84962c30-cc21-4b15-a090-5d7805c10f2f,images/84962c30-cc21-4b15-a090-5d7805c10f2f.jpg,gauzy,home_furnishing|fabric
1d6b30f0-7d6d-48b2-b59a-34628c1b5841,images/1d6b30f0-7d6d-48b2-b59a-34628c1b5841.jpg,wrinkled,metal
f268d83d-d054-49c9-8168-c71b728e4bbc,images/f268d83d-d054-49c9-8168-c71b728e4bbc.jpg,pitted,rock|nature
b7be317e-3df9-4eb7-a919-a2f22c3caca0,images/b7be317e-3df9-4eb7-a919-a2f22c3caca0.jpg,meshed,metal
f1ce5574-b4bc-4580-9beb-8954f8fa926b,images/f1ce5574-b4bc-4580-9beb-8954f8fa926b.jpg,stratified,wood
a907257e-ca94-405e-b9ef-b4ae9bb886c9,images/a907257e-ca94-405e-b9ef-b4ae9bb886c9.jpg,crystalline,nature|rock
f6f75513-84bc-4816-8bf2-19794fe83d8e,images/f6f75513-84bc-4816-8bf2-19794fe83d8e.jpg,honeycombed,food|nature
8f38a4af-c407-4b8f-bbbd-b6c9f759aaab,images/8f38a4af-c407-4b8f-bbbd-b6c9f759aaab.jpg,lacelike,home_furnishing
5929eb31-72c6-4bde-b432-77dd92bde4d6,images/5929eb31-72c6-4bde-b432-77dd92bde4d6.jpg,flecked,clothing|fabric
90a3ac0a-8891-498b-8459-c66d502d526f,images/90a3ac0a-8891-498b-8459-c66d502d526f.jpg,frilly,clothing|home_furnishing
e5687d13-a825-457f-8c01-9c9491ef90d1,images/e5687d13-a825-457f-8c01-9c9491ef90d1.jpg,polka-dotted,home_furnishing|clothing
2b4b9c0c-bc12-4e26-8fe4-75a3a71cf863,images/2b4b9c0c-bc12-4e26-8fe4-75a3a71cf863.jpg,frilly,nature
54a03dfd-7f52-4647-aa46-8cb3a6777f50,images/54a03dfd-7f52-4647-aa46-8cb3a6777f50.jpg,woven,home_furnishing|wood
0f09d057-16d3-4b07-b36b-c52f6893a0e6,images/0f09d057-16d3-4b07-b36b-c52f6893a0e6.jpg,paisley,home_furnishing
49ee0cc7-1300-4ba7-a8b0-d1a9f8b86e8d,images/49ee0cc7-1300-4ba7-a8b0-d1a9f8b86e8d.jpg,wrinkled,paper
4a2a7768-6b91-4a75-aa5b-812caa5e5c67,images/4a2a7768-6b91-4a75-aa5b-812caa5e5c67.jpg,pleated,wallpaper|painting
640d3084-1d02-484a-ae08-cc74e2d2016e,images/640d3084-1d02-484a-ae08-cc74e2d2016e.jpg,dotted,clothing|home_furnishing
1d80a83a-77d3-43c4-8e6e-948c2ae1d5c5,images/1d80a83a-77d3-43c4-8e6e-948c2ae1d5c5.jpg,braided,fabric|clothing
ecc8324f-7115-4cfb-82b5-3ca028d8a116,images/ecc8324f-7115-4cfb-82b5-3ca028d8a116.jpg,braided,fabric|metal
26e97fab-162e-4918-96c3-fea896736971,images/26e97fab-162e-4918-96c3-fea896736971.jpg,sprinkled,painting|wallpaper
49a78997-146e-451e-b02f-d6908d99872a,images/49a78997-146e-451e-b02f-d6908d99872a.jpg,stained,painting|wallpaper
fdecd54a-22ab-4701-83fa-7529079eb588,images/fdecd54a-22ab-4701-83fa-7529079eb588.jpg,crosshatched,painting|wallpaper
086d4e59-2804-47b1-a830-445a992ca9c2,images/086d4e59-2804-47b1-a830-445a992ca9c2.jpg,pleated,home_furnishing
5732242d-04b2-4a5c-9cb6-14d9522f1cb0,images/5732242d-04b2-4a5c-9cb6-14d9522f1cb0.jpg,veined,nature
dc3de7a2-dcb9-4f7c-aa48-5bff8ffca260,images/dc3de7a2-dcb9-4f7c-aa48-5bff8ffca260.jpg,studded,home_furnishing|clothing
71e23100-8f81-462b-8b14-664b9f9bafd9,images/71e23100-8f81-462b-8b14-664b9f9bafd9.jpg,blotchy,painting|wallpaper
5e3fa7ef-3984-4bdb-90dd-1935286ae4e7,images/5e3fa7ef-3984-4bdb-90dd-1935286ae4e7.jpg,frilly,clothing|home_furnishing
e4f03301-9b2b-459c-8c90-71cd434d0591,images/e4f03301-9b2b-459c-8c90-71cd434d0591.jpg,chequered,wallpaper|painting
a4368ee9-b76f-4326-960a-d9d537ceddb8,images/a4368ee9-b76f-4326-960a-d9d537ceddb8.jpg,dotted,clothing|home_furnishing
6974cd37-b0de-42e6-b6ba-6b4b75b975df,images/6974cd37-b0de-42e6-b6ba-6b4b75b975df.jpg,cracked,nature|wood|painting
10c714f0-6715-4ac8-b94a-7b68b731516d,images/10c714f0-6715-4ac8-b94a-7b68b731516d.jpg,smeared,painting|wallpaper
8fad31f8-aca4-4f0d-b4bc-a6f248943b2f,images/8fad31f8-aca4-4f0d-b4bc-a6f248943b2f.jpg,matted,nature
25e6e02b-761f-40d0-8947-a572c4258824,images/25e6e02b-761f-40d0-8947-a572c4258824.jpg,grid,home_furnishing|clothing
84971afd-cdfb-4515-a080-536207562bd7,images/84971afd-cdfb-4515-a080-536207562bd7.jpg,spiralled,home_furnishing|fabric
73b1eda0-15c6-482b-a595-2e41de8541f8,images/73b1eda0-15c6-482b-a595-2e41de8541f8.jpg,grid,wallpaper|painting
9b8a860b-3a3b-462f-8c26-ad4e5baad347,images/9b8a860b-3a3b-462f-8c26-ad4e5baad347.jpg,studded,home_furnishing|clothing
2efb7302-af80-4169-a630-a847c3b30570,images/2efb7302-af80-4169-a630-a847c3b30570.jpg,interlaced,wallpaper|painting
7f4920cf-4f06-4632-894b-b252593027a9,images/7f4920cf-4f06-4632-894b-b252593027a9.jpg,grooved,wood|painting
cb10b363-8c66-4c44-adb5-682ef62652ae,images/cb10b363-8c66-4c44-adb5-682ef62652ae.jpg,fibrous,wood
1f69cf5f-e772-484e-95e7-72fbab184813,images/1f69cf5f-e772-484e-95e7-72fbab184813.jpg,freckled,human
4164b5de-f4c6-4706-808d-3a63bdd6f563,images/4164b5de-f4c6-4706-808d-3a63bdd6f563.jpg,stained,painting|wallpaper
57a0018a-a430-486b-a601-61b8d519f9d8,images/57a0018a-a430-486b-a601-61b8d519f9d8.jpg,potholed,rock|nature
e787039e-8810-4e9a-815d-a89eb16fde0a,images/e787039e-8810-4e9a-815d-a89eb16fde0a.jpg,woven,home_furnishing|clothing|fabric
889d1946-35d5-4cdf-be43-4fb67acaf292,images/889d1946-35d5-4cdf-be43-4fb67acaf292.jpg,grooved,plastic
e0b81a2e-99f8-42e9-9237-9e752e74e2e3,images/e0b81a2e-99f8-42e9-9237-9e752e74e2e3.jpg,blotchy,nature|tree
40372e17-0474-4313-8773-c9498b6afed4,images/40372e17-0474-4313-8773-c9498b6afed4.jpg,cobwebbed,wallpaper|painting
22fda5aa-1663-4514-88a0-9ef212b5e6d4,images/22fda5aa-1663-4514-88a0-9ef212b5e6d4.jpg,lacelike,home_furnishing
d1bdeaa3-1d16-4387-b644-a2cffe80778a,images/d1bdeaa3-1d16-4387-b644-a2cffe80778a.jpg,chequered,wallpaper|painting
1e60c75a-8e2c-45ff-a878-5d924a5f033f,images/1e60c75a-8e2c-45ff-a878-5d924a5f033f.jpg,freckled,human
0b00d7a2-6aae-4c63-859b-e88a29911de8,images/0b00d7a2-6aae-4c63-859b-e88a29911de8.jpg,lacelike,home_furnishing
b44e313d-92f5-43c6-9f1c-55b86467d7aa,images/b44e313d-92f5-43c6-9f1c-55b86467d7aa.jpg,paisley,home_furnishing
0f503149-df18-4227-a343-1bff2d866e7d,images/0f503149-df18-4227-a343-1bff2d866e7d.jpg,veined,nature
ce516e9d-a336-4776-bb3b-545fa6f71144,images/ce516e9d-a336-4776-bb3b-545fa6f71144.jpg,sprinkled,painting|wallpaper
c3accfba-b72b-4650-b444-02b1c93c4e41,images/c3accfba-b72b-4650-b444-02b1c93c4e41.jpg,bumpy,nature|food
95595b6a-5459-40ea-8357-d8e8e01cd507,images/95595b6a-5459-40ea-8357-d8e8e01cd507.jpg,marbled,rock|nature
7cce0027-74e8-4f47-b122-f196a0c48117,images/7cce0027-74e8-4f47-b122-f196a0c48117.jpg,banded,fabric|clothing
04742928-d5fc-49b3-be31-5fcd14406c53,images/04742928-d5fc-49b3-be31-5fcd14406c53.jpg,marbled,rock|nature
92c1f25a-21fb-4832-8698-52abd4bc3d5e,images/92c1f25a-21fb-4832-8698-52abd4bc3d5e.jpg,flecked,clothing
c159d9ab-c22a-41a9-b5e7-387ed2495758,images/c159d9ab-c22a-41a9-b5e7-387ed2495758.jpg,bubbly,nature|liquid
cc88e866-77e9-496f-93d9-a0fb28ade99f,images/cc88e866-77e9-496f-93d9-a0fb28ade99f.jpg,pleated,home_furnishing|clothing
03c91ce8-cc88-4fd4-95be-3930552164c3,images/03c91ce8-cc88-4fd4-95be-3930552164c3.jpg,meshed,clothing|fabric
b991ac26-7fb8-4250-8f3a-31120e70f202,images/b991ac26-7fb8-4250-8f3a-31120e70f202.jpg,perforated,plastic
5529b0b1-2c79-4e7b-a53b-b77d0f23794d,images/5529b0b1-2c79-4e7b-a53b-b77d0f23794d.jpg,interlaced,concrete
a689bb64-1aaa-4a4f-95cd-bb03c7420aac,images/a689bb64-1aaa-4a4f-95cd-bb03c7420aac.jpg,chequered,home_furnishing|clothing|fabric
08acfb65-d05b-4eae-9e1c-148feb57005b,images/08acfb65-d05b-4eae-9e1c-148feb57005b.jpg,porous,rock
343d3e20-4b8a-4c91-8302-f439fbe97ee2,images/343d3e20-4b8a-4c91-8302-f439fbe97ee2.jpg,cobwebbed,nature
fcf9244b-4a14-420c-a15f-cce31dbe3983,images/fcf9244b-4a14-420c-a15f-cce31dbe3983.jpg,honeycombed,painting
ef8d317e-7bc8-4c9b-ace0-e5bbc4812fda,images/ef8d317e-7bc8-4c9b-ace0-e5bbc4812fda.jpg,pitted,wood
731f9cea-1c47-4449-b148-e4e7c7ae27a8,images/731f9cea-1c47-4449-b148-e4e7c7ae27a8.jpg,bubbly,nature|liquid
0b51925b-309f-4737-92dd-a7045f1ce5f3,images/0b51925b-309f-4737-92dd-a7045f1ce5f3.jpg,grid,wallpaper|painting
5fa3c1e1-63f2-4b68-98ca-3fd1cbb99da0,images/5fa3c1e1-63f2-4b68-98ca-3fd1cbb99da0.jpg,chequered,wallpaper|painting
c8e81c19-ad2b-4562-8c3d-df0fb06029b7,images/c8e81c19-ad2b-4562-8c3d-df0fb06029b7.jpg,spiralled,painting|wallpaper
4562c653-8592-447e-8a80-f6c7322243d4,images/4562c653-8592-447e-8a80-f6c7322243d4.jpg,frilly,clothing|home_furnishing
7d5f1bfc-ae0c-41a4-aa55-41f8a35e564e,images/7d5f1bfc-ae0c-41a4-aa55-41f8a35e564e.jpg,pleated,home_furnishing
b88fc7aa-2abc-4b42-8bbc-c75ba217cbe1,images/b88fc7aa-2abc-4b42-8bbc-c75ba217cbe1.jpg,waffled,food
e716c2aa-4032-48c4-aad0-1bd09f274ec7,images/e716c2aa-4032-48c4-aad0-1bd09f274ec7.jpg,matted,home_furnishing
8373a9f4-a7ca-4269-9dc4-310f8e924280,images/8373a9f4-a7ca-4269-9dc4-310f8e924280.jpg,porous,concrete
f1865cf6-b1e1-4d7a-a2e2-20d4afa468a8,images/f1865cf6-b1e1-4d7a-a2e2-20d4afa468a8.jpg,polka-dotted,home_furnishing|clothing
ef275e85-4d43-478c-8e27-6f09297df753,images/ef275e85-4d43-478c-8e27-6f09297df753.jpg,veined,nature
0d491a1e-9b12-4ad0-bc1b-b64669e813a2,images/0d491a1e-9b12-4ad0-bc1b-b64669e813a2.jpg,braided,fabric|home_furnishing
ff79972f-f731-4f16-a1c9-7ecfa0e1c946,images/ff79972f-f731-4f16-a1c9-7ecfa0e1c946.jpg,waffled,wallpaper|painting
9ea5168c-f74f-4ccf-a705-45055934fb03,images/9ea5168c-f74f-4ccf-a705-45055934fb03.jpg,perforated,metal
300fc698-4bcd-452f-bdb0-df942c442927,images/300fc698-4bcd-452f-bdb0-df942c442927.jpg,pleated,home_furnishing|clothing
44e3d5bb-689f-45bd-adb9-b503d4f832dd,images/44e3d5bb-689f-45bd-adb9-b503d4f832dd.jpg,interlaced,wood
b52fbf0b-469f-4188-9679-ff53ada5a27d,images/b52fbf0b-469f-4188-9679-ff53ada5a27d.jpg,potholed,concrete
8e0cd307-c9f7-4acd-9b36-4c1dd0885fc2,images/8e0cd307-c9f7-4acd-9b36-4c1dd0885fc2.jpg,pleated,home_furnishing|paper
25c0e1a6-335d-4f74-b416-749ab36fa3f8,images/25c0e1a6-335d-4f74-b416-749ab36fa3f8.jpg,braided,fabric|home_furnishing
acaae296-492e-40ad-bb34-bd6015930bae,images/acaae296-492e-40ad-bb34-bd6015930bae.jpg,chequered,home_furnishing
7fa378e1-6537-4a64-8a0e-86d27bacf687,images/7fa378e1-6537-4a64-8a0e-86d27bacf687.jpg,stratified,wood
c256cfa1-3cdd-4c00-93c8-26398dc26606,images/c256cfa1-3cdd-4c00-93c8-26398dc26606.jpg,pleated,home_furnishing|clothing
b942f13f-ade5-4ded-8ec3-90154a5c3759,images/b942f13f-ade5-4ded-8ec3-90154a5c3759.jpg,gauzy,home_furnishing|clothing|fabric
c55b7f7b-7db3-4c84-9ad0-146e7b1bbcfb,images/c55b7f7b-7db3-4c84-9ad0-146e7b1bbcfb.jpg,pitted,rock|nature
85202ea2-3667-4569-adbd-0e07cdfd9987,images/85202ea2-3667-4569-adbd-0e07cdfd9987.jpg,studded,clothing
6780ca28-6d68-46a1-86d1-bda42335cc16,images/6780ca28-6d68-46a1-86d1-bda42335cc16.jpg,waffled,food
cf93c72d-04fe-4960-a64b-5f4d8427806f,images/cf93c72d-04fe-4960-a64b-5f4d8427806f.jpg,stained,wood|painting
54238285-f45b-4a26-9048-755c61e30db7,images/54238285-f45b-4a26-9048-755c61e30db7.jpg,gauzy,home_furnishing
9db4e40b-dbf7-4587-8b41-4045710d5b63,images/9db4e40b-dbf7-4587-8b41-4045710d5b63.jpg,spiralled,home_furnishing
e46e4e70-1c21-4115-9d4c-a3741ea87530,images/e46e4e70-1c21-4115-9d4c-a3741ea87530.jpg,crystalline,nature|rock
3db07939-6f44-4cf1-b383-cf15cac5af0a,images/3db07939-6f44-4cf1-b383-cf15cac5af0a.jpg,paisley,home_furnishing
aee0c75c-aca8-4b26-b4c5-2bc76e270b85,images/aee0c75c-aca8-4b26-b4c5-2bc76e270b85.jpg,cracked,nature
c3f0b4ac-a69c-4189-95b9-d75164460a30,images/c3f0b4ac-a69c-4189-95b9-d75164460a30.jpg,flecked,clothing|fabric
3d2751c9-54e6-4d20-991f-2e924b9b619e,images/3d2751c9-54e6-4d20-991f-2e924b9b619e.jpg,stratified,wood
48c86004-b22b-408d-a73e-8b4299f89b79,images/48c86004-b22b-408d-a73e-8b4299f89b79.jpg,scaly,animal
f1e5cf78-45b9-43bc-b061-61087d4673b0,images/f1e5cf78-45b9-43bc-b061-61087d4673b0.jpg,crystalline,nature|rock
969f8f9f-3ee3-4897-8898-ba7aef1f7c3b,images/969f8f9f-3ee3-4897-8898-ba7aef1f7c3b.jpg,braided,fabric|home_furnishing
d2a7332a-c9ab-45f3-b431-4ad9cf27eec9,images/d2a7332a-c9ab-45f3-b431-4ad9cf27eec9.jpg,porous,food
a77b2563-ac8a-4fb7-bd9e-a03e621fdfdc,images/a77b2563-ac8a-4fb7-bd9e-a03e621fdfdc.jpg,knitted,clothing|fabric
818b0949-723a-4283-9e35-7fffc4a896fa,images/818b0949-723a-4283-9e35-7fffc4a896fa.jpg,gauzy,home_furnishing|fabric
1a7715d0-5b04-4829-ac24-82fd2c612764,images/1a7715d0-5b04-4829-ac24-82fd2c612764.jpg,gauzy,home_furnishing|fabric
09cd7fa9-c8a9-4eae-bb9f-8e038dd3cfd2,images/09cd7fa9-c8a9-4eae-bb9f-8e038dd3cfd2.jpg,porous,rock|concrete
9b87c756-828b-478f-b1ca-2240202c0497,images/9b87c756-828b-478f-b1ca-2240202c0497.jpg,gauzy,home_furnishing
61c55b2e-0232-40aa-a29d-8637d4022f31,images/61c55b2e-0232-40aa-a29d-8637d4022f31.jpg,smeared,home_furnishing
b1511d86-8a28-404c-b45e-8fe58ab49021,images/b1511d86-8a28-404c-b45e-8fe58ab49021.jpg,sprinkled,food
e6556872-391b-4792-97d6-b311050e5b88,images/e6556872-391b-4792-97d6-b311050e5b88.jpg,studded,home_furnishing|clothing
2c5fc9c3-63ec-40b5-901e-56b6e6481ad8,images/2c5fc9c3-63ec-40b5-901e-56b6e6481ad8.jpg,cracked,nature|wood
b287e29a-0d12-4c93-b2a4-bf2d0be6b9c5,images/b287e29a-0d12-4c93-b2a4-bf2d0be6b9c5.jpg,crystalline,nature|rock
ef1b7673-e3a8-4b86-a06e-926856791886,images/ef1b7673-e3a8-4b86-a06e-926856791886.jpg,freckled,human
e4854c34-5c2f-47a4-8dc2-e5dcc79bc84f,images/e4854c34-5c2f-47a4-8dc2-e5dcc79bc84f.jpg,frilly,clothing|home_furnishing
8c36a86c-b5fb-45a7-9607-ce471d68c7f7,images/8c36a86c-b5fb-45a7-9607-ce471d68c7f7.jpg,crystalline,nature|rock
3bc2d4d5-f231-4d3d-9d8e-7cfda67c4fd4,images/3bc2d4d5-f231-4d3d-9d8e-7cfda67c4fd4.jpg,waffled,metal
6ebf837d-4531-41bf-9d26-874aa580ff76,images/6ebf837d-4531-41bf-9d26-874aa580ff76.jpg,scaly,home_furnishing|clothing
a0db382f-9557-4be8-9859-d0a02d9f7053,images/a0db382f-9557-4be8-9859-d0a02d9f7053.jpg,pitted,rock|nature
a7628604-388f-4dbe-b5cf-27068bcb0067,images/a7628604-388f-4dbe-b5cf-27068bcb0067.jpg,braided,fabric|clothing|home_furnishing
8252c68e-b063-48e7-90e7-e1904b3e197f,images/8252c68e-b063-48e7-90e7-e1904b3e197f.jpg,cracked,metal|painting
2ce3271d-880a-48d9-bc3e-8df948500951,images/2ce3271d-880a-48d9-bc3e-8df948500951.jpg,scaly,home_furnishing|clothing
241fc77c-3f0c-4f2a-bdd8-40940ad62cd3,images/241fc77c-3f0c-4f2a-bdd8-40940ad62cd3.jpg,crystalline,nature|rock
0c478cb5-c520-41f0-84ae-f7ad7f7d99ac,images/0c478cb5-c520-41f0-84ae-f7ad7f7d99ac.jpg,spiralled,painting|wallpaper
3d1da803-2c42-49f8-87e6-f2a15123700e,images/3d1da803-2c42-49f8-87e6-f2a15123700e.jpg,freckled,human
20e873c6-cdfc-44de-8931-5959509030d1,images/20e873c6-cdfc-44de-8931-5959509030d1.jpg,matted,nature
44f0a343-34de-4969-b741-55f50fb3c904,images/44f0a343-34de-4969-b741-55f50fb3c904.jpg,wrinkled,paper
dc30a2ef-84d7-4866-9b72-4b5a04de7f69,images/dc30a2ef-84d7-4866-9b72-4b5a04de7f69.jpg,bumpy,nature|food
4d731c6f-615e-47e1-94cc-76fc5d6e83bd,images/4d731c6f-615e-47e1-94cc-76fc5d6e83bd.jpg,grooved,wood
f11747e8-bc14-41ad-9847-6e28e1863891,images/f11747e8-bc14-41ad-9847-6e28e1863891.jpg,grooved,metal
43b6e55e-9d7e-47ad-84af-f75ca83bbfbe,images/43b6e55e-9d7e-47ad-84af-f75ca83bbfbe.jpg,cobwebbed,nature
531e91a2-5e65-4692-9223-c267db57c455,images/531e91a2-5e65-4692-9223-c267db57c455.jpg,swirly,painting|wallpaper
4ac58731-a8bf-4bc3-8395-7cb3c3a481b6,images/4ac58731-a8bf-4bc3-8395-7cb3c3a481b6.jpg,honeycombed,nature
34349996-2a51-4348-b3ed-bbc8af119a87,images/34349996-2a51-4348-b3ed-bbc8af119a87.jpg,lacelike,home_furnishing
0b343a2f-2d2e-4a92-875c-57f12578dfb2,images/0b343a2f-2d2e-4a92-875c-57f12578dfb2.jpg,bumpy,rubber
68da09a2-acea-4ff4-8ad2-15b61652f24b,images/68da09a2-acea-4ff4-8ad2-15b61652f24b.jpg,perforated,metal
06894046-10f6-478c-84ac-d4225e32edcd,images/06894046-10f6-478c-84ac-d4225e32edcd.jpg,frilly,clothing|home_furnishing
2201e8c0-4c80-47bd-a677-8c4e17c363f8,images/2201e8c0-4c80-47bd-a677-8c4e17c363f8.jpg,zigzagged,home_furnishing|clothing
ee3048fe-e91c-49fc-a98d-e61e7ff2c6ec,images/ee3048fe-e91c-49fc-a98d-e61e7ff2c6ec.jpg,braided,fabric|clothing|home_furnishing
1b665076-901f-4b19-9a85-f06f991c508e,images/1b665076-901f-4b19-9a85-f06f991c508e.jpg,banded,fabric|clothing|wallpaper
17071a66-4550-41e7-aa05-f07e466525d3,images/17071a66-4550-41e7-aa05-f07e466525d3.jpg,grooved,home_furnishing|clothing|fabric
04ea4c32-c6fe-4b82-95b7-8fe82f6f829a,images/04ea4c32-c6fe-4b82-95b7-8fe82f6f829a.jpg,banded,fabric|clothing|wallpaper
bca54ad2-77fd-402c-9d49-7ba8c7670092,images/bca54ad2-77fd-402c-9d49-7ba8c7670092.jpg,chequered,clothing|home_furnishing|fabric
3fe787d6-220c-4e17-a59c-f8aab89cd551,images/3fe787d6-220c-4e17-a59c-f8aab89cd551.jpg,woven,home_furnishing|wood
ab68f27a-50e2-41aa-a2d3-b701ac5dfa62,images/ab68f27a-50e2-41aa-a2d3-b701ac5dfa62.jpg,grooved,wood
2636f734-8d1c-4e19-b2ce-9e7382f15b63,images/2636f734-8d1c-4e19-b2ce-9e7382f15b63.jpg,cobwebbed,nature
765246c2-3e6f-4a6f-84d6-f6ba83138f12,images/765246c2-3e6f-4a6f-84d6-f6ba83138f12.jpg,blotchy,painting|wall
8a8cf470-d176-487b-a9be-3b0c427c2c63,images/8a8cf470-d176-487b-a9be-3b0c427c2c63.jpg,banded,fabric|clothing
a68e510b-b9f7-495e-a39f-08f287495be5,images/a68e510b-b9f7-495e-a39f-08f287495be5.jpg,marbled,rock|nature
ce7399de-cf0e-49c0-8823-e1092e21b861,images/ce7399de-cf0e-49c0-8823-e1092e21b861.jpg,frilly,food
90078a04-bc26-48e2-af16-6febcc5bc304,images/90078a04-bc26-48e2-af16-6febcc5bc304.jpg,grooved,metal
0aa1d817-c953-44e6-a2b1-a4622c9e264b,images/0aa1d817-c953-44e6-a2b1-a4622c9e264b.jpg,perforated,plastic
735ea72e-4eed-452f-9d6d-1275966530e7,images/735ea72e-4eed-452f-9d6d-1275966530e7.jpg,striped,animal
82935eec-50b0-4b61-8445-6dce63cd02e5,images/82935eec-50b0-4b61-8445-6dce63cd02e5.jpg,scaly,animal
b8fc7e26-7d3f-4975-8b00-7f8efaef14ac,images/b8fc7e26-7d3f-4975-8b00-7f8efaef14ac.jpg,interlaced,wallpaper|painting
0f30b7b3-8391-4160-af6e-7eca151c0515,images/0f30b7b3-8391-4160-af6e-7eca151c0515.jpg,veined,painting|wallpaper
f92da7a8-7a2f-4adb-81ab-f4fe6112e989,images/f92da7a8-7a2f-4adb-81ab-f4fe6112e989.jpg,banded,fabric|clothing
be0d12be-cd5e-45ef-aa02-c8c6cb8e1c10,images/be0d12be-cd5e-45ef-aa02-c8c6cb8e1c10.jpg,banded,fabric|clothing|wallpaper
133e1379-a7cf-49c9-8f8c-a5e2ed4660bd,images/133e1379-a7cf-49c9-8f8c-a5e2ed4660bd.jpg,waffled,food
bae5830a-9438-48e7-893d-f31ca872d8bb,images/bae5830a-9438-48e7-893d-f31ca872d8bb.jpg,bubbly,nature|liquid
ac1d2639-01f1-44ad-b007-b32c4bd720c7,images/ac1d2639-01f1-44ad-b007-b32c4bd720c7.jpg,grooved,metal
12560ec0-c2c4-4839-abe5-e74a61d4e765,images/12560ec0-c2c4-4839-abe5-e74a61d4e765.jpg,lacelike,home_furnishing
7a47b1f1-ee05-4e73-8b13-9fe63f19dd1e,images/7a47b1f1-ee05-4e73-8b13-9fe63f19dd1e.jpg,pleated,home_furnishing
26af5375-a8eb-4487-9c27-b818f9663633,images/26af5375-a8eb-4487-9c27-b818f9663633.jpg,meshed,home_furnishing|fabric
fa1593ae-3b15-4a52-aa76-5e7f61631394,images/fa1593ae-3b15-4a52-aa76-5e7f61631394.jpg,crosshatched,clothing|home_furnishing
d020fc09-0943-4e81-8066-0589ff6abe07,images/d020fc09-0943-4e81-8066-0589ff6abe07.jpg,fibrous,nature
5398d4fa-944c-4258-9222-d32eb59615b0,images/5398d4fa-944c-4258-9222-d32eb59615b0.jpg,interlaced,metal
b07bb477-29fe-45db-a7d7-3bcfdb4bc11a,images/b07bb477-29fe-45db-a7d7-3bcfdb4bc11a.jpg,frilly,nature|tree
6555f22c-8242-474d-90bf-f8b83ccf063c,images/6555f22c-8242-474d-90bf-f8b83ccf063c.jpg,gauzy,clothing|home_furnishing|fabric
9b2fe875-4b87-47ec-918f-998b1c34d432,images/9b2fe875-4b87-47ec-918f-998b1c34d432.jpg,woven,home_furnishing|wood
bc97313c-ad25-4f0a-a4a5-61eb60a9ba2e,images/bc97313c-ad25-4f0a-a4a5-61eb60a9ba2e.jpg,lacelike,home_furnishing
354969e7-9cf0-439f-b297-0fc3d6e68a1a,images/354969e7-9cf0-439f-b297-0fc3d6e68a1a.jpg,knitted,clothing|home_furnishing|fabric
0cc4e654-607a-4dc9-9674-30f2c8fe1591,images/0cc4e654-607a-4dc9-9674-30f2c8fe1591.jpg,cobwebbed,nature
e9dd60af-9ba7-48f2-8e88-79aa683040e6,images/e9dd60af-9ba7-48f2-8e88-79aa683040e6.jpg,veined,nature
20693624-529d-499a-8777-3bcae1fec34b,images/20693624-529d-499a-8777-3bcae1fec34b.jpg,potholed,rock|nature
bc482503-2d11-415d-8e94-da865a53fef2,images/bc482503-2d11-415d-8e94-da865a53fef2.jpg,porous,rock|concrete
ea6a71c9-8a40-4f38-a03d-bae9be8a16de,images/ea6a71c9-8a40-4f38-a03d-bae9be8a16de.jpg,crosshatched,painting|wallpaper
dc29dac3-4f44-414a-b7c7-a4722bf6097a,images/dc29dac3-4f44-414a-b7c7-a4722bf6097a.jpg,pleated,home_furnishing
82320e5e-373b-414e-b9e3-e8e0e7cfa96d,images/82320e5e-373b-414e-b9e3-e8e0e7cfa96d.jpg,honeycombed,wallpaper|painting
2ff445d5-68d5-4ed7-8204-93ad672f1c19,images/2ff445d5-68d5-4ed7-8204-93ad672f1c19.jpg,interlaced,wood
627a0bd8-7685-4eed-8901-4a66eeed5145,images/627a0bd8-7685-4eed-8901-4a66eeed5145.jpg,grooved,home_furnishing|clothing
1f242cd5-215d-4c72-8edf-cf87b09d8ad1,images/1f242cd5-215d-4c72-8edf-cf87b09d8ad1.jpg,stained,painting|wallpaper
105c10f7-96c2-4be5-a4b4-6f096f9ed9ba,images/105c10f7-96c2-4be5-a4b4-6f096f9ed9ba.jpg,studded,home_furnishing|clothing
9dc221ed-12be-485d-9b3a-83b5d5e4b44a,images/9dc221ed-12be-485d-9b3a-83b5d5e4b44a.jpg,dotted,clothing|home_furnishing
4ae8014e-0bf7-4c12-a42c-e38c4f14054e,images/4ae8014e-0bf7-4c12-a42c-e38c4f14054e.jpg,meshed,plastic
ef1a0793-b836-41b7-96ad-3bc1b967e174,images/ef1a0793-b836-41b7-96ad-3bc1b967e174.jpg,stained,home_furnishing|clothing
ac075119-78e3-4bff-9651-1e868f7e316c,images/ac075119-78e3-4bff-9651-1e868f7e316c.jpg,wrinkled,paper
9972ced2-50d1-4d81-bc8d-9216d2adbd1e,images/9972ced2-50d1-4d81-bc8d-9216d2adbd1e.jpg,freckled,food
5ab27365-15e3-4a11-bdcf-9804cebbb151,images/5ab27365-15e3-4a11-bdcf-9804cebbb151.jpg,knitted,clothing|home_furnishing|fabric
a02ed020-a1b5-4398-8a6d-8e3523b25a52,images/a02ed020-a1b5-4398-8a6d-8e3523b25a52.jpg,grooved,wood
3c262941-381a-4f5c-a470-83e7cd51e566,images/3c262941-381a-4f5c-a470-83e7cd51e566.jpg,fibrous,home_furnishing
ecb3822e-8498-4689-93d6-12bd794955ac,images/ecb3822e-8498-4689-93d6-12bd794955ac.jpg,striped,home_furnishing|clothing
2e26192e-8fe6-4643-aef8-5acdb639f76d,images/2e26192e-8fe6-4643-aef8-5acdb639f76d.jpg,veined,nature
467c4593-ec4c-473a-8f9b-8b97ea03f8a5,images/467c4593-ec4c-473a-8f9b-8b97ea03f8a5.jpg,marbled,rock|nature
4f7082fa-b988-4a52-9139-fb908ca4d2c4,images/4f7082fa-b988-4a52-9139-fb908ca4d2c4.jpg,freckled,human
ee3ac654-aa63-424f-b68c-18c697913764,images/ee3ac654-aa63-424f-b68c-18c697913764.jpg,frilly,clothing|home_furnishing
64046770-5d64-4db8-8157-d217b9a01ca1,images/64046770-5d64-4db8-8157-d217b9a01ca1.jpg,bumpy,rubber
defc6b92-e239-42fa-ba2c-94618c1191fe,images/defc6b92-e239-42fa-ba2c-94618c1191fe.jpg,woven,home_furnishing|wood
b9b33b35-efb0-46ca-a45e-4b97ec00f77f,images/b9b33b35-efb0-46ca-a45e-4b97ec00f77f.jpg,spiralled,glass|home_furnishing
923193d4-13e9-481f-8444-727d5245c5ff,images/923193d4-13e9-481f-8444-727d5245c5ff.jpg,frilly,clothing|home_furnishing
fa04c905-366a-4dbf-b463-7ff7f011e170,images/fa04c905-366a-4dbf-b463-7ff7f011e170.jpg,dotted,clothing|home_furnishing
5a80541b-a2f2-44cf-8b9e-9650202f7c4a,images/5a80541b-a2f2-44cf-8b9e-9650202f7c4a.jpg,banded,fabric|clothing
2114ad68-9378-43c5-9458-ea0c362a5f42,images/2114ad68-9378-43c5-9458-ea0c362a5f42.jpg,cobwebbed,nature|ice
b8f52a70-1e19-42c7-850d-85972238c63f,images/b8f52a70-1e19-42c7-850d-85972238c63f.jpg,stained,home_furnishing
1ca0ee56-3c60-44b1-9cef-280b9b29bc45,images/1ca0ee56-3c60-44b1-9cef-280b9b29bc45.jpg,zigzagged,home_furnishing|clothing
ae18e6e2-449d-401b-89fe-76d3f5eda6f5,images/ae18e6e2-449d-401b-89fe-76d3f5eda6f5.jpg,potholed,concrete
0951b4e1-d3e7-4981-acde-11d4828aec7f,images/0951b4e1-d3e7-4981-acde-11d4828aec7f.jpg,stained,painting|wallpaper
0c10c346-1b04-4fd2-b4d1-85acc586f663,images/0c10c346-1b04-4fd2-b4d1-85acc586f663.jpg,dotted,clothing|home_furnishing
26f3ead0-f40b-41c2-83c2-196a0113485f,images/26f3ead0-f40b-41c2-83c2-196a0113485f.jpg,knitted,clothing|home_furnishing|fabric
e675951a-ac28-440d-a029-e33c09e58a9e,images/e675951a-ac28-440d-a029-e33c09e58a9e.jpg,freckled,human
20f494c3-2ecb-467d-afa5-911b0648bf24,images/20f494c3-2ecb-467d-afa5-911b0648bf24.jpg,stained,home_furnishing|clothing
e95a2da1-2c58-4d24-9c90-b261459156fa,images/e95a2da1-2c58-4d24-9c90-b261459156fa.jpg,crosshatched,clothing|home_furnishing
76778201-7c22-4d4b-be87-4eaa654d6973,images/76778201-7c22-4d4b-be87-4eaa654d6973.jpg,crystalline,nature|rock
24cde06d-8940-4e8a-bf02-e4bf2acd2b48,images/24cde06d-8940-4e8a-bf02-e4bf2acd2b48.jpg,freckled,human
14fe44e7-f837-4187-8c1a-53a2c932cab8,images/14fe44e7-f837-4187-8c1a-53a2c932cab8.jpg,knitted,clothing|home_furnishing|fabric
eb299109-61be-4be8-8e45-c8b596de9e6c,images/eb299109-61be-4be8-8e45-c8b596de9e6c.jpg,paisley,home_furnishing|clothing
57a17f8f-1c71-45d2-ad92-05db4b92b2bd,images/57a17f8f-1c71-45d2-ad92-05db4b92b2bd.jpg,lacelike,clothing|home_furnishing
5a82f54d-3d2d-4548-b185-d69abdbf01c4,images/5a82f54d-3d2d-4548-b185-d69abdbf01c4.jpg,studded,home_furnishing|clothing
14d0593c-09f1-4df2-9631-bec47a4e25bb,images/14d0593c-09f1-4df2-9631-bec47a4e25bb.jpg,polka-dotted,home_furnishing|clothing
6fa621a4-1483-4024-8306-a1e0376935ee,images/6fa621a4-1483-4024-8306-a1e0376935ee.jpg,grid,wallpaper|painting
a7959929-4af4-40ab-b0a4-43a9a3168db9,images/a7959929-4af4-40ab-b0a4-43a9a3168db9.jpg,grid,plastic
75a20a50-5aa8-4858-9f63-8332dc9fd881,images/75a20a50-5aa8-4858-9f63-8332dc9fd881.jpg,honeycombed,nature|food
fcbe4aa2-5712-4737-b787-014f8ffbb64e,images/fcbe4aa2-5712-4737-b787-014f8ffbb64e.jpg,spiralled,home_furnishing
477c33e8-1581-4c88-9ce2-c26ed7ac4782,images/477c33e8-1581-4c88-9ce2-c26ed7ac4782.jpg,stratified,rock|nature
f686469a-4de6-4f89-b147-8114bcc9f4e4,images/f686469a-4de6-4f89-b147-8114bcc9f4e4.jpg,knitted,clothing|home_furnishing|fabric
c176e2fb-aee3-489b-9466-6652676daa6b,images/c176e2fb-aee3-489b-9466-6652676daa6b.jpg,sprinkled,painting|wallpaper
59ec0e89-336a-4278-af2e-a98c9477862a,images/59ec0e89-336a-4278-af2e-a98c9477862a.jpg,perforated,metal
308b0be8-7b17-4694-8841-5dc4d4040519,images/308b0be8-7b17-4694-8841-5dc4d4040519.jpg,wrinkled,paper
95701c47-d3c9-4a45-9656-b0a6d77fe791,images/95701c47-d3c9-4a45-9656-b0a6d77fe791.jpg,grooved,plastic
41ccd2fe-c411-4254-8f53-af3530672e09,images/41ccd2fe-c411-4254-8f53-af3530672e09.jpg,stained,painting|wallpaper
159e7d0d-00dd-4f09-b77e-21977cb74760,images/159e7d0d-00dd-4f09-b77e-21977cb74760.jpg,cracked,nature|wood
a9bd95d9-ca47-4d53-b255-db9bc42e66f3,images/a9bd95d9-ca47-4d53-b255-db9bc42e66f3.jpg,cracked,nature|wood
e922018f-3e46-4528-bac5-3ca3bff991df,images/e922018f-3e46-4528-bac5-3ca3bff991df.jpg,crystalline,nature|ice
0fe30733-77ad-40b3-95fa-7b02097638e6,images/0fe30733-77ad-40b3-95fa-7b02097638e6.jpg,frilly,clothing|home_furnishing
db3c7016-2c84-4ce8-86a3-0359299c4f58,images/db3c7016-2c84-4ce8-86a3-0359299c4f58.jpg,sprinkled,food
1db84779-a924-4572-a46c-72fe98e9d3ac,images/1db84779-a924-4572-a46c-72fe98e9d3ac.jpg,spiralled,wallpaper
da5832d0-14d7-43c2-b827-f5faa91963d6,images/da5832d0-14d7-43c2-b827-f5faa91963d6.jpg,frilly,home_furnishing|clothing
481a9d95-987b-4dfd-ab2b-8eaee8dc42d5,images/481a9d95-987b-4dfd-ab2b-8eaee8dc42d5.jpg,interlaced,metal
84ded1ec-a623-4f1d-a974-ffd729f1fad0,images/84ded1ec-a623-4f1d-a974-ffd729f1fad0.jpg,swirly,home_furnishing|clothing
6a65be3c-b847-4603-9cb8-df4be86b4c64,images/6a65be3c-b847-4603-9cb8-df4be86b4c64.jpg,gauzy,home_furnishing|fabric
5037bc1e-29d7-4610-a3ce-062acdfa5656,images/5037bc1e-29d7-4610-a3ce-062acdfa5656.jpg,flecked,clothing|fabric
473bfe3d-699b-4bbe-bc81-c36d44265fc0,images/473bfe3d-699b-4bbe-bc81-c36d44265fc0.jpg,freckled,nature|food
48ec8069-f9c4-4823-959e-4f79a8e6fde0,images/48ec8069-f9c4-4823-959e-4f79a8e6fde0.jpg,zigzagged,home_furnishing|clothing
b37d8087-1529-4d4f-b44e-c346195a0773,images/b37d8087-1529-4d4f-b44e-c346195a0773.jpg,crystalline,nature|rock
668fe7d9-ca7e-446b-94ca-eef15466f9c3,images/668fe7d9-ca7e-446b-94ca-eef15466f9c3.jpg,fibrous,nature
a0392fe8-92a7-4475-aab8-d3d03482239f,images/a0392fe8-92a7-4475-aab8-d3d03482239f.jpg,flecked,clothing|fabric
9ee92967-949d-4cc0-8f9e-f62b4d47038e,images/9ee92967-949d-4cc0-8f9e-f62b4d47038e.jpg,sprinkled,painting
453c18d3-1f6e-427a-84e1-39ff998d1084,images/453c18d3-1f6e-427a-84e1-39ff998d1084.jpg,potholed,concrete
a37b902d-2b0e-43ef-8d2e-cded30c675c8,images/a37b902d-2b0e-43ef-8d2e-cded30c675c8.jpg,meshed,plastic
11767a3e-a926-423e-85fb-1c2c41b7878d,images/11767a3e-a926-423e-85fb-1c2c41b7878d.jpg,freckled,nature
546dfd9a-2ddf-4fe6-8b4f-3531b5e8da1b,images/546dfd9a-2ddf-4fe6-8b4f-3531b5e8da1b.jpg,cracked,nature|wood
40ce0f7e-b27e-4949-bd94-5601379ee324,images/40ce0f7e-b27e-4949-bd94-5601379ee324.jpg,lacelike,home_furnishing
098633bf-3226-4315-b39c-b3da9d34ed5d,images/098633bf-3226-4315-b39c-b3da9d34ed5d.jpg,cracked,wood|painting
00360e36-b5f0-476e-ab47-3b324c03f415,images/00360e36-b5f0-476e-ab47-3b324c03f415.jpg,bubbly,photography|painting
7e0a93d7-0ce2-4233-bfde-fcc572e6f1c5,images/7e0a93d7-0ce2-4233-bfde-fcc572e6f1c5.jpg,swirly,painting|wallpaper
f5b59c1a-78ef-47e6-b196-8a9b58a1b4c2,images/f5b59c1a-78ef-47e6-b196-8a9b58a1b4c2.jpg,smeared,painting|wallpaper
b1e7abb8-51d1-46e4-8335-f2523592cbac,images/b1e7abb8-51d1-46e4-8335-f2523592cbac.jpg,freckled,human
22c93ea8-2fa1-4752-9ec8-336310d27fe4,images/22c93ea8-2fa1-4752-9ec8-336310d27fe4.jpg,scaly,home_furnishing|clothing
d3b48363-6eb8-4d6f-916d-cd8012147c22,images/d3b48363-6eb8-4d6f-916d-cd8012147c22.jpg,gauzy,clothing|home_furnishing|fabric
2dd427a9-cb77-46b9-924a-65e7dd6e96d9,images/2dd427a9-cb77-46b9-924a-65e7dd6e96d9.jpg,lacelike,home_furnishing
4ace3197-b4c6-412b-8aea-a683ba7f5ae4,images/4ace3197-b4c6-412b-8aea-a683ba7f5ae4.jpg,porous,home_furnishing
03872a63-3e1f-418c-9418-7491f4ca4514,images/03872a63-3e1f-418c-9418-7491f4ca4514.jpg,crosshatched,clothing|home_furnishing
802f2131-a806-4f77-892a-a4c8b96c46e8,images/802f2131-a806-4f77-892a-a4c8b96c46e8.jpg,grooved,metal
041004e1-09ee-4845-b3d7-c0af3a9085b4,images/041004e1-09ee-4845-b3d7-c0af3a9085b4.jpg,lacelike,home_furnishing
674b55fd-1e19-4eaf-973c-852cae8256f8,images/674b55fd-1e19-4eaf-973c-852cae8256f8.jpg,scaly,home_furnishing|clothing
d6702ef2-79b3-4ab8-af15-a0c59a0740ee,images/d6702ef2-79b3-4ab8-af15-a0c59a0740ee.jpg,matted,nature
eadc3859-fefa-40aa-af26-a5d08aed9473,images/eadc3859-fefa-40aa-af26-a5d08aed9473.jpg,lined,paper
186d6c17-9148-4112-b25e-84b01e16210d,images/186d6c17-9148-4112-b25e-84b01e16210d.jpg,braided,fabric|metal
7769f738-6b4e-4b0b-bef6-fb0e100b9ebe,images/7769f738-6b4e-4b0b-bef6-fb0e100b9ebe.jpg,crystalline,nature|rock
ab125ce2-ac56-49f0-b524-af5ab247b2b8,images/ab125ce2-ac56-49f0-b524-af5ab247b2b8.jpg,stained,concrete
1590b76b-1055-4674-a48e-b3cf61c1810d,images/1590b76b-1055-4674-a48e-b3cf61c1810d.jpg,gauzy,home_furnishing
56142339-ac20-469e-b76a-188163c85359,images/56142339-ac20-469e-b76a-188163c85359.jpg,paisley,wallpaper|painting
9d91a61a-809c-483c-95d0-b1f99ed979dd,images/9d91a61a-809c-483c-95d0-b1f99ed979dd.jpg,studded,home_furnishing
fa6e682b-5197-4488-9fe8-f99c9893f15d,images/fa6e682b-5197-4488-9fe8-f99c9893f15d.jpg,swirly,painting|wallpaper
faa95da9-a0ee-46db-ae2c-f322003f780a,images/faa95da9-a0ee-46db-ae2c-f322003f780a.jpg,veined,painting|wallpaper
1d3acfa8-21e8-4220-8ab8-f91e90edef20,images/1d3acfa8-21e8-4220-8ab8-f91e90edef20.jpg,fibrous,nature
1bdd4242-49d0-4eb6-9d87-05f92ac622e5,images/1bdd4242-49d0-4eb6-9d87-05f92ac622e5.jpg,marbled,rock|nature
2e0bc1c4-4bab-4135-a1e6-3b8d631d1b44,images/2e0bc1c4-4bab-4135-a1e6-3b8d631d1b44.jpg,honeycombed,wallpaper|painting
26ce4d53-6ddf-4969-8af6-0cb3f269535d,images/26ce4d53-6ddf-4969-8af6-0cb3f269535d.jpg,studded,home_furnishing|clothing
8cd4456a-6dbd-41fc-9c20-a72606650a0c,images/8cd4456a-6dbd-41fc-9c20-a72606650a0c.jpg,smeared,nature
88629874-ec49-4408-9df0-0a1d40c8b573,images/88629874-ec49-4408-9df0-0a1d40c8b573.jpg,chequered,rock|concrete
f128f02b-c49e-4324-b13a-bdff721772c1,images/f128f02b-c49e-4324-b13a-bdff721772c1.jpg,flecked,clothing|fabric
2cc32d60-6660-439b-9b8e-eb1c382e5dc2,images/2cc32d60-6660-439b-9b8e-eb1c382e5dc2.jpg,banded,fabric|clothing|wallpaper
2537c6c6-d435-41b5-bd76-e7a0e3740bfe,images/2537c6c6-d435-41b5-bd76-e7a0e3740bfe.jpg,crystalline,nature|rock
0995f7ad-d38e-498e-9189-fa5ef4b5e9cd,images/0995f7ad-d38e-498e-9189-fa5ef4b5e9cd.jpg,woven,home_furnishing|wood
ab15ec43-abd6-4b41-abf3-2fa1d0cf03a7,images/ab15ec43-abd6-4b41-abf3-2fa1d0cf03a7.jpg,porous,rock|nature
64c70e35-746a-4e46-835f-3ce186bb0a91,images/64c70e35-746a-4e46-835f-3ce186bb0a91.jpg,grid,plastic
d80e6ed7-c9e9-4cb8-9823-73c9c89b4d4c,images/d80e6ed7-c9e9-4cb8-9823-73c9c89b4d4c.jpg,grid,metal
ff5ffee8-b8eb-4855-80e7-0c08739edf6e,images/ff5ffee8-b8eb-4855-80e7-0c08739edf6e.jpg,honeycombed,wallpaper|painting
ff605281-e502-4f72-88c0-2bfb5ee4e724,images/ff605281-e502-4f72-88c0-2bfb5ee4e724.jpg,perforated,metal
6dfd8beb-d5fd-4ad5-aa37-9a300db8a36a,images/6dfd8beb-d5fd-4ad5-aa37-9a300db8a36a.jpg,perforated,metal
ca20c8b4-44ac-482d-a832-cd7d63049776,images/ca20c8b4-44ac-482d-a832-cd7d63049776.jpg,porous,concrete
e81dc0a8-142a-404d-9c33-91eb8acc96a5,images/e81dc0a8-142a-404d-9c33-91eb8acc96a5.jpg,polka-dotted,wallpaper|painting
318b9151-2fc1-49c6-89ac-5a2896ae7c63,images/318b9151-2fc1-49c6-89ac-5a2896ae7c63.jpg,freckled,human
93fd6b1f-8a9f-4041-b3c6-9a249591104b,images/93fd6b1f-8a9f-4041-b3c6-9a249591104b.jpg,marbled,rock|nature
d0586085-0655-41c5-951a-82fc6dc26c36,images/d0586085-0655-41c5-951a-82fc6dc26c36.jpg,marbled,rock|nature
e4164d52-3ce2-4781-a675-80a686dae85d,images/e4164d52-3ce2-4781-a675-80a686dae85d.jpg,honeycombed,plastic
2c3d72a2-405c-4861-8cee-88a5d5e11a2b,images/2c3d72a2-405c-4861-8cee-88a5d5e11a2b.jpg,scaly,animal
e6918003-0e56-49d9-a841-094e496e3010,images/e6918003-0e56-49d9-a841-094e496e3010.jpg,matted,nature
4141f802-b577-470d-be2f-eb751ce8d071,images/4141f802-b577-470d-be2f-eb751ce8d071.jpg,wrinkled,paper
901429c8-e7b8-49cf-8632-3a8416bac017,images/901429c8-e7b8-49cf-8632-3a8416bac017.jpg,polka-dotted,clothing
a6fd1b5d-3298-42ff-ab7a-443b78fac020,images/a6fd1b5d-3298-42ff-ab7a-443b78fac020.jpg,cobwebbed,nature|animal
7bdabd43-5322-4382-9f39-5ad0529d46b3,images/7bdabd43-5322-4382-9f39-5ad0529d46b3.jpg,bumpy,concrete
a2d70dd2-049e-4a2c-a5f2-46c3c6dbd713,images/a2d70dd2-049e-4a2c-a5f2-46c3c6dbd713.jpg,waffled,food
093438e5-c9e2-49eb-b534-2c75b3350a3f,images/093438e5-c9e2-49eb-b534-2c75b3350a3f.jpg,bubbly,nature|food|liquid
5c015a42-6387-4ea0-8e25-87a54c066b43,images/5c015a42-6387-4ea0-8e25-87a54c066b43.jpg,meshed,fabric
a9f1e932-0924-4000-8a31-b08f42745538,images/a9f1e932-0924-4000-8a31-b08f42745538.jpg,bumpy,nature|food
7502b3e9-fbb1-4a95-9f91-2b9f57023307,images/7502b3e9-fbb1-4a95-9f91-2b9f57023307.jpg,freckled,human
3e721384-342d-47be-9d42-f0e11984e22c,images/3e721384-342d-47be-9d42-f0e11984e22c.jpg,cracked,glass
66740cf1-f6cb-45bb-9c9c-afbcba17ee78,images/66740cf1-f6cb-45bb-9c9c-afbcba17ee78.jpg,pitted,wood|painting
dcb03822-b755-4a0d-8b88-8ae9629aa21f,images/dcb03822-b755-4a0d-8b88-8ae9629aa21f.jpg,polka-dotted,home_furnishing|clothing
5b4dbd3f-cf41-41b7-a94a-3679b150df55,images/5b4dbd3f-cf41-41b7-a94a-3679b150df55.jpg,lined,paper
24d7f174-48e9-4eca-b2a5-ed41fbe6cb7a,images/24d7f174-48e9-4eca-b2a5-ed41fbe6cb7a.jpg,meshed,fabric
53b999c7-c355-432f-9a76-a3d0e72a4c79,images/53b999c7-c355-432f-9a76-a3d0e72a4c79.jpg,polka-dotted,home_furnishing|clothing
a7379c10-5c6c-4667-8c1c-29ff7627082a,images/a7379c10-5c6c-4667-8c1c-29ff7627082a.jpg,cracked,nature
af0f14dd-f3c9-4811-9619-eeab07f071e0,images/af0f14dd-f3c9-4811-9619-eeab07f071e0.jpg,bumpy,food
75314aa4-225b-4c6e-8b72-0e1ccef820e5,images/75314aa4-225b-4c6e-8b72-0e1ccef820e5.jpg,polka-dotted,wallpaper|painting
cd10e865-d1e8-4122-9a42-b2380baf0f16,images/cd10e865-d1e8-4122-9a42-b2380baf0f16.jpg,stratified,rock|nature
edfe8a0a-a0d1-49eb-9ffe-04632c081319,images/edfe8a0a-a0d1-49eb-9ffe-04632c081319.jpg,interlaced,clothing|home_furnishing
24401323-0593-43d2-9d5d-51f9bff8e945,images/24401323-0593-43d2-9d5d-51f9bff8e945.jpg,bubbly,nature|liquid
79944702-6599-4a46-9497-700df7d29729,images/79944702-6599-4a46-9497-700df7d29729.jpg,crystalline,nature|rock
4e556315-b5dc-4d62-86d3-836bc3717532,images/4e556315-b5dc-4d62-86d3-836bc3717532.jpg,striped,food
68afe86b-46e8-43f2-bfc9-961784a33f75,images/68afe86b-46e8-43f2-bfc9-961784a33f75.jpg,grooved,wood
552c2c50-b187-4211-a1a8-52dd8af6d7fd,images/552c2c50-b187-4211-a1a8-52dd8af6d7fd.jpg,porous,rock
dbf8f29a-add0-45ca-8a32-a4ef9aea7dde,images/dbf8f29a-add0-45ca-8a32-a4ef9aea7dde.jpg,bumpy,clothing|home_furnishing
228547e9-de51-46d3-a5a0-4e633a7db41f,images/228547e9-de51-46d3-a5a0-4e633a7db41f.jpg,smeared,painting|wallpaper
8869a524-4d49-4c16-9f96-df827e0338e3,images/8869a524-4d49-4c16-9f96-df827e0338e3.jpg,crosshatched,clothing|home_furnishing
b987d1b6-58bb-40e0-8f1f-51b9a3a2c08b,images/b987d1b6-58bb-40e0-8f1f-51b9a3a2c08b.jpg,lined,clothing|home_furnishing
6260753e-3d5f-4191-b23f-b793ae6930bd,images/6260753e-3d5f-4191-b23f-b793ae6930bd.jpg,studded,home_furnishing|clothing
c7243955-4a0a-45a6-a561-75e238bade9c,images/c7243955-4a0a-45a6-a561-75e238bade9c.jpg,stained,plastic
fd97b548-416d-465a-8ac2-464273aad104,images/fd97b548-416d-465a-8ac2-464273aad104.jpg,honeycombed,plastic
73874a8e-f96d-43ac-a11d-3639be8a10b8,images/73874a8e-f96d-43ac-a11d-3639be8a10b8.jpg,braided,man_made|food
0d4c4780-20ee-458c-84c1-2c16fc5f576c,images/0d4c4780-20ee-458c-84c1-2c16fc5f576c.jpg,smeared,painting|wallpaper
595c26cb-5e79-49c2-9aa7-3c02a5f6655c,images/595c26cb-5e79-49c2-9aa7-3c02a5f6655c.jpg,scaly,animal
d7700cdf-5eaa-46f3-84c1-6416804d4678,images/d7700cdf-5eaa-46f3-84c1-6416804d4678.jpg,porous,rock
ac52b0ae-7500-479c-be31-f4406378d83f,images/ac52b0ae-7500-479c-be31-f4406378d83f.jpg,waffled,food
8b78a43d-d532-4b08-aa5c-6297dbf9aef4,images/8b78a43d-d532-4b08-aa5c-6297dbf9aef4.jpg,chequered,clothing|home_furnishing|fabric
17aee516-1542-4934-bf71-5e8873023b2c,images/17aee516-1542-4934-bf71-5e8873023b2c.jpg,pleated,home_furnishing
2f445916-0ed0-4aba-9fba-d2722ddbaa0c,images/2f445916-0ed0-4aba-9fba-d2722ddbaa0c.jpg,flecked,nature|rock
e35f65d2-6499-4d79-95c2-c052243f75c6,images/e35f65d2-6499-4d79-95c2-c052243f75c6.jpg,spiralled,metal
ea4b91e7-1a2b-4105-8ee6-f91fe7302f7a,images/ea4b91e7-1a2b-4105-8ee6-f91fe7302f7a.jpg,chequered,clothing|home_furnishing|fabric
66ffd64c-00b3-414c-9f31-f12ec72f5ca5,images/66ffd64c-00b3-414c-9f31-f12ec72f5ca5.jpg,banded,fabric|clothing|wallpaper
2e00759e-91a2-4513-9905-af8dbc49ff8f,images/2e00759e-91a2-4513-9905-af8dbc49ff8f.jpg,flecked,nature|rock
4d4a1ec4-b15c-499b-97a8-c44cf74250d1,images/4d4a1ec4-b15c-499b-97a8-c44cf74250d1.jpg,bumpy,nature|food
10d54143-4f9c-4b1b-97c3-6d0566f85e2d,images/10d54143-4f9c-4b1b-97c3-6d0566f85e2d.jpg,banded,fabric|clothing
c46bcd33-926e-4598-9601-bec574ffd938,images/c46bcd33-926e-4598-9601-bec574ffd938.jpg,scaly,animal
141cecd2-336f-429f-a677-efa8a702d177,images/141cecd2-336f-429f-a677-efa8a702d177.jpg,woven,home_furnishing|clothing|fabric
1b8d66fe-8147-4cf5-b72b-568d42bdd289,images/1b8d66fe-8147-4cf5-b72b-568d42bdd289.jpg,braided,fabric|home_furnishing
3d5d8050-bfd6-4f1b-aa44-84092dd3e710,images/3d5d8050-bfd6-4f1b-aa44-84092dd3e710.jpg,freckled,human
c5bc41f3-4a9d-4685-bc99-86204ded08a9,images/c5bc41f3-4a9d-4685-bc99-86204ded08a9.jpg,potholed,concrete
b985e87e-98ce-4fb6-baac-d5b88087ed59,images/b985e87e-98ce-4fb6-baac-d5b88087ed59.jpg,striped,animal
2d7bbb35-f51c-48a0-aa26-6ee47308e0dc,images/2d7bbb35-f51c-48a0-aa26-6ee47308e0dc.jpg,spiralled,wallpaper
e6dfefe7-ffc7-40ab-ba51-0965ace260cf,images/e6dfefe7-ffc7-40ab-ba51-0965ace260cf.jpg,fibrous,nature|tree
d433156f-702a-4671-99ea-d3b9cb1f2b2d,images/d433156f-702a-4671-99ea-d3b9cb1f2b2d.jpg,polka-dotted,home_furnishing|clothing
3d535176-07a9-4e9c-adae-a98beec5bf0c,images/3d535176-07a9-4e9c-adae-a98beec5bf0c.jpg,scaly,animal
6e2f74cc-5d31-4a60-8ba9-0bb767591451,images/6e2f74cc-5d31-4a60-8ba9-0bb767591451.jpg,stained,painting|wallpaper
2d6357a4-d903-4efe-a4d8-e850d5160bd8,images/2d6357a4-d903-4efe-a4d8-e850d5160bd8.jpg,scaly,animal
9609e9e2-9d6e-4e50-8662-422d5c2d6893,images/9609e9e2-9d6e-4e50-8662-422d5c2d6893.jpg,lined,clothing|home_furnishing
a7c10023-b9df-4616-9706-1de66aeda991,images/a7c10023-b9df-4616-9706-1de66aeda991.jpg,zigzagged,painting|wall
8ffe6e9a-8664-47ff-b6b1-cb834d64582e,images/8ffe6e9a-8664-47ff-b6b1-cb834d64582e.jpg,swirly,food
7c20ddbf-dc74-4cf4-bb75-d25cb8f235d0,images/7c20ddbf-dc74-4cf4-bb75-d25cb8f235d0.jpg,blotchy,painting|wallpaper
997e146b-b9ef-4d73-92b9-6e37beefd2f6,images/997e146b-b9ef-4d73-92b9-6e37beefd2f6.jpg,flecked,clothing
8cff9220-3758-4d05-b0aa-fa5b83812292,images/8cff9220-3758-4d05-b0aa-fa5b83812292.jpg,zigzagged,home_furnishing|clothing|fabric
c23700ca-f35f-4b02-81f1-3633004e9ac9,images/c23700ca-f35f-4b02-81f1-3633004e9ac9.jpg,fibrous,home_furnishing
7e771ca9-c9f9-4111-81bb-b187878075b9,images/7e771ca9-c9f9-4111-81bb-b187878075b9.jpg,frilly,nature|food
59290604-85be-4089-83ba-3d2922a92b5b,images/59290604-85be-4089-83ba-3d2922a92b5b.jpg,stained,home_furnishing|clothing
725ba7e8-2378-4a43-a6e3-437371e318d0,images/725ba7e8-2378-4a43-a6e3-437371e318d0.jpg,flecked,clothing|fabric
49a4310d-4474-4b38-9963-80a67e5c20b0,images/49a4310d-4474-4b38-9963-80a67e5c20b0.jpg,woven,home_furnishing|clothing|fabric
498f3ddd-0324-4be0-ba61-8628f14e7215,images/498f3ddd-0324-4be0-ba61-8628f14e7215.jpg,crosshatched,clothing|home_furnishing|fabric
74273523-8ab9-4e9e-9980-b9b9c08c6d62,images/74273523-8ab9-4e9e-9980-b9b9c08c6d62.jpg,cracked,nature|wood
c11b55c0-7bff-4051-9b52-2bcc96f22921,images/c11b55c0-7bff-4051-9b52-2bcc96f22921.jpg,spiralled,nature|tree
fb927544-1c86-4ac5-9052-ed5eeb76bb5c,images/fb927544-1c86-4ac5-9052-ed5eeb76bb5c.jpg,stained,paper|painting
619f363f-5340-4f10-a7e2-b1f2e15d53d4,images/619f363f-5340-4f10-a7e2-b1f2e15d53d4.jpg,stained,painting|wallpaper
9f49093e-e4d1-418c-88b1-4bded227ffd7,images/9f49093e-e4d1-418c-88b1-4bded227ffd7.jpg,bumpy,nature|food
b31ba399-bf70-4bb7-ac98-84194898930e,images/b31ba399-bf70-4bb7-ac98-84194898930e.jpg,lined,paper
5ea3c803-4046-48be-b221-793601246eb1,images/5ea3c803-4046-48be-b221-793601246eb1.jpg,veined,plastic|home_furnishing
4b94052c-ec89-4fa9-824a-48e123a90e4c,images/4b94052c-ec89-4fa9-824a-48e123a90e4c.jpg,porous,home_furnishing|rock
ae713d5f-041d-492b-995e-af86029eab4e,images/ae713d5f-041d-492b-995e-af86029eab4e.jpg,paisley,home_furnishing|clothing
1ac752c0-53df-4d06-a1a2-9976cfa22eba,images/1ac752c0-53df-4d06-a1a2-9976cfa22eba.jpg,matted,home_furnishing
c6a708d9-c074-40df-8c54-7dfd8f149d85,images/c6a708d9-c074-40df-8c54-7dfd8f149d85.jpg,meshed,metal
e62e14b5-bfed-450c-9873-b8bee31cf635,images/e62e14b5-bfed-450c-9873-b8bee31cf635.jpg,braided,fabric|home_furnishing
7192c6d9-b830-4e54-81ca-205ad311f138,images/7192c6d9-b830-4e54-81ca-205ad311f138.jpg,stratified,rock|nature
1d9ee8c1-efda-4b2e-ad49-477909633186,images/1d9ee8c1-efda-4b2e-ad49-477909633186.jpg,spiralled,painting|wallpaper
ea4e1ccf-e7b4-4eba-92a3-e324d0363424,images/ea4e1ccf-e7b4-4eba-92a3-e324d0363424.jpg,cobwebbed,wallpaper|painting
8b518f3d-efe2-4a83-8bf0-66a002cbd5f9,images/8b518f3d-efe2-4a83-8bf0-66a002cbd5f9.jpg,gauzy,home_furnishing
c2085cd5-1dae-401c-b93a-8d3135e5056f,images/c2085cd5-1dae-401c-b93a-8d3135e5056f.jpg,blotchy,nature|food
a50276ab-071f-4be6-b5e8-629d1cc3dae7,images/a50276ab-071f-4be6-b5e8-629d1cc3dae7.jpg,perforated,plastic
1c5b8742-43fa-45af-af55-d0af7ee9c310,images/1c5b8742-43fa-45af-af55-d0af7ee9c310.jpg,matted,nature
7d8804f0-14bd-4505-abca-80807f10999b,images/7d8804f0-14bd-4505-abca-80807f10999b.jpg,meshed,metal
c9084c11-b27a-4722-b27c-4441684e69cc,images/c9084c11-b27a-4722-b27c-4441684e69cc.jpg,smeared,human|painting
050c5bb6-3099-40a3-831a-8043fa80d0fd,images/050c5bb6-3099-40a3-831a-8043fa80d0fd.jpg,scaly,home_furnishing|clothing
a7db2390-7a0e-4a93-afd0-6c49dc14a4e1,images/a7db2390-7a0e-4a93-afd0-6c49dc14a4e1.jpg,flecked,clothing|fabric
1dad3e0c-b787-4e5c-9e49-cb8b5cb40aed,images/1dad3e0c-b787-4e5c-9e49-cb8b5cb40aed.jpg,meshed,home_furnishing|fabric
855e265f-4330-4828-bdbc-284524f78139,images/855e265f-4330-4828-bdbc-284524f78139.jpg,cobwebbed,nature|ice
7173c401-e511-44d0-bf5a-29f233dda579,images/7173c401-e511-44d0-bf5a-29f233dda579.jpg,braided,fabric|home_furnishing
24647224-fc5e-430c-8fb0-d921e1b75dc1,images/24647224-fc5e-430c-8fb0-d921e1b75dc1.jpg,blotchy,painting|wallpaper
88d7d070-e49a-4847-aff1-f20fa4fe9446,images/88d7d070-e49a-4847-aff1-f20fa4fe9446.jpg,wrinkled,animal
fd39b5e0-023e-4ceb-b52c-be8df91ed7be,images/fd39b5e0-023e-4ceb-b52c-be8df91ed7be.jpg,pleated,home_furnishing|paper
9f46f9ad-5d67-4963-a93c-fe1b0e926efa,images/9f46f9ad-5d67-4963-a93c-fe1b0e926efa.jpg,zigzagged,home_furnishing|clothing
61898d3b-977e-411f-b8a3-e5fbccf2a71d,images/61898d3b-977e-411f-b8a3-e5fbccf2a71d.jpg,porous,concrete
c9e37425-0977-41b6-b66f-956e117593ac,images/c9e37425-0977-41b6-b66f-956e117593ac.jpg,paisley,home_furnishing|clothing
a1d8b1b3-929e-4048-a483-613a9532e554,images/a1d8b1b3-929e-4048-a483-613a9532e554.jpg,grooved,nature
03ecdae9-f463-4c01-be16-7a4ee9141dec,images/03ecdae9-f463-4c01-be16-7a4ee9141dec.jpg,bumpy,nature
3bcc8c3c-832f-4f33-a4a6-bf4327dd5fae,images/3bcc8c3c-832f-4f33-a4a6-bf4327dd5fae.jpg,zigzagged,painting|wall
c104b94e-477d-4416-869c-41ac6a0eb407,images/c104b94e-477d-4416-869c-41ac6a0eb407.jpg,crosshatched,painting|wallpaper
d212a131-d7bb-4dba-ab29-6c7234be7316,images/d212a131-d7bb-4dba-ab29-6c7234be7316.jpg,sprinkled,painting|wallpaper
594132e9-f2a1-492e-8d03-2453cdc2a9ca,images/594132e9-f2a1-492e-8d03-2453cdc2a9ca.jpg,fibrous,home_furnishing|wood
918d1818-71e7-4e77-9016-b3898784e4ec,images/918d1818-71e7-4e77-9016-b3898784e4ec.jpg,knitted,clothing|home_furnishing|fabric
9b0df8e3-6fb4-4089-9fad-208af5e0ebda,images/9b0df8e3-6fb4-4089-9fad-208af5e0ebda.jpg,freckled,human
6cf65eab-e22a-4fed-9b0e-b336758944ce,images/6cf65eab-e22a-4fed-9b0e-b336758944ce.jpg,knitted,clothing|home_furnishing|fabric
172ec23b-e7b2-43bb-aa98-1be129949cbd,images/172ec23b-e7b2-43bb-aa98-1be129949cbd.jpg,marbled,rock|nature
c003a206-47ca-4297-b0c6-a143490de4ab,images/c003a206-47ca-4297-b0c6-a143490de4ab.jpg,paisley,home_furnishing|clothing
571a5c7d-c1d8-4696-aaf7-230c8273dc38,images/571a5c7d-c1d8-4696-aaf7-230c8273dc38.jpg,frilly,nature
c2466c63-b29a-460f-95b3-17738e233198,images/c2466c63-b29a-460f-95b3-17738e233198.jpg,zigzagged,concrete|rock
2381233d-42d3-46d4-885b-5ad349212356,images/2381233d-42d3-46d4-885b-5ad349212356.jpg,cracked,nature
401956fa-7df6-4c75-9eaa-a64e37a4a067,images/401956fa-7df6-4c75-9eaa-a64e37a4a067.jpg,bumpy,rubber
a09be37d-84b1-4926-a3ea-80f5dcac9264,images/a09be37d-84b1-4926-a3ea-80f5dcac9264.jpg,studded,home_furnishing|clothing
8a978e4e-6db4-4bf1-a714-723d41a5df43,images/8a978e4e-6db4-4bf1-a714-723d41a5df43.jpg,banded,fabric|clothing
6c831208-ccc7-45bc-ac0a-ea62f152a2a7,images/6c831208-ccc7-45bc-ac0a-ea62f152a2a7.jpg,blotchy,painting|wallpaper
f55c5b3e-2f00-40a0-ac4a-649e3de597cc,images/f55c5b3e-2f00-40a0-ac4a-649e3de597cc.jpg,gauzy,home_furnishing|clothing
23fa3568-46b0-40bd-95d8-17d81e5ef8b4,images/23fa3568-46b0-40bd-95d8-17d81e5ef8b4.jpg,zigzagged,painting|wall
e4806f71-ba4c-41c8-a447-ac84a504390b,images/e4806f71-ba4c-41c8-a447-ac84a504390b.jpg,freckled,clothing|home_furnishing
7a8e5bc6-dcdd-44ec-98ea-a4ddb4407b02,images/7a8e5bc6-dcdd-44ec-98ea-a4ddb4407b02.jpg,flecked,concrete|rock
f616c5a2-6068-4267-b063-04b6c48e980c,images/f616c5a2-6068-4267-b063-04b6c48e980c.jpg,honeycombed,metal
2778c966-807f-4d55-83a7-5ab1b74afb8f,images/2778c966-807f-4d55-83a7-5ab1b74afb8f.jpg,porous,home_furnishing
ecbe8475-207b-4200-b7d3-f64d07184b13,images/ecbe8475-207b-4200-b7d3-f64d07184b13.jpg,bubbly,painting|wallpaper
7c3fe72a-bfca-47a9-82a8-342e0fdd72be,images/7c3fe72a-bfca-47a9-82a8-342e0fdd72be.jpg,zigzagged,clothing
57bf8fad-fae0-4ac7-8dba-16f49149968e,images/57bf8fad-fae0-4ac7-8dba-16f49149968e.jpg,sprinkled,painting|wallpaper
6563d181-e900-4728-b51f-39fb6cf507bf,images/6563d181-e900-4728-b51f-39fb6cf507bf.jpg,lacelike,home_furnishing
9d3127b3-dcb3-481b-a34a-06fed45837f8,images/9d3127b3-dcb3-481b-a34a-06fed45837f8.jpg,knitted,clothing|home_furnishing|fabric
dac22948-0482-4aaf-bdf0-f631a4cb7d2e,images/dac22948-0482-4aaf-bdf0-f631a4cb7d2e.jpg,pleated,home_furnishing|clothing
7b03aaca-46d3-4060-8f34-95d49cf4654d,images/7b03aaca-46d3-4060-8f34-95d49cf4654d.jpg,marbled,rock|nature
3488ae5c-b478-4147-8f97-3a90da6fdc99,images/3488ae5c-b478-4147-8f97-3a90da6fdc99.jpg,bubbly,nature|liquid
f5e83d02-6c83-4a37-b442-e03791eebab3,images/f5e83d02-6c83-4a37-b442-e03791eebab3.jpg,bumpy,nature
ad4ee797-a985-4171-86ff-8ef38d4a9e8b,images/ad4ee797-a985-4171-86ff-8ef38d4a9e8b.jpg,grooved,wood
91a8d297-0fa9-4bb2-9374-c0cf8c072b27,images/91a8d297-0fa9-4bb2-9374-c0cf8c072b27.jpg,potholed,concrete
c5de587e-c436-4bfc-89c6-85d3a807198a,images/c5de587e-c436-4bfc-89c6-85d3a807198a.jpg,swirly,painting|wallpaper
8e1d75b8-2ded-421e-8a67-cfe8e960b22a,images/8e1d75b8-2ded-421e-8a67-cfe8e960b22a.jpg,freckled,human
d071a651-e15f-4be7-9c96-015e256afbba,images/d071a651-e15f-4be7-9c96-015e256afbba.jpg,sprinkled,painting|wallpaper
a3d6e1ab-dda5-4e32-869e-651f439b6c89,images/a3d6e1ab-dda5-4e32-869e-651f439b6c89.jpg,bumpy,food
016382bd-56ad-4315-abf9-8b11eb76c972,images/016382bd-56ad-4315-abf9-8b11eb76c972.jpg,scaly,animal
1fcafa6a-7c27-480f-822f-37fbe8b648f1,images/1fcafa6a-7c27-480f-822f-37fbe8b648f1.jpg,pitted,rock|nature
789f7452-f0cc-45e0-82d6-a28a8e31c6bf,images/789f7452-f0cc-45e0-82d6-a28a8e31c6bf.jpg,honeycombed,plastic|metal
a115800d-7836-4ae9-81c1-f151171d5b81,images/a115800d-7836-4ae9-81c1-f151171d5b81.jpg,grid,wallpaper|painting
ed458afa-99d3-49f5-b3ce-9340eb8a75f4,images/ed458afa-99d3-49f5-b3ce-9340eb8a75f4.jpg,stratified,rock|nature
7d271d27-f021-42cf-b485-2ff9b5bf2acf,images/7d271d27-f021-42cf-b485-2ff9b5bf2acf.jpg,woven,home_furnishing|wood
ec73a872-33c6-4f94-b3c9-309677f5737e,images/ec73a872-33c6-4f94-b3c9-309677f5737e.jpg,meshed,metal
443b04fb-8417-4e74-b52f-20dd83a694ab,images/443b04fb-8417-4e74-b52f-20dd83a694ab.jpg,flecked,clothing
69d0604d-5638-429f-8ab8-d40414caca19,images/69d0604d-5638-429f-8ab8-d40414caca19.jpg,knitted,clothing|home_furnishing|fabric
e97c2850-8b3b-4cbc-8891-7109020f9890,images/e97c2850-8b3b-4cbc-8891-7109020f9890.jpg,freckled,human
046d74df-6b2d-4913-99a1-ff4eee9922a2,images/046d74df-6b2d-4913-99a1-ff4eee9922a2.jpg,cobwebbed,nature|ice
5c3f058b-e009-4a42-b5e0-c41e6d297343,images/5c3f058b-e009-4a42-b5e0-c41e6d297343.jpg,zigzagged,home_furnishing|clothing
ddc83caf-2d82-44d3-920b-3fe3f6b909b9,images/ddc83caf-2d82-44d3-920b-3fe3f6b909b9.jpg,fibrous,nature|tree
ab83e73b-f1f3-4bc6-a2e6-b67a84d52bd2,images/ab83e73b-f1f3-4bc6-a2e6-b67a84d52bd2.jpg,bumpy,food|nature
1947e340-9b3e-48b7-b253-a63082e6dd79,images/1947e340-9b3e-48b7-b253-a63082e6dd79.jpg,paisley,home_furnishing
89be2a46-7720-46c2-a236-d15fe89aa812,images/89be2a46-7720-46c2-a236-d15fe89aa812.jpg,stratified,rock|nature
98f11b46-c151-43b3-83d1-26710e175df5,images/98f11b46-c151-43b3-83d1-26710e175df5.jpg,veined,nature
50ed1d0c-1748-456e-9a58-65a952d54b7c,images/50ed1d0c-1748-456e-9a58-65a952d54b7c.jpg,bubbly,nature|liquid
ff9bf6e2-da33-4112-9242-ecb8407da95d,images/ff9bf6e2-da33-4112-9242-ecb8407da95d.jpg,pitted,wall
2f34aadb-5280-437d-9fda-937f470b10ec,images/2f34aadb-5280-437d-9fda-937f470b10ec.jpg,blotchy,photography|painting
ad2ffbee-36a6-471f-8128-a6f2b911a0c4,images/ad2ffbee-36a6-471f-8128-a6f2b911a0c4.jpg,honeycombed,metal
5a8ef4c8-902c-41fe-9969-fb73b969a0db,images/5a8ef4c8-902c-41fe-9969-fb73b969a0db.jpg,grid,wallpaper|painting
8a2d3289-599d-4a64-b917-89b85f956982,images/8a2d3289-599d-4a64-b917-89b85f956982.jpg,bumpy,home_furnishing
0dc4b153-fde7-4444-bccc-c9badfd3d19e,images/0dc4b153-fde7-4444-bccc-c9badfd3d19e.jpg,dotted,clothing|home_furnishing
9f672a72-7c63-41b8-a479-3f5141cb33bc,images/9f672a72-7c63-41b8-a479-3f5141cb33bc.jpg,studded,home_furnishing|clothing
9ad100af-ec4c-479f-97e0-637dcf19ff19,images/9ad100af-ec4c-479f-97e0-637dcf19ff19.jpg,sprinkled,food
e3436e4f-a4fe-482a-b2ad-4c112f0bd361,images/e3436e4f-a4fe-482a-b2ad-4c112f0bd361.jpg,gauzy,home_furnishing|clothing
6c3c31e3-b445-43f9-86b4-6de526690fbb,images/6c3c31e3-b445-43f9-86b4-6de526690fbb.jpg,interlaced,painting|wallpaper
232da1d9-9d8f-415a-bec4-fada6647698b,images/232da1d9-9d8f-415a-bec4-fada6647698b.jpg,waffled,metal
c2376353-e1cf-4e7e-8e75-1f60fba22ddc,images/c2376353-e1cf-4e7e-8e75-1f60fba22ddc.jpg,sprinkled,wallpaper
aaab03ad-dd84-4408-af0c-73c66af521fe,images/aaab03ad-dd84-4408-af0c-73c66af521fe.jpg,honeycombed,wood
48b52731-ed3c-4a4f-8b73-073ec1f31cc0,images/48b52731-ed3c-4a4f-8b73-073ec1f31cc0.jpg,honeycombed,plastic
09437429-a593-4f61-a662-99fd7896330b,images/09437429-a593-4f61-a662-99fd7896330b.jpg,porous,concrete
aa69b2be-17e1-439e-941a-1a2329fba39a,images/aa69b2be-17e1-439e-941a-1a2329fba39a.jpg,lined,clothing|home_furnishing
949857a4-a77b-4edd-be65-41f0be5b28ad,images/949857a4-a77b-4edd-be65-41f0be5b28ad.jpg,porous,concrete
0127b371-b37e-4c59-86bc-c7341e5670c6,images/0127b371-b37e-4c59-86bc-c7341e5670c6.jpg,stratified,rock|nature
2e12b9c0-7353-477e-bf99-3584bb226417,images/2e12b9c0-7353-477e-bf99-3584bb226417.jpg,spiralled,painting|wallpaper
ce47beef-369a-42a2-a165-d9147035a5a7,images/ce47beef-369a-42a2-a165-d9147035a5a7.jpg,blotchy,painting|wallpaper
46340319-0946-4b7f-b27d-e5ff8fbe5012,images/46340319-0946-4b7f-b27d-e5ff8fbe5012.jpg,woven,home_furnishing|wood
c59d1df1-293b-417f-8099-35e29be90590,images/c59d1df1-293b-417f-8099-35e29be90590.jpg,matted,nature
ce8131f2-04dd-4ba5-8a3b-9de51df5e15f,images/ce8131f2-04dd-4ba5-8a3b-9de51df5e15f.jpg,lacelike,home_furnishing
8bc4fa09-f975-44ac-9b19-0fe916c8a5e9,images/8bc4fa09-f975-44ac-9b19-0fe916c8a5e9.jpg,waffled,food
5a41287a-5957-4102-9079-88dfb3b0df06,images/5a41287a-5957-4102-9079-88dfb3b0df06.jpg,perforated,metal
9d11f112-c32a-43ea-99ae-f14ad957dadd,images/9d11f112-c32a-43ea-99ae-f14ad957dadd.jpg,marbled,rock|nature
376dda85-e252-4d96-89e5-84971f462a14,images/376dda85-e252-4d96-89e5-84971f462a14.jpg,polka-dotted,home_furnishing|clothing
6e47fde5-e7df-49f5-8207-517c160152b1,images/6e47fde5-e7df-49f5-8207-517c160152b1.jpg,perforated,metal
f21a0493-c9bc-4d6f-b2ce-dbb9cf5d89b8,images/f21a0493-c9bc-4d6f-b2ce-dbb9cf5d89b8.jpg,banded,fabric|clothing
d4ddf8c8-ae33-4c55-adb5-ec98de8b8280,images/d4ddf8c8-ae33-4c55-adb5-ec98de8b8280.jpg,matted,nature
f02a2e92-dc44-4f17-912a-b6b0a29625eb,images/f02a2e92-dc44-4f17-912a-b6b0a29625eb.jpg,grid,metal
4a6cbf0f-5c94-41c4-9144-175248cacfd1,images/4a6cbf0f-5c94-41c4-9144-175248cacfd1.jpg,cracked,glass
3f173e94-43ec-4529-b163-e118eab41b84,images/3f173e94-43ec-4529-b163-e118eab41b84.jpg,sprinkled,food
4e10b9fc-5741-4038-ad7a-156390d793a0,images/4e10b9fc-5741-4038-ad7a-156390d793a0.jpg,chequered,home_furnishing|fabric
662ca1b9-edbb-49b2-ad4d-be9c2dd655b6,images/662ca1b9-edbb-49b2-ad4d-be9c2dd655b6.jpg,smeared,painting|wallpaper
e77fe1ad-01de-4aa7-b62a-47581b6f921b,images/e77fe1ad-01de-4aa7-b62a-47581b6f921b.jpg,bumpy,rubber
01d60572-c8e9-4d31-9d6c-c96ef8fd131b,images/01d60572-c8e9-4d31-9d6c-c96ef8fd131b.jpg,meshed,metal
b8accd93-f7b9-4c27-bb04-dd029cf2a0e3,images/b8accd93-f7b9-4c27-bb04-dd029cf2a0e3.jpg,zigzagged,home_furnishing|clothing
59c632b2-bf08-47c3-a241-8e3386b52146,images/59c632b2-bf08-47c3-a241-8e3386b52146.jpg,chequered,home_furnishing|fabric|clothing
3e083a82-806e-47dd-8122-9549ce1e54f0,images/3e083a82-806e-47dd-8122-9549ce1e54f0.jpg,lacelike,home_furnishing
4c81873c-bcf2-441e-8920-7dfe227e8321,images/4c81873c-bcf2-441e-8920-7dfe227e8321.jpg,chequered,wallpaper|painting
b1a7de3d-301d-41a3-820b-caadae98a566,images/b1a7de3d-301d-41a3-820b-caadae98a566.jpg,dotted,clothing|home_furnishing
2836c639-d4ed-4e1a-a22d-ef7da9d81c90,images/2836c639-d4ed-4e1a-a22d-ef7da9d81c90.jpg,meshed,fabric
6121f9af-d485-4f2f-b33b-da02d7ba7617,images/6121f9af-d485-4f2f-b33b-da02d7ba7617.jpg,swirly,home_furnishing|clothing
f8a4b829-fd11-4fd2-8add-304bcac7920d,images/f8a4b829-fd11-4fd2-8add-304bcac7920d.jpg,bumpy,wood
dfba9806-17d7-4ab0-9824-f1f6368c9c35,images/dfba9806-17d7-4ab0-9824-f1f6368c9c35.jpg,matted,human|hair
04181c8d-bbd3-49d6-8396-cda9793da56f,images/04181c8d-bbd3-49d6-8396-cda9793da56f.jpg,meshed,metal
46d9492c-56dd-4d81-a6d4-46ea0641da33,images/46d9492c-56dd-4d81-a6d4-46ea0641da33.jpg,smeared,painting|wallpaper
db241d19-63ee-4ed0-be0e-2feb4ab5426c,images/db241d19-63ee-4ed0-be0e-2feb4ab5426c.jpg,banded,fabric|clothing|wallpaper
323c523e-416c-4d43-81cb-3262b2395de5,images/323c523e-416c-4d43-81cb-3262b2395de5.jpg,chequered,wallpaper|painting
01a38481-5bf7-43da-972a-e2fb440fb756,images/01a38481-5bf7-43da-972a-e2fb440fb756.jpg,perforated,metal
97e2f706-f01c-48c3-8d45-5a1cb172fe29,images/97e2f706-f01c-48c3-8d45-5a1cb172fe29.jpg,lacelike,home_furnishing
9a5a9eb0-3e28-42bd-8463-5c4999abf0ba,images/9a5a9eb0-3e28-42bd-8463-5c4999abf0ba.jpg,zigzagged,painting|wallpaper
aab84046-bee8-4e3c-b7e7-243a406d36e1,images/aab84046-bee8-4e3c-b7e7-243a406d36e1.jpg,lined,clothing|home_furnishing
a8f33d64-084e-43b8-8a99-6c3102f13a01,images/a8f33d64-084e-43b8-8a99-6c3102f13a01.jpg,banded,fabric|clothing
d1d08fbf-077d-4220-bee0-b59e6a8f3c7c,images/d1d08fbf-077d-4220-bee0-b59e6a8f3c7c.jpg,interlaced,wallpaper|painting
4f0ca24e-4370-4c23-82b0-b2b1377ca0c2,images/4f0ca24e-4370-4c23-82b0-b2b1377ca0c2.jpg,waffled,food
35e2d1ca-6d9e-45ff-a9c0-1026b60992e8,images/35e2d1ca-6d9e-45ff-a9c0-1026b60992e8.jpg,spiralled,metal
e23c441f-2ad6-42b1-ad40-2cc6773c9119,images/e23c441f-2ad6-42b1-ad40-2cc6773c9119.jpg,pitted,rock|nature
700272ff-7da9-4337-bc21-504e08b95dc1,images/700272ff-7da9-4337-bc21-504e08b95dc1.jpg,freckled,nature|food
a433b2f7-b9c2-4358-81de-764e37ce6df2,images/a433b2f7-b9c2-4358-81de-764e37ce6df2.jpg,frilly,nature
bfa76f49-23f5-4b20-a747-32982ecf43eb,images/bfa76f49-23f5-4b20-a747-32982ecf43eb.jpg,waffled,food
c3f91304-9d9a-4e0c-aaea-05706988a9a6,images/c3f91304-9d9a-4e0c-aaea-05706988a9a6.jpg,potholed,rock|nature
67d03c85-94b0-4544-9c0f-f644a7ffdfe7,images/67d03c85-94b0-4544-9c0f-f644a7ffdfe7.jpg,cracked,nature|rock
b9d46dc8-3584-44cf-ad6b-f1b58296ef5d,images/b9d46dc8-3584-44cf-ad6b-f1b58296ef5d.jpg,crystalline,nature|rock
c8e2bcc4-2282-4538-8420-cd1a6d267554,images/c8e2bcc4-2282-4538-8420-cd1a6d267554.jpg,freckled,human
bb1024e7-5425-4ea0-95c4-fb9a05151131,images/bb1024e7-5425-4ea0-95c4-fb9a05151131.jpg,matted,hair
f82de7df-f165-4fa2-b63a-814b0ab7331c,images/f82de7df-f165-4fa2-b63a-814b0ab7331c.jpg,marbled,rock|nature
ea54ff17-dbda-48c9-a41c-07f4416674f3,images/ea54ff17-dbda-48c9-a41c-07f4416674f3.jpg,marbled,rock|nature
b67e73fd-b5e5-4c29-8750-4c8925dd8c60,images/b67e73fd-b5e5-4c29-8750-4c8925dd8c60.jpg,porous,rock|nature
a9b29be2-ef71-4eb9-bf74-349866fbae3c,images/a9b29be2-ef71-4eb9-bf74-349866fbae3c.jpg,gauzy,home_furnishing|clothing|fabric
f941154d-7120-454b-ad8d-93eef476c906,images/f941154d-7120-454b-ad8d-93eef476c906.jpg,bumpy,home_furnishing
4d6f0a03-7b48-4211-9901-afebbf9c32e8,images/4d6f0a03-7b48-4211-9901-afebbf9c32e8.jpg,veined,nature
e17d1fa9-ca5a-4de1-9ea7-47dc949aa169,images/e17d1fa9-ca5a-4de1-9ea7-47dc949aa169.jpg,bubbly,nature|liquid
fd194ac0-8388-41bc-a96e-f82e9f431dbe,images/fd194ac0-8388-41bc-a96e-f82e9f431dbe.jpg,meshed,home_furnishing|plastic
0f1ac8fb-b8be-4ce2-8577-3f9bd062c2a9,images/0f1ac8fb-b8be-4ce2-8577-3f9bd062c2a9.jpg,interlaced,wallpaper|painting
670d0d09-b950-4860-adac-080dd30bdd80,images/670d0d09-b950-4860-adac-080dd30bdd80.jpg,crosshatched,painting|wallpaper
b3364381-fa3f-452a-a16d-a4711abe8078,images/b3364381-fa3f-452a-a16d-a4711abe8078.jpg,grid,wallpaper|painting
726721f9-cc1c-48b9-b9dd-1f607a245d44,images/726721f9-cc1c-48b9-b9dd-1f607a245d44.jpg,knitted,clothing|home_furnishing|fabric
9486f4c0-66da-4612-b14c-76308cbe8b0c,images/9486f4c0-66da-4612-b14c-76308cbe8b0c.jpg,waffled,food
aad792cc-b1ca-47a1-8e3c-4a732429b083,images/aad792cc-b1ca-47a1-8e3c-4a732429b083.jpg,studded,home_furnishing|clothing
fce33e25-bf9a-4179-858a-81093f57d814,images/fce33e25-bf9a-4179-858a-81093f57d814.jpg,chequered,wallpaper|painting
d14c79d0-6764-4497-8452-c696863197ae,images/d14c79d0-6764-4497-8452-c696863197ae.jpg,pleated,home_furnishing
9a8d2991-8b76-4da0-8627-93800639052e,images/9a8d2991-8b76-4da0-8627-93800639052e.jpg,perforated,plastic
fa1a5bec-af94-4506-877a-4007af168f8e,images/fa1a5bec-af94-4506-877a-4007af168f8e.jpg,frilly,clothing|home_furnishing
1578363e-78f7-4b13-9a8b-c7508d51ba2a,images/1578363e-78f7-4b13-9a8b-c7508d51ba2a.jpg,freckled,human
38c110b4-843b-4db1-9b6a-9602a31c06bf,images/38c110b4-843b-4db1-9b6a-9602a31c06bf.jpg,potholed,concrete
187bad7c-f699-43dc-8ef9-7dd669be08b5,images/187bad7c-f699-43dc-8ef9-7dd669be08b5.jpg,fibrous,wood
a7d33bd6-97c2-4a9f-bcbf-fa6abf1ae44d,images/a7d33bd6-97c2-4a9f-bcbf-fa6abf1ae44d.jpg,pitted,wallpaper|painting
c7c53134-61f7-47a3-9bf8-bd50f7a9d912,images/c7c53134-61f7-47a3-9bf8-bd50f7a9d912.jpg,cracked,nature
92c78030-cab4-42e2-ba03-5770bbde72a6,images/92c78030-cab4-42e2-ba03-5770bbde72a6.jpg,freckled,human
73ebfe12-16ef-4134-8b92-cb5614534cd7,images/73ebfe12-16ef-4134-8b92-cb5614534cd7.jpg,frilly,nature
3998da1e-15c9-4fb1-8885-d5b6ac3588dd,images/3998da1e-15c9-4fb1-8885-d5b6ac3588dd.jpg,swirly,painting|wallpaper
f5a92825-0d06-4f25-846c-49a94201ec88,images/f5a92825-0d06-4f25-846c-49a94201ec88.jpg,porous,concrete
ec1dd8d2-f2e6-4aff-80fd-7c08ea2747f3,images/ec1dd8d2-f2e6-4aff-80fd-7c08ea2747f3.jpg,porous,concrete
1d97ff3c-d0ef-4111-94d4-b6669c0b464c,images/1d97ff3c-d0ef-4111-94d4-b6669c0b464c.jpg,honeycombed,nature|food
b89071ed-7519-4cfb-8a0d-09201e2e5c0d,images/b89071ed-7519-4cfb-8a0d-09201e2e5c0d.jpg,crosshatched,painting|wallpaper
50e752b4-0c8c-4612-ab5c-4ded294bc4f5,images/50e752b4-0c8c-4612-ab5c-4ded294bc4f5.jpg,dotted,clothing|home_furnishing
5ed32dc9-7e88-4a4f-969f-dd9873dcfa23,images/5ed32dc9-7e88-4a4f-969f-dd9873dcfa23.jpg,fibrous,nature|tree
e09c02ed-9bc4-46f0-a12d-e6ed7b7543ca,images/e09c02ed-9bc4-46f0-a12d-e6ed7b7543ca.jpg,grid,wallpaper|painting
132d734b-3dd9-4c37-932b-b7479d81a68b,images/132d734b-3dd9-4c37-932b-b7479d81a68b.jpg,freckled,human
1a49c331-3e6a-46b5-b8c3-c257346e63c1,images/1a49c331-3e6a-46b5-b8c3-c257346e63c1.jpg,marbled,rock|nature
13e1ce79-0f82-485d-ba24-8789e001020b,images/13e1ce79-0f82-485d-ba24-8789e001020b.jpg,zigzagged,wood
dff7c2e8-3642-483b-9ed4-89c768880a4a,images/dff7c2e8-3642-483b-9ed4-89c768880a4a.jpg,grid,metal
d7016465-8ffe-4b35-a936-128afdbcf8e6,images/d7016465-8ffe-4b35-a936-128afdbcf8e6.jpg,dotted,clothing|home_furnishing
68a1eb2a-cbdc-4979-922d-ab34345565d2,images/68a1eb2a-cbdc-4979-922d-ab34345565d2.jpg,bubbly,nature|liquid
9022727d-f8d5-41fc-87e4-3ee9d8282089,images/9022727d-f8d5-41fc-87e4-3ee9d8282089.jpg,knitted,clothing|home_furnishing|fabric
51d3f65b-47ce-4e8e-8abc-9454a1a7bec5,images/51d3f65b-47ce-4e8e-8abc-9454a1a7bec5.jpg,potholed,concrete
d721f24a-13f0-4dd6-b1a7-4db3fd931a4b,images/d721f24a-13f0-4dd6-b1a7-4db3fd931a4b.jpg,wrinkled,metal
885898bb-019e-4a35-846d-ba90282ab45c,images/885898bb-019e-4a35-846d-ba90282ab45c.jpg,smeared,nature
4c653f79-5983-42bc-81c5-eeb9d3fe65c3,images/4c653f79-5983-42bc-81c5-eeb9d3fe65c3.jpg,woven,home_furnishing|fabric
f63bf3ed-a623-4b2d-99ec-22fdc4c38c43,images/f63bf3ed-a623-4b2d-99ec-22fdc4c38c43.jpg,pitted,rock|nature
79b89322-c7f0-48c0-afde-694b5d4baf89,images/79b89322-c7f0-48c0-afde-694b5d4baf89.jpg,bumpy,rubber
1adc0b26-3257-4f38-a747-7aaff83bbf47,images/1adc0b26-3257-4f38-a747-7aaff83bbf47.jpg,swirly,home_furnishing|clothing
45cbcf30-1bfb-441d-845b-2da569e87e5f,images/45cbcf30-1bfb-441d-845b-2da569e87e5f.jpg,polka-dotted,home_furnishing|clothing
94f6b9e6-2956-4200-9a89-5dc2f57497c3,images/94f6b9e6-2956-4200-9a89-5dc2f57497c3.jpg,interlaced,wood
7ec041c3-598b-4ae4-aa4e-a95082060471,images/7ec041c3-598b-4ae4-aa4e-a95082060471.jpg,flecked,clothing|fabric
98e5194b-38be-478e-8d93-babd77e64205,images/98e5194b-38be-478e-8d93-babd77e64205.jpg,bumpy,nature|tree
9d49d22c-37b2-48d0-97c6-a326067210cc,images/9d49d22c-37b2-48d0-97c6-a326067210cc.jpg,frilly,nature
43ba3dd3-2baa-451c-a39d-62adeb667f6a,images/43ba3dd3-2baa-451c-a39d-62adeb667f6a.jpg,grooved,wood|painting
cbf7fd71-fe90-4543-8662-18c8f3edb44b,images/cbf7fd71-fe90-4543-8662-18c8f3edb44b.jpg,stained,home_furnishing|clothing
8d488187-6ce4-4a23-aaa7-611ae92f2c24,images/8d488187-6ce4-4a23-aaa7-611ae92f2c24.jpg,marbled,rock|nature
9f0c7aaf-66ac-4aeb-8ef3-df0e00c246a6,images/9f0c7aaf-66ac-4aeb-8ef3-df0e00c246a6.jpg,sprinkled,food
e373d32a-7de5-46e9-9059-9b85058a6318,images/e373d32a-7de5-46e9-9059-9b85058a6318.jpg,pleated,wallpaper|painting
a6134ff2-39f8-4024-aa16-707d2a7554af,images/a6134ff2-39f8-4024-aa16-707d2a7554af.jpg,braided,fabric|metal
8b255f2f-ebf3-4b5a-a1de-732a81c44a4f,images/8b255f2f-ebf3-4b5a-a1de-732a81c44a4f.jpg,grooved,nature
035affb3-9bb2-4e42-9635-ce216ccde3df,images/035affb3-9bb2-4e42-9635-ce216ccde3df.jpg,striped,home_furnishing|clothing|fabric
ada85813-6e1b-49d5-b7bb-a94dc1f5133e,images/ada85813-6e1b-49d5-b7bb-a94dc1f5133e.jpg,cobwebbed,nature|ice
74b1dd9b-3724-4571-96cc-647599e5dd2c,images/74b1dd9b-3724-4571-96cc-647599e5dd2c.jpg,porous,rock
e584f5d1-44e5-4ef9-9a67-ce5588e99594,images/e584f5d1-44e5-4ef9-9a67-ce5588e99594.jpg,polka-dotted,clothing
f1c31a2d-fd80-455c-a0df-260720e71d51,images/f1c31a2d-fd80-455c-a0df-260720e71d51.jpg,meshed,metal
4e7e7e26-0d39-43e9-9379-c76638756373,images/4e7e7e26-0d39-43e9-9379-c76638756373.jpg,braided,human|hair
f1925642-d916-453d-aae5-52f507b7f501,images/f1925642-d916-453d-aae5-52f507b7f501.jpg,grooved,plastic
160f54a4-b4c2-4387-9e6a-73e3978ad7d6,images/160f54a4-b4c2-4387-9e6a-73e3978ad7d6.jpg,knitted,clothing|home_furnishing|fabric
ca6f497c-2042-48fb-8bdc-007b232d6398,images/ca6f497c-2042-48fb-8bdc-007b232d6398.jpg,cracked,nature
9d06eb26-76cc-4463-887b-fba56203c9ca,images/9d06eb26-76cc-4463-887b-fba56203c9ca.jpg,chequered,wallpaper|painting
87e6b0f4-0d61-46a2-a9be-73d8c540ff38,images/87e6b0f4-0d61-46a2-a9be-73d8c540ff38.jpg,lacelike,clothing
a382c67d-7782-4e3d-a600-828393cb6a4a,images/a382c67d-7782-4e3d-a600-828393cb6a4a.jpg,potholed,concrete
80f7161a-d7d2-4a4e-8b7d-e8454d33634c,images/80f7161a-d7d2-4a4e-8b7d-e8454d33634c.jpg,knitted,clothing|home_furnishing|fabric
e69927fa-29ed-40ca-91ae-39b918099460,images/e69927fa-29ed-40ca-91ae-39b918099460.jpg,sprinkled,food
5d954769-445d-40dd-b83f-c736f4e40e04,images/5d954769-445d-40dd-b83f-c736f4e40e04.jpg,meshed,wood
4b1fb2d6-3ace-43e6-9c8e-fec7f21b8c99,images/4b1fb2d6-3ace-43e6-9c8e-fec7f21b8c99.jpg,knitted,clothing|home_furnishing|fabric
5a933341-781e-4f10-870b-1f586add7844,images/5a933341-781e-4f10-870b-1f586add7844.jpg,grooved,concrete
e70cd854-fd08-4c22-9cd9-e03fd10e4c32,images/e70cd854-fd08-4c22-9cd9-e03fd10e4c32.jpg,perforated,plastic
b7bde233-c031-48ab-ba06-4f32c741a8bf,images/b7bde233-c031-48ab-ba06-4f32c741a8bf.jpg,fibrous,home_furnishing
53afc6b8-a59b-4b91-a9ed-a4a7c2e0813a,images/53afc6b8-a59b-4b91-a9ed-a4a7c2e0813a.jpg,swirly,painting|wallpaper
bdba2f1d-5cd4-4c50-bc4f-823287893b68,images/bdba2f1d-5cd4-4c50-bc4f-823287893b68.jpg,banded,fabric|clothing
416d7ba8-640b-4b67-8ae3-80a21ca01103,images/416d7ba8-640b-4b67-8ae3-80a21ca01103.jpg,grid,metal
8779026a-18b9-4405-aff5-73c4eccf4c62,images/8779026a-18b9-4405-aff5-73c4eccf4c62.jpg,studded,home_furnishing|clothing
56734426-b81d-4834-9af7-bce833cfa55f,images/56734426-b81d-4834-9af7-bce833cfa55f.jpg,pitted,wall
f17ab85c-6c11-45ea-933f-e6063ca69e5b,images/f17ab85c-6c11-45ea-933f-e6063ca69e5b.jpg,smeared,painting|wallpaper
91c7b51e-d403-436f-bc82-79a1cfc2e817,images/91c7b51e-d403-436f-bc82-79a1cfc2e817.jpg,smeared,painting|wallpaper
8714cadc-48c6-447d-92e4-beb4c232b104,images/8714cadc-48c6-447d-92e4-beb4c232b104.jpg,paisley,home_furnishing|clothing
c0f4c4f5-98ca-4421-93f5-d58ff3003e5e,images/c0f4c4f5-98ca-4421-93f5-d58ff3003e5e.jpg,perforated,wallpaper|painting
2966a695-d167-4512-8982-df6377ee1efd,images/2966a695-d167-4512-8982-df6377ee1efd.jpg,bubbly,nature|food|liquid
5c7537c9-2467-4ddd-8b70-69e0425a4f76,images/5c7537c9-2467-4ddd-8b70-69e0425a4f76.jpg,matted,hair
37835ad6-25e0-4a6b-8c2a-ec175a9a02b6,images/37835ad6-25e0-4a6b-8c2a-ec175a9a02b6.jpg,scaly,animal
ec71611e-1b09-4457-9056-883f426be92b,images/ec71611e-1b09-4457-9056-883f426be92b.jpg,blotchy,nature|rock
8e17a41d-feac-4a9c-a936-02e9c7e55a79,images/8e17a41d-feac-4a9c-a936-02e9c7e55a79.jpg,veined,nature
047e8b32-6daa-4c8d-9b47-06f7d0c2554c,images/047e8b32-6daa-4c8d-9b47-06f7d0c2554c.jpg,frilly,clothing|home_furnishing
e8b9d9c7-a1e8-4daa-946d-ac6b3ccfa492,images/e8b9d9c7-a1e8-4daa-946d-ac6b3ccfa492.jpg,bumpy,nature|food
575498f3-7156-4ab9-8a20-7acc682ea7fb,images/575498f3-7156-4ab9-8a20-7acc682ea7fb.jpg,scaly,animal
ab1cbbda-ea04-41eb-a9d8-7fac06977da9,images/ab1cbbda-ea04-41eb-a9d8-7fac06977da9.jpg,braided,fabric|clothing
24d91ded-9395-42c7-b66b-9ae5e9ac1b9b,images/24d91ded-9395-42c7-b66b-9ae5e9ac1b9b.jpg,blotchy,painting|wallpaper
618f44db-ccfe-4075-bb87-ba2815f14372,images/618f44db-ccfe-4075-bb87-ba2815f14372.jpg,swirly,home_furnishing|clothing
31a409e2-8c55-4c92-8d4a-d365be5ba1f1,images/31a409e2-8c55-4c92-8d4a-d365be5ba1f1.jpg,waffled,food
cede681a-a268-4d26-a835-d43a6825e315,images/cede681a-a268-4d26-a835-d43a6825e315.jpg,knitted,clothing|home_furnishing|fabric
1d32fbdb-b89a-4a11-893f-761da61fb1b4,images/1d32fbdb-b89a-4a11-893f-761da61fb1b4.jpg,pitted,wall|painting
7773aeb3-9319-484a-ac94-16f5ab157fe4,images/7773aeb3-9319-484a-ac94-16f5ab157fe4.jpg,cobwebbed,nature
01c3dcde-5326-4e25-8015-6011fa1e46d9,images/01c3dcde-5326-4e25-8015-6011fa1e46d9.jpg,stratified,rock|nature
10125edf-6d62-4c07-8f13-c31b71568371,images/10125edf-6d62-4c07-8f13-c31b71568371.jpg,woven,home_furnishing|wood
b0bceb63-a9e9-4565-9608-15c691504d71,images/b0bceb63-a9e9-4565-9608-15c691504d71.jpg,fibrous,nature|tree
1ef1d46b-95db-4d23-b01e-81e6be142582,images/1ef1d46b-95db-4d23-b01e-81e6be142582.jpg,zigzagged,home_furnishing|clothing|fabric
7f3f7b66-b1de-4916-a5c4-fb8b1009dff0,images/7f3f7b66-b1de-4916-a5c4-fb8b1009dff0.jpg,smeared,painting|wallpaper
0e5b8c09-ea52-43e9-a664-8857f9d4a6b5,images/0e5b8c09-ea52-43e9-a664-8857f9d4a6b5.jpg,polka-dotted,home_furnishing|clothing
b98e61a3-543c-4e75-bc10-b379afa8c1c1,images/b98e61a3-543c-4e75-bc10-b379afa8c1c1.jpg,braided,man_made|food
5a1125f7-f405-4440-9df3-b9d0ea514828,images/5a1125f7-f405-4440-9df3-b9d0ea514828.jpg,gauzy,home_furnishing|clothing
aff40350-ed12-4164-b558-49ffe35a0940,images/aff40350-ed12-4164-b558-49ffe35a0940.jpg,waffled,home_furnishing|metal
6480cfb4-edbd-4177-afac-cb9d53471470,images/6480cfb4-edbd-4177-afac-cb9d53471470.jpg,stained,home_furnishing|clothing
7a102f3d-275b-413b-99d6-8e68a2454736,images/7a102f3d-275b-413b-99d6-8e68a2454736.jpg,freckled,human
fe5bc39b-1207-494a-9bed-187d1c1cf914,images/fe5bc39b-1207-494a-9bed-187d1c1cf914.jpg,chequered,rock|concrete
0d571c87-8e5d-4637-908e-28794b57e6dc,images/0d571c87-8e5d-4637-908e-28794b57e6dc.jpg,wrinkled,metal
8b4bf937-d01f-408c-be6e-57c606a0b1e2,images/8b4bf937-d01f-408c-be6e-57c606a0b1e2.jpg,stained,painting|wallpaper
e7b80264-6b0d-41e1-b3a7-244118997523,images/e7b80264-6b0d-41e1-b3a7-244118997523.jpg,banded,fabric|clothing|wallpaper
13b32337-66b7-4f68-be23-54c24cca5839,images/13b32337-66b7-4f68-be23-54c24cca5839.jpg,lacelike,home_furnishing
8300391a-1471-4993-826f-eac77a677a84,images/8300391a-1471-4993-826f-eac77a677a84.jpg,banded,fabric|clothing|wallpaper
52a6a95e-2477-461d-88e7-03654b401a2a,images/52a6a95e-2477-461d-88e7-03654b401a2a.jpg,dotted,clothing|home_furnishing
31c04975-09d5-445c-bdda-e3c83eda9da0,images/31c04975-09d5-445c-bdda-e3c83eda9da0.jpg,pleated,home_furnishing
298cc823-2e76-403b-9fb7-f51a25755031,images/298cc823-2e76-403b-9fb7-f51a25755031.jpg,blotchy,nature|food
ae02a161-5796-4602-a667-4473097ce30d,images/ae02a161-5796-4602-a667-4473097ce30d.jpg,blotchy,nature|rock
199d26b8-ce7f-4bb3-b922-bd3632340c49,images/199d26b8-ce7f-4bb3-b922-bd3632340c49.jpg,crosshatched,clothing|home_furnishing|fabric
415718b9-556a-4ddc-9c20-82dff0f4d17a,images/415718b9-556a-4ddc-9c20-82dff0f4d17a.jpg,sprinkled,food
51cb7721-d599-41d6-bcce-20590ab8d1c3,images/51cb7721-d599-41d6-bcce-20590ab8d1c3.jpg,crosshatched,nature|rock
059e81c4-0dd7-4dcd-ac2e-984d054013ef,images/059e81c4-0dd7-4dcd-ac2e-984d054013ef.jpg,spiralled,wallpaper
bdba8b67-8439-4c7e-9770-242c4beb102e,images/bdba8b67-8439-4c7e-9770-242c4beb102e.jpg,zigzagged,home_furnishing|clothing
df5f14e3-0ab8-4df3-ba3c-78af27faedf3,images/df5f14e3-0ab8-4df3-ba3c-78af27faedf3.jpg,braided,fabric|home_furnishing
7d6e4b1c-7bfc-4c2b-a813-6d9eaad098f0,images/7d6e4b1c-7bfc-4c2b-a813-6d9eaad098f0.jpg,braided,man_made|food
52e65308-d179-48f3-9e20-e3d9afa8b049,images/52e65308-d179-48f3-9e20-e3d9afa8b049.jpg,flecked,painting|wallpaper
12f018e3-5475-49a2-bed4-a6d3980930ad,images/12f018e3-5475-49a2-bed4-a6d3980930ad.jpg,crosshatched,painting|wallpaper
adb107a3-7007-4388-9f32-1c7cc2bacfa2,images/adb107a3-7007-4388-9f32-1c7cc2bacfa2.jpg,freckled,human
e0784e8b-e4af-4c88-83b9-62c3ee313649,images/e0784e8b-e4af-4c88-83b9-62c3ee313649.jpg,dotted,clothing|home_furnishing
ffdeb45e-2e89-45fe-9d22-073f30a027e8,images/ffdeb45e-2e89-45fe-9d22-073f30a027e8.jpg,bubbly,nature|liquid
895aa7a5-9be9-4eae-87f9-b18364685385,images/895aa7a5-9be9-4eae-87f9-b18364685385.jpg,porous,rock|concrete
0ffa664a-e7cc-4a5e-b29e-41db937af276,images/0ffa664a-e7cc-4a5e-b29e-41db937af276.jpg,braided,fabric|home_furnishing
90541ed5-a3d9-4506-8d59-62b9ed3aee2b,images/90541ed5-a3d9-4506-8d59-62b9ed3aee2b.jpg,pleated,home_furnishing
bc53f28c-ce9e-4cb8-9a41-8497338450a1,images/bc53f28c-ce9e-4cb8-9a41-8497338450a1.jpg,zigzagged,painting|wallpaper
7fe0b998-94e1-44b9-b5a0-349660a10cf8,images/7fe0b998-94e1-44b9-b5a0-349660a10cf8.jpg,matted,human|hair
ffac7a67-705e-4cfa-9be9-37d610069a72,images/ffac7a67-705e-4cfa-9be9-37d610069a72.jpg,zigzagged,home_furnishing|clothing
f187ab44-e38a-49e5-927a-62f6179bceb6,images/f187ab44-e38a-49e5-927a-62f6179bceb6.jpg,porous,concrete
e9480e04-0aea-48ab-bd81-e8607b8a2dfb,images/e9480e04-0aea-48ab-bd81-e8607b8a2dfb.jpg,wrinkled,paper
645533c8-8191-4981-b06f-5b849f5dab01,images/645533c8-8191-4981-b06f-5b849f5dab01.jpg,paisley,home_furnishing|clothing
ae5c7246-8085-47a5-bae4-151230469e9b,images/ae5c7246-8085-47a5-bae4-151230469e9b.jpg,matted,nature
e2ca6c52-324e-40d1-8e1b-7887f7909248,images/e2ca6c52-324e-40d1-8e1b-7887f7909248.jpg,honeycombed,wallpaper|painting
64d080ea-6e5d-4305-b0d4-fa560a227ec4,images/64d080ea-6e5d-4305-b0d4-fa560a227ec4.jpg,scaly,animal|food
f2c193af-bfdd-4151-bd65-f472394fbc75,images/f2c193af-bfdd-4151-bd65-f472394fbc75.jpg,gauzy,home_furnishing
7e3c1c10-7fc8-4866-8698-d1de4eeb6e71,images/7e3c1c10-7fc8-4866-8698-d1de4eeb6e71.jpg,grid,clothing|home_furnishing
e22c4752-e66c-4d55-910e-a7bce8270967,images/e22c4752-e66c-4d55-910e-a7bce8270967.jpg,sprinkled,food
32a2fcf7-c2bc-4500-abdc-71924466db8e,images/32a2fcf7-c2bc-4500-abdc-71924466db8e.jpg,stratified,rock|nature
7991f2a8-bbfc-4a14-af69-d01406951889,images/7991f2a8-bbfc-4a14-af69-d01406951889.jpg,blotchy,nature|rock
b0c2a0fa-2171-44fc-97f1-bc97a94d322c,images/b0c2a0fa-2171-44fc-97f1-bc97a94d322c.jpg,cobwebbed,nature|ice
dc60dc10-a9d4-4ebc-9adc-cce1254ada54,images/dc60dc10-a9d4-4ebc-9adc-cce1254ada54.jpg,blotchy,nature|wood
fe142b50-2a51-4f7d-b583-8426d3b7f659,images/fe142b50-2a51-4f7d-b583-8426d3b7f659.jpg,gauzy,home_furnishing|clothing
a4100642-795c-4053-987e-c01c636d291a,images/a4100642-795c-4053-987e-c01c636d291a.jpg,blotchy,painting|wallpaper
c9a51edd-2d16-44e2-a24b-a3077ef5fcc5,images/c9a51edd-2d16-44e2-a24b-a3077ef5fcc5.jpg,cracked,nature|wood
ff30ec2a-24fd-43ad-9840-fa9d3ce567f6,images/ff30ec2a-24fd-43ad-9840-fa9d3ce567f6.jpg,grooved,home_furnishing
154df601-f572-47c4-9e4c-ed6bbb2053c9,images/154df601-f572-47c4-9e4c-ed6bbb2053c9.jpg,spiralled,painting|wallpaper
dcfb82d1-5481-453e-be83-51e3e77c8479,images/dcfb82d1-5481-453e-be83-51e3e77c8479.jpg,knitted,clothing|home_furnishing|fabric
c84ec580-8054-42fb-934d-f721a924455b,images/c84ec580-8054-42fb-934d-f721a924455b.jpg,perforated,home_furnishing|clothing
3b5385d5-d420-495a-ae9d-c9589f5f0c69,images/3b5385d5-d420-495a-ae9d-c9589f5f0c69.jpg,wrinkled,home_furnishing|clothing
24871bbd-b18b-4711-aed9-805f0b1b1013,images/24871bbd-b18b-4711-aed9-805f0b1b1013.jpg,smeared,painting|wallpaper
05c7beed-f585-4b63-82f9-7445896b22cc,images/05c7beed-f585-4b63-82f9-7445896b22cc.jpg,blotchy,nature|tree
58190511-a69f-45b8-9371-aed0aec440f7,images/58190511-a69f-45b8-9371-aed0aec440f7.jpg,sprinkled,home_furnishing
28061437-a2d6-4a7f-aeea-538b4f6942bf,images/28061437-a2d6-4a7f-aeea-538b4f6942bf.jpg,waffled,metal|home_furnishing
8bb663ae-33b0-4b16-983b-9e419f11d17c,images/8bb663ae-33b0-4b16-983b-9e419f11d17c.jpg,swirly,painting|wallpaper
491b10e5-11e5-4a26-84ed-62db6cc47d21,images/491b10e5-11e5-4a26-84ed-62db6cc47d21.jpg,knitted,clothing|home_furnishing|fabric
a2959877-2da9-4796-8f4d-e8a521aa95d2,images/a2959877-2da9-4796-8f4d-e8a521aa95d2.jpg,banded,fabric|clothing
35921ebd-a154-43ef-958f-5085b5366b1c,images/35921ebd-a154-43ef-958f-5085b5366b1c.jpg,blotchy,nature|tree
d17e8df4-9c90-4133-94ad-38391022d7be,images/d17e8df4-9c90-4133-94ad-38391022d7be.jpg,scaly,animal
a515d9c1-e822-456b-8250-699593e323f6,images/a515d9c1-e822-456b-8250-699593e323f6.jpg,swirly,painting|wallpaper
67e7d082-e612-4d11-aed1-9c5c71ae2ff8,images/67e7d082-e612-4d11-aed1-9c5c71ae2ff8.jpg,banded,fabric|clothing
cd255f7b-0be1-4d77-b65e-10719320887c,images/cd255f7b-0be1-4d77-b65e-10719320887c.jpg,stratified,rock|nature
7eaed0af-9081-45a1-b119-9f06bf2bfa0b,images/7eaed0af-9081-45a1-b119-9f06bf2bfa0b.jpg,lined,paper
d51c94c9-268f-49eb-b0a4-ab67de3cbac5,images/d51c94c9-268f-49eb-b0a4-ab67de3cbac5.jpg,woven,home_furnishing|wood
13316505-e72d-4218-b959-f225220b55cc,images/13316505-e72d-4218-b959-f225220b55cc.jpg,wrinkled,home_furnishing|clothing
df732d8d-57d9-46a3-b54c-4e9b9826353e,images/df732d8d-57d9-46a3-b54c-4e9b9826353e.jpg,veined,nature
1a7cbc6d-a86f-4f21-98da-49d1f31b920e,images/1a7cbc6d-a86f-4f21-98da-49d1f31b920e.jpg,matted,hair
d3c60962-0f7e-4c67-9cf1-8b29fe29b29a,images/d3c60962-0f7e-4c67-9cf1-8b29fe29b29a.jpg,banded,fabric|clothing|wallpaper
01ac2200-a79d-4bc5-88b6-0d9b9ea60593,images/01ac2200-a79d-4bc5-88b6-0d9b9ea60593.jpg,polka-dotted,home_furnishing|clothing
54ec341d-d483-4141-81f3-843265e12408,images/54ec341d-d483-4141-81f3-843265e12408.jpg,blotchy,nature|wood
68da022e-3417-478d-aacd-0be3a0eb7d50,images/68da022e-3417-478d-aacd-0be3a0eb7d50.jpg,braided,man_made|food
e496bc36-2529-4cb7-b4d7-a80df995e0af,images/e496bc36-2529-4cb7-b4d7-a80df995e0af.jpg,wrinkled,metal
60e967e3-f1e9-4747-8ed0-cc079fbf2e22,images/60e967e3-f1e9-4747-8ed0-cc079fbf2e22.jpg,interlaced,wood
adc826bb-1490-4293-9334-cf999eb0d325,images/adc826bb-1490-4293-9334-cf999eb0d325.jpg,meshed,home_furnishing|fabric
2b57a41f-543b-45f0-98bb-ab4e91a76430,images/2b57a41f-543b-45f0-98bb-ab4e91a76430.jpg,banded,fabric|clothing|wallpaper
13805523-b04e-4f88-8d7b-1581e82ba6a9,images/13805523-b04e-4f88-8d7b-1581e82ba6a9.jpg,veined,nature
ce368949-3c94-4f91-b4e1-fba92ffccb0d,images/ce368949-3c94-4f91-b4e1-fba92ffccb0d.jpg,interlaced,painting|wallpaper
6e2e33c4-8ab9-4169-ba95-7ceae248d341,images/6e2e33c4-8ab9-4169-ba95-7ceae248d341.jpg,paisley,home_furnishing
fb225206-7375-42f4-bec4-d3b9d4473e7c,images/fb225206-7375-42f4-bec4-d3b9d4473e7c.jpg,frilly,clothing|home_furnishing
c236bd6b-ecd7-442f-a347-1c8fcec555e8,images/c236bd6b-ecd7-442f-a347-1c8fcec555e8.jpg,flecked,clothing
49f04ba6-98d9-4c4f-8391-80d251a9881a,images/49f04ba6-98d9-4c4f-8391-80d251a9881a.jpg,sprinkled,food
641ecbfa-9822-4f45-b242-fd62f54e1dba,images/641ecbfa-9822-4f45-b242-fd62f54e1dba.jpg,bubbly,nature|food|liquid
4991da1c-6ee6-45d2-87cb-2fbb4558b3d5,images/4991da1c-6ee6-45d2-87cb-2fbb4558b3d5.jpg,stained,home_furnishing|clothing
1f95d984-ca03-4b02-8c3c-d1945986221f,images/1f95d984-ca03-4b02-8c3c-d1945986221f.jpg,smeared,painting|wallpaper
3687f086-5ab8-4168-94ba-e07513b250ed,images/3687f086-5ab8-4168-94ba-e07513b250ed.jpg,stratified,rock|nature
2bbecd29-1ee5-4237-b7f4-5c907326cf55,images/2bbecd29-1ee5-4237-b7f4-5c907326cf55.jpg,swirly,painting|wallpaper
b393a47b-c8a9-4c07-87fc-d48e92b1207e,images/b393a47b-c8a9-4c07-87fc-d48e92b1207e.jpg,swirly,painting|wallpaper
de8121e3-deeb-4ce1-8f9d-c70cf35e600c,images/de8121e3-deeb-4ce1-8f9d-c70cf35e600c.jpg,zigzagged,home_furnishing|clothing
d9da00bc-3185-4c7a-90de-86643408dd55,images/d9da00bc-3185-4c7a-90de-86643408dd55.jpg,crystalline,nature|rock
caa056fb-f8be-4ed4-962e-5325c10666e9,images/caa056fb-f8be-4ed4-962e-5325c10666e9.jpg,bumpy,rubber
fb673885-e6f4-4d9f-a816-71acf1e0a687,images/fb673885-e6f4-4d9f-a816-71acf1e0a687.jpg,interlaced,wall|concrete
7a5ae5bf-1df4-47c8-98d0-14fbc3bbef00,images/7a5ae5bf-1df4-47c8-98d0-14fbc3bbef00.jpg,paisley,painting|wallpaper
4dafb76b-3bbb-4974-b7e4-65dfc0a9ddf8,images/4dafb76b-3bbb-4974-b7e4-65dfc0a9ddf8.jpg,meshed,metal
f7d21fab-5389-4ede-b6e3-c70bf0208f20,images/f7d21fab-5389-4ede-b6e3-c70bf0208f20.jpg,paisley,home_furnishing
50daeb26-0cfa-4644-9951-fee8edea6be6,images/50daeb26-0cfa-4644-9951-fee8edea6be6.jpg,wrinkled,home_furnishing|clothing
9e542f75-1306-4f5b-9987-553a632ba04d,images/9e542f75-1306-4f5b-9987-553a632ba04d.jpg,gauzy,home_furnishing
b284f69d-2ddc-4438-96db-eb4746a2fee1,images/b284f69d-2ddc-4438-96db-eb4746a2fee1.jpg,studded,home_furnishing|clothing
6d7ea018-6e8a-47a2-89c4-bd555086a85b,images/6d7ea018-6e8a-47a2-89c4-bd555086a85b.jpg,grid,metal
15b02495-4225-4e99-a155-b7ad636296d2,images/15b02495-4225-4e99-a155-b7ad636296d2.jpg,spiralled,home_furnishing
b09d41bc-14b0-406e-a066-4e2c2aaba38c,images/b09d41bc-14b0-406e-a066-4e2c2aaba38c.jpg,spiralled,home_furnishing
59f81308-24ae-435a-bfb9-45fbb6ba08db,images/59f81308-24ae-435a-bfb9-45fbb6ba08db.jpg,potholed,concrete
d0b39057-f8ba-413f-9f44-562ca6c7b199,images/d0b39057-f8ba-413f-9f44-562ca6c7b199.jpg,interlaced,painting|wallpaper
d9a946ac-3468-4567-b560-24b65f20f51d,images/d9a946ac-3468-4567-b560-24b65f20f51d.jpg,chequered,wallpaper|painting
ba3553bf-5362-4e5f-98cc-4091f4abd101,images/ba3553bf-5362-4e5f-98cc-4091f4abd101.jpg,porous,concrete
c1cec66e-60b8-4ce8-8596-185249ad7cca,images/c1cec66e-60b8-4ce8-8596-185249ad7cca.jpg,waffled,food
a7730322-445a-496a-9ba8-a59368284b1b,images/a7730322-445a-496a-9ba8-a59368284b1b.jpg,marbled,rock|nature
df09a36e-f229-4bca-846f-ddd28de07d75,images/df09a36e-f229-4bca-846f-ddd28de07d75.jpg,banded,fabric|clothing|wallpaper
bc6bb43a-d3a5-43ec-8757-03e7b271e09e,images/bc6bb43a-d3a5-43ec-8757-03e7b271e09e.jpg,crystalline,nature|rock
20dffeed-deb4-43ed-8767-0eeb6f683e16,images/20dffeed-deb4-43ed-8767-0eeb6f683e16.jpg,marbled,rock|nature
97278611-488c-4590-8875-decc599f32e2,images/97278611-488c-4590-8875-decc599f32e2.jpg,stained,painting|wallpaper
8ca2bce0-63ee-4198-80cf-b7b54d25068a,images/8ca2bce0-63ee-4198-80cf-b7b54d25068a.jpg,woven,home_furnishing|wood
1e8c3427-3dd2-4f25-a90b-99f2738e1e56,images/1e8c3427-3dd2-4f25-a90b-99f2738e1e56.jpg,cracked,nature|wood
697e0472-6f0c-47b3-b764-6da905aa571d,images/697e0472-6f0c-47b3-b764-6da905aa571d.jpg,potholed,rock|nature
00d1ac5a-5225-4d24-9d70-9a7c2fb1b984,images/00d1ac5a-5225-4d24-9d70-9a7c2fb1b984.jpg,fibrous,nature
bff7bacb-5bad-459e-ac0c-50da54613e8d,images/bff7bacb-5bad-459e-ac0c-50da54613e8d.jpg,striped,painting|wallpaper
b611eb6c-9354-4d27-99e9-0290d9827f68,images/b611eb6c-9354-4d27-99e9-0290d9827f68.jpg,knitted,clothing|home_furnishing|fabric
0eac2020-4a0c-485c-b7de-3a7167b7ecf9,images/0eac2020-4a0c-485c-b7de-3a7167b7ecf9.jpg,pitted,rock|nature
2b8b42d8-738f-458a-b2c1-6447d3f8eebe,images/2b8b42d8-738f-458a-b2c1-6447d3f8eebe.jpg,fibrous,nature|wood
1ec989a6-d13d-44b0-bacf-894d7e0472e7,images/1ec989a6-d13d-44b0-bacf-894d7e0472e7.jpg,wrinkled,home_furnishing|clothing
d22ce03b-b995-4a06-8a76-36139d5d55b3,images/d22ce03b-b995-4a06-8a76-36139d5d55b3.jpg,bumpy,wood
8f9ad012-d6f8-41f7-b205-5abdf58fc423,images/8f9ad012-d6f8-41f7-b205-5abdf58fc423.jpg,polka-dotted,home_furnishing|clothing
60389f77-4e96-4b21-abb4-c52cb5454609,images/60389f77-4e96-4b21-abb4-c52cb5454609.jpg,woven,home_furnishing
9cd435da-4cfd-47b6-9ffd-69f157c085c9,images/9cd435da-4cfd-47b6-9ffd-69f157c085c9.jpg,blotchy,painting|wallpaper
b222d14b-3d28-40d0-b5f2-94e212ad04c8,images/b222d14b-3d28-40d0-b5f2-94e212ad04c8.jpg,matted,home_furnishing
0ca5102c-1a5f-45ed-93ec-cad9af7dc28d,images/0ca5102c-1a5f-45ed-93ec-cad9af7dc28d.jpg,bumpy,nature|tree
2c312b06-6e8d-4be7-83ab-50d04d4582ab,images/2c312b06-6e8d-4be7-83ab-50d04d4582ab.jpg,crystalline,nature|rock
ceb9e6f2-db66-4c4c-bc7b-dac584ef8813,images/ceb9e6f2-db66-4c4c-bc7b-dac584ef8813.jpg,marbled,rock|nature
58185f1f-4425-4393-a0f9-d9d21bdc6195,images/58185f1f-4425-4393-a0f9-d9d21bdc6195.jpg,matted,nature
50b8208e-be22-40f5-b0e8-4e050b503ae5,images/50b8208e-be22-40f5-b0e8-4e050b503ae5.jpg,bumpy,home_furnishing|fabric|clothing
cb29a8fd-615b-4262-91bb-04164b5ca5f4,images/cb29a8fd-615b-4262-91bb-04164b5ca5f4.jpg,bubbly,nature|food|liquid
7e273a63-3d4a-4a86-b7b6-f0d0db2e0012,images/7e273a63-3d4a-4a86-b7b6-f0d0db2e0012.jpg,frilly,clothing|home_furnishing
8ad18aa4-60fc-4f26-a49e-e3e9bb2a7539,images/8ad18aa4-60fc-4f26-a49e-e3e9bb2a7539.jpg,dotted,clothing|home_furnishing
3da7a36f-2924-4091-a2d6-b49157bc0c23,images/3da7a36f-2924-4091-a2d6-b49157bc0c23.jpg,studded,home_furnishing|clothing
0089b90f-bdc6-4efc-8852-e8753d6479d3,images/0089b90f-bdc6-4efc-8852-e8753d6479d3.jpg,frilly,food
c0a5ee9f-7527-4a7e-900a-bc708901d43d,images/c0a5ee9f-7527-4a7e-900a-bc708901d43d.jpg,grooved,plastic
777b899e-129c-4d69-9a2f-28e998e6ced7,images/777b899e-129c-4d69-9a2f-28e998e6ced7.jpg,striped,animal
3a63c8ea-96b9-4490-a994-e747c4188031,images/3a63c8ea-96b9-4490-a994-e747c4188031.jpg,veined,nature
91129e0c-3b26-4b63-bae8-dca21ecb8f7c,images/91129e0c-3b26-4b63-bae8-dca21ecb8f7c.jpg,freckled,nature|animal
1e822df8-f28a-41d6-8cbd-b6eac7f2fe5f,images/1e822df8-f28a-41d6-8cbd-b6eac7f2fe5f.jpg,paisley,home_furnishing|clothing
af4041f6-6e11-4ef0-87cd-75873f11b604,images/af4041f6-6e11-4ef0-87cd-75873f11b604.jpg,zigzagged,wood
2c3f82be-6e02-4934-a031-01c1b980d092,images/2c3f82be-6e02-4934-a031-01c1b980d092.jpg,pitted,rock|nature
38ca7138-fa54-49ef-a850-c2cb00f1b57e,images/38ca7138-fa54-49ef-a850-c2cb00f1b57e.jpg,stained,clothing
727390a3-ba33-4b24-ac4a-55a81ed9f3dc,images/727390a3-ba33-4b24-ac4a-55a81ed9f3dc.jpg,fibrous,home_furnishing
5d3f2265-278a-42a9-966a-53115377b288,images/5d3f2265-278a-42a9-966a-53115377b288.jpg,grid,home_furnishing|wood
5b487748-c2be-4377-bd80-336d7f1d871f,images/5b487748-c2be-4377-bd80-336d7f1d871f.jpg,paisley,home_furnishing|clothing
3937cdda-c82b-4c70-b44e-c0eb3b3ee1d1,images/3937cdda-c82b-4c70-b44e-c0eb3b3ee1d1.jpg,pitted,metal
1228f9b1-4908-4348-830b-3bb1762175b8,images/1228f9b1-4908-4348-830b-3bb1762175b8.jpg,striped,home_furnishing|clothing
0ec25265-d0b4-4588-981e-4301f1a30924,images/0ec25265-d0b4-4588-981e-4301f1a30924.jpg,striped,animal
86a4dcf9-29dc-408a-bcaf-98fdc8a98db5,images/86a4dcf9-29dc-408a-bcaf-98fdc8a98db5.jpg,lacelike,home_furnishing
672d4955-05ef-468e-9bbc-beb1eaa01e8f,images/672d4955-05ef-468e-9bbc-beb1eaa01e8f.jpg,bubbly,nature|liquid
7a8fef86-b774-4a37-9fbe-ff0665533e34,images/7a8fef86-b774-4a37-9fbe-ff0665533e34.jpg,stained,painting|wallpaper
b3c8ede1-a23d-49c0-8e03-9335f9559c53,images/b3c8ede1-a23d-49c0-8e03-9335f9559c53.jpg,woven,home_furnishing|wood
16c6c827-f2c7-4526-b394-9cc5b3eb2b36,images/16c6c827-f2c7-4526-b394-9cc5b3eb2b36.jpg,matted,nature
97ac1330-9518-4dd6-b3b9-96d183185d95,images/97ac1330-9518-4dd6-b3b9-96d183185d95.jpg,scaly,home_furnishing
cd85498f-ebae-4874-84d5-b7f27fcc187d,images/cd85498f-ebae-4874-84d5-b7f27fcc187d.jpg,pleated,home_furnishing|clothing
832862ee-ba7a-47a6-8366-9052ac47c16d,images/832862ee-ba7a-47a6-8366-9052ac47c16d.jpg,crystalline,nature|rock
62e699ab-441a-4218-b2a9-aa1bc2f64c08,images/62e699ab-441a-4218-b2a9-aa1bc2f64c08.jpg,smeared,painting|wallpaper
edc3727f-8b16-441c-bff6-cc000c6cb67b,images/edc3727f-8b16-441c-bff6-cc000c6cb67b.jpg,blotchy,painting|wallpaper
ec435b27-57ce-464e-8b1b-c884f7aa1169,images/ec435b27-57ce-464e-8b1b-c884f7aa1169.jpg,gauzy,home_furnishing|clothing
61e0538a-7f2e-4e14-9f80-fc3be3525298,images/61e0538a-7f2e-4e14-9f80-fc3be3525298.jpg,pleated,home_furnishing
7d531478-3eda-4132-937f-0796dc4f16c5,images/7d531478-3eda-4132-937f-0796dc4f16c5.jpg,grid,glass
4631602b-2750-4a68-816a-3c3ef16b77f2,images/4631602b-2750-4a68-816a-3c3ef16b77f2.jpg,frilly,nature
4ead54f2-f060-4a3a-9d6c-c27ff4a8753a,images/4ead54f2-f060-4a3a-9d6c-c27ff4a8753a.jpg,stratified,rock|nature
192d003b-dccc-4266-991c-a2be971927e2,images/192d003b-dccc-4266-991c-a2be971927e2.jpg,veined,rock|nature
92016d4f-4700-4c05-b369-362b00e89ef3,images/92016d4f-4700-4c05-b369-362b00e89ef3.jpg,potholed,concrete
a9f9f24b-44a9-4bb3-a23c-62be386a9c9f,images/a9f9f24b-44a9-4bb3-a23c-62be386a9c9f.jpg,smeared,painting|wallpaper
46b94ed7-f45a-4991-b993-be3d00c95305,images/46b94ed7-f45a-4991-b993-be3d00c95305.jpg,paisley,home_furnishing|clothing
e66f1802-e76e-4647-a969-a41b14746354,images/e66f1802-e76e-4647-a969-a41b14746354.jpg,meshed,home_furnishing
aa84dc98-ba01-4e2d-a3bd-e1b67157d962,images/aa84dc98-ba01-4e2d-a3bd-e1b67157d962.jpg,sprinkled,wallpaper|glass
41f7201f-4b27-40f3-bb33-46ab6629e1eb,images/41f7201f-4b27-40f3-bb33-46ab6629e1eb.jpg,cobwebbed,nature
afdbdff2-7662-4a5d-9af4-26ffc34ebab8,images/afdbdff2-7662-4a5d-9af4-26ffc34ebab8.jpg,swirly,home_furnishing|clothing
a64cd2b7-4c05-4a8c-8158-f808554069d0,images/a64cd2b7-4c05-4a8c-8158-f808554069d0.jpg,braided,human|hair
e20737d9-71d4-4a0f-8cce-6c8fb44373c7,images/e20737d9-71d4-4a0f-8cce-6c8fb44373c7.jpg,cobwebbed,wallpaper|painting
23074e01-5b9e-4e3c-bb13-f85e68352e97,images/23074e01-5b9e-4e3c-bb13-f85e68352e97.jpg,veined,nature
28e1ace1-57df-4083-ad96-d7bd8f1515ff,images/28e1ace1-57df-4083-ad96-d7bd8f1515ff.jpg,meshed,home_furnishing|fabric
a66c35b2-3d3a-48f5-bd3d-3b6715b1f2a7,images/a66c35b2-3d3a-48f5-bd3d-3b6715b1f2a7.jpg,cobwebbed,food
dd05e49f-cac0-458e-ba7d-added5e727da,images/dd05e49f-cac0-458e-ba7d-added5e727da.jpg,waffled,food
de112fa6-6b16-4094-8a57-72bf7ef2384f,images/de112fa6-6b16-4094-8a57-72bf7ef2384f.jpg,interlaced,wallpaper|painting
dbd5320f-ba98-415a-a4a9-d2d328c7606a,images/dbd5320f-ba98-415a-a4a9-d2d328c7606a.jpg,fibrous,tree|nature
9e1567d0-7051-4e2a-87df-83bf2202f219,images/9e1567d0-7051-4e2a-87df-83bf2202f219.jpg,perforated,plastic
e0de97bd-ba03-4b85-b2d8-7eff5b068dcf,images/e0de97bd-ba03-4b85-b2d8-7eff5b068dcf.jpg,pleated,home_furnishing|paper
300c5cbe-e6eb-4988-bcd7-a100b19406d4,images/300c5cbe-e6eb-4988-bcd7-a100b19406d4.jpg,wrinkled,human
dc4c521f-e438-47cf-a3d0-b4abafe6b0c0,images/dc4c521f-e438-47cf-a3d0-b4abafe6b0c0.jpg,perforated,metal
e8bef86a-c4a5-43f8-b0f6-29ace5c836bc,images/e8bef86a-c4a5-43f8-b0f6-29ace5c836bc.jpg,polka-dotted,home_furnishing
f2cc2c69-86da-4601-b98b-545fbeebf9ab,images/f2cc2c69-86da-4601-b98b-545fbeebf9ab.jpg,meshed,home_furnishing|metal
6728e182-50f4-4ee1-afec-102f63e4e235,images/6728e182-50f4-4ee1-afec-102f63e4e235.jpg,wrinkled,paper
8c1ec5f4-8c63-4bcf-bc1f-fe1533a456e4,images/8c1ec5f4-8c63-4bcf-bc1f-fe1533a456e4.jpg,matted,home_furnishing
c62f2e21-9976-4830-8fea-73209c12e479,images/c62f2e21-9976-4830-8fea-73209c12e479.jpg,fibrous,nature|wood
670bd2af-3649-4309-8844-271086bb7020,images/670bd2af-3649-4309-8844-271086bb7020.jpg,spiralled,painting|wallpaper
0195e394-da15-4e66-9e63-844041b42234,images/0195e394-da15-4e66-9e63-844041b42234.jpg,smeared,painting|wallpaper
0ae63037-95ab-4a3e-8a3e-c14049a5254b,images/0ae63037-95ab-4a3e-8a3e-c14049a5254b.jpg,stratified,rock|nature
4f4206c3-9868-449e-88c8-1dddfd3ec933,images/4f4206c3-9868-449e-88c8-1dddfd3ec933.jpg,spiralled,home_furnishing
4974d3c9-cfd4-4def-9ac3-c0ecef3f1fc3,images/4974d3c9-cfd4-4def-9ac3-c0ecef3f1fc3.jpg,matted,nature
bcc435b3-c99c-4345-9eec-720dd1f774b7,images/bcc435b3-c99c-4345-9eec-720dd1f774b7.jpg,paisley,home_furnishing|clothing
7b9eb3b9-a114-4a35-a2fb-e64471aa1b09,images/7b9eb3b9-a114-4a35-a2fb-e64471aa1b09.jpg,interlaced,rock|concrete
a1a0bb66-d36e-4ca7-915e-7aa6d71bdf8a,images/a1a0bb66-d36e-4ca7-915e-7aa6d71bdf8a.jpg,knitted,clothing|home_furnishing|fabric
b9f2d1c5-78d7-4b89-91dc-fb4d3807371c,images/b9f2d1c5-78d7-4b89-91dc-fb4d3807371c.jpg,meshed,metal
1e0c5b3f-506a-4578-b934-12e9b94153ee,images/1e0c5b3f-506a-4578-b934-12e9b94153ee.jpg,honeycombed,rock
926b4549-4614-47d0-a2b7-5af80084ad85,images/926b4549-4614-47d0-a2b7-5af80084ad85.jpg,swirly,painting|wallpaper
b40826f6-d49c-4d22-8fc3-9abab80f5c69,images/b40826f6-d49c-4d22-8fc3-9abab80f5c69.jpg,cracked,nature
65613263-fc3e-474b-ae61-e86154bebd3b,images/65613263-fc3e-474b-ae61-e86154bebd3b.jpg,polka-dotted,home_furnishing|clothing
5ee2a0ce-68d5-486e-b497-add981135d30,images/5ee2a0ce-68d5-486e-b497-add981135d30.jpg,flecked,clothing|fabric
1a784882-172b-431a-a7cd-06f9e4a035a4,images/1a784882-172b-431a-a7cd-06f9e4a035a4.jpg,sprinkled,food
b003d5c2-30aa-4428-992a-009a324faacd,images/b003d5c2-30aa-4428-992a-009a324faacd.jpg,wrinkled,metal
666c2e25-a50c-48f7-becb-644c86686942,images/666c2e25-a50c-48f7-becb-644c86686942.jpg,freckled,nature|food
f327b4f1-bc26-44d2-b12c-e7c3aae420b1,images/f327b4f1-bc26-44d2-b12c-e7c3aae420b1.jpg,bubbly,nature|food|liquid
44569091-4b14-421a-a047-c85b2c1f693c,images/44569091-4b14-421a-a047-c85b2c1f693c.jpg,veined,nature
44b1cbeb-2182-4ca0-93cc-3a77f2612bcb,images/44b1cbeb-2182-4ca0-93cc-3a77f2612bcb.jpg,interlaced,painting|wallpaper
28990528-b6ec-4539-bf46-936ca2a635c9,images/28990528-b6ec-4539-bf46-936ca2a635c9.jpg,waffled,food
9ecf034b-547a-449b-be02-e6c02f76ed9b,images/9ecf034b-547a-449b-be02-e6c02f76ed9b.jpg,smeared,metal|painting
5eea75ae-2ad0-4fa3-a363-753213fbb5bf,images/5eea75ae-2ad0-4fa3-a363-753213fbb5bf.jpg,crystalline,nature|rock
005ad80f-349a-4c17-bd0c-c55abafb2b8d,images/005ad80f-349a-4c17-bd0c-c55abafb2b8d.jpg,frilly,clothing|home_furnishing
f9afd5e0-4b8c-4f49-8493-21321fc16d4b,images/f9afd5e0-4b8c-4f49-8493-21321fc16d4b.jpg,paisley,home_furnishing
eae284ed-d3bf-4eba-bdd9-c4ea34fb0d49,images/eae284ed-d3bf-4eba-bdd9-c4ea34fb0d49.jpg,studded,home_furnishing|clothing
977d7764-732c-4952-b224-ebc3b0a75a36,images/977d7764-732c-4952-b224-ebc3b0a75a36.jpg,zigzagged,home_furnishing|clothing
9731c929-8b4d-4826-9a57-bdd468012190,images/9731c929-8b4d-4826-9a57-bdd468012190.jpg,waffled,home_furnishing|clothing|fabric
c252ba36-b464-41e4-873a-e280005f1140,images/c252ba36-b464-41e4-873a-e280005f1140.jpg,knitted,clothing|home_furnishing|fabric
ed8903d5-7163-4fe3-aeac-ec449ed9e109,images/ed8903d5-7163-4fe3-aeac-ec449ed9e109.jpg,matted,nature
0fbb3f70-ad76-4e57-bc90-61dc48a6a396,images/0fbb3f70-ad76-4e57-bc90-61dc48a6a396.jpg,pitted,wall
0d74bd28-4a05-42d2-9404-83fefd80dbac,images/0d74bd28-4a05-42d2-9404-83fefd80dbac.jpg,bumpy,nature|food
7836bba0-4abe-4489-97e9-b219c643b80b,images/7836bba0-4abe-4489-97e9-b219c643b80b.jpg,spiralled,painting|wallpaper
38acc10e-658d-447f-ad3f-7f311db7b85e,images/38acc10e-658d-447f-ad3f-7f311db7b85e.jpg,potholed,concrete
99768651-e037-4cc9-a2b1-bb73c66b9770,images/99768651-e037-4cc9-a2b1-bb73c66b9770.jpg,perforated,home_furnishing|clothing
26dcaf24-8152-4bb7-bb7b-7eb2b3de3dc5,images/26dcaf24-8152-4bb7-bb7b-7eb2b3de3dc5.jpg,porous,nature
503f993d-1717-4f60-a647-daff5a42cb18,images/503f993d-1717-4f60-a647-daff5a42cb18.jpg,freckled,human
fd0ff954-bd86-4d32-a20a-55a628a8ce24,images/fd0ff954-bd86-4d32-a20a-55a628a8ce24.jpg,chequered,home_furnishing
32fa2bee-f0af-49b2-a38f-fb68c8244186,images/32fa2bee-f0af-49b2-a38f-fb68c8244186.jpg,stained,home_furnishing|clothing
9d5ef545-8ca3-4e9c-9c2d-b0e3c623787d,images/9d5ef545-8ca3-4e9c-9c2d-b0e3c623787d.jpg,grid,wallpaper|painting
834b9b8c-8744-4079-9912-f0394fb309c5,images/834b9b8c-8744-4079-9912-f0394fb309c5.jpg,scaly,animal
36b0b234-085d-495f-94b3-cf36d99d1ab6,images/36b0b234-085d-495f-94b3-cf36d99d1ab6.jpg,meshed,metal
0ba7eb77-432f-4fca-ad65-a31c6b99eea3,images/0ba7eb77-432f-4fca-ad65-a31c6b99eea3.jpg,blotchy,painting|wallpaper
07b38e0d-6b3d-4a1a-b3c1-a7c1b3c0f495,images/07b38e0d-6b3d-4a1a-b3c1-a7c1b3c0f495.jpg,bumpy,concrete
b85ba8e9-eda9-4a7b-906f-254ad5afafeb,images/b85ba8e9-eda9-4a7b-906f-254ad5afafeb.jpg,banded,fabric|clothing|wallpaper
d2414e7e-df8d-4b44-b8bc-dac06be30655,images/d2414e7e-df8d-4b44-b8bc-dac06be30655.jpg,waffled,food
938bbcfe-306f-4cbd-b133-47791dd2abe4,images/938bbcfe-306f-4cbd-b133-47791dd2abe4.jpg,scaly,home_furnishing|clothing
23132759-0c43-40f4-bffb-dc1b27b6c472,images/23132759-0c43-40f4-bffb-dc1b27b6c472.jpg,gauzy,home_furnishing
53aa1a94-cc70-4ea0-999d-cef4fd344e82,images/53aa1a94-cc70-4ea0-999d-cef4fd344e82.jpg,cracked,nature|wood
49a791fc-eff9-4d41-8971-f6177827db7e,images/49a791fc-eff9-4d41-8971-f6177827db7e.jpg,smeared,painting|wallpaper
1a1f1c4f-9321-4d68-af10-94aaa4d0f19f,images/1a1f1c4f-9321-4d68-af10-94aaa4d0f19f.jpg,crystalline,nature|rock
98edeba9-a695-4bc6-9b03-923e700c2bb4,images/98edeba9-a695-4bc6-9b03-923e700c2bb4.jpg,cracked,nature
479a40a9-f372-4bbd-83d2-3a5452f77281,images/479a40a9-f372-4bbd-83d2-3a5452f77281.jpg,smeared,painting|wallpaper
ed36ba65-e303-40c3-904f-912309a2926e,images/ed36ba65-e303-40c3-904f-912309a2926e.jpg,cracked,wood|painting
bfd9214c-80d2-4cda-81bc-48a5775ebf07,images/bfd9214c-80d2-4cda-81bc-48a5775ebf07.jpg,frilly,nature|food
14e3d718-23d4-4b83-8ff0-1ee32caa12ab,images/14e3d718-23d4-4b83-8ff0-1ee32caa12ab.jpg,waffled,food
32fe3121-f4e6-4c98-ab3e-baf1aceddb3b,images/32fe3121-f4e6-4c98-ab3e-baf1aceddb3b.jpg,bumpy,nature|rock
7e23d688-f52e-45a5-9263-39ea237481c9,images/7e23d688-f52e-45a5-9263-39ea237481c9.jpg,crystalline,nature|rock
bca6f125-7c93-44a5-b7dd-8effefd59bd6,images/bca6f125-7c93-44a5-b7dd-8effefd59bd6.jpg,bumpy,nature|food
7577a05f-37e3-4c7b-9b63-0f02b4f20876,images/7577a05f-37e3-4c7b-9b63-0f02b4f20876.jpg,scaly,home_furnishing|clothing
643a081d-cfec-4823-85bd-ebffcf85ec43,images/643a081d-cfec-4823-85bd-ebffcf85ec43.jpg,flecked,nature|rock
88edd6e8-05d3-4217-b321-0086e04cc900,images/88edd6e8-05d3-4217-b321-0086e04cc900.jpg,pleated,home_furnishing|clothing
c236d8ff-9952-448f-adb1-7813433337c5,images/c236d8ff-9952-448f-adb1-7813433337c5.jpg,veined,nature
42e03c19-96ec-45c7-969e-be6ba227efb6,images/42e03c19-96ec-45c7-969e-be6ba227efb6.jpg,zigzagged,painting|wallpaper
410ed170-9997-47d5-a0af-79949c4fea27,images/410ed170-9997-47d5-a0af-79949c4fea27.jpg,matted,human|hair
27c4cfd2-aefe-44d8-9ae1-576b3f8df950,images/27c4cfd2-aefe-44d8-9ae1-576b3f8df950.jpg,bumpy,home_furnishing|fabric|clothing
a44d346a-c40c-419f-84f4-e6a064763faa,images/a44d346a-c40c-419f-84f4-e6a064763faa.jpg,frilly,clothing|home_furnishing
28e0846e-373a-4285-b922-0af4b02b7050,images/28e0846e-373a-4285-b922-0af4b02b7050.jpg,grid,wallpaper|painting
91f7b1d0-3211-4672-92f8-2804d547b4ec,images/91f7b1d0-3211-4672-92f8-2804d547b4ec.jpg,polka-dotted,wallpaper|painting
a75ab398-4263-4779-ba44-d6083e4103cf,images/a75ab398-4263-4779-ba44-d6083e4103cf.jpg,bumpy,nature|food
7492ff0b-319c-4e52-96c6-1dec61f87722,images/7492ff0b-319c-4e52-96c6-1dec61f87722.jpg,grid,metal
e57cbe25-0caf-4928-9987-f4c394a18007,images/e57cbe25-0caf-4928-9987-f4c394a18007.jpg,blotchy,photography|glass
04640f5d-c57e-4941-bee0-df3720eb22ce,images/04640f5d-c57e-4941-bee0-df3720eb22ce.jpg,knitted,clothing|home_furnishing|fabric
c462ee63-c1b0-4815-b148-ee8f7ec2a464,images/c462ee63-c1b0-4815-b148-ee8f7ec2a464.jpg,lined,paper
fb5add70-5baf-4271-8a6b-c7a6f4539ec9,images/fb5add70-5baf-4271-8a6b-c7a6f4539ec9.jpg,blotchy,nature|food
1ed4ef72-52cd-4863-8f36-03965e6f0f1b,images/1ed4ef72-52cd-4863-8f36-03965e6f0f1b.jpg,marbled,rock|nature
914e7d61-88dc-48a5-85bf-0424cc3f63b1,images/914e7d61-88dc-48a5-85bf-0424cc3f63b1.jpg,wrinkled,home_furnishing|clothing
8fe1da4d-dca8-4f69-89ef-0694216b3cef,images/8fe1da4d-dca8-4f69-89ef-0694216b3cef.jpg,grid,wallpaper|painting
c3488ddd-ae72-4484-9245-069f6c97d776,images/c3488ddd-ae72-4484-9245-069f6c97d776.jpg,gauzy,home_furnishing|fabric
46cb9af4-d3d2-4d69-a90d-3b789f489618,images/46cb9af4-d3d2-4d69-a90d-3b789f489618.jpg,stratified,rock|nature
a17a69af-bcdf-4830-91d0-6994a55b3309,images/a17a69af-bcdf-4830-91d0-6994a55b3309.jpg,stained,painting|wallpaper
589de540-9191-4050-9d38-fe3a847839cf,images/589de540-9191-4050-9d38-fe3a847839cf.jpg,paisley,home_furnishing|clothing
4ea55a69-db6c-463b-8f9f-c3a3089ff68f,images/4ea55a69-db6c-463b-8f9f-c3a3089ff68f.jpg,stratified,rock|nature
e293b8c8-7c9b-4efa-b635-727a95395a84,images/e293b8c8-7c9b-4efa-b635-727a95395a84.jpg,lined,clothing|home_furnishing
b09d62df-99d9-4d03-9961-094891f6183e,images/b09d62df-99d9-4d03-9961-094891f6183e.jpg,sprinkled,food
472e332b-6799-421a-8f0d-e26c66b8ea44,images/472e332b-6799-421a-8f0d-e26c66b8ea44.jpg,braided,fabric|metal|home_furnishing
03e1dea3-bb9c-42a4-9b69-dd8e5a76c6db,images/03e1dea3-bb9c-42a4-9b69-dd8e5a76c6db.jpg,paisley,painting|wallpaper
0c5e7289-be77-4ae9-860c-8773fd7b5712,images/0c5e7289-be77-4ae9-860c-8773fd7b5712.jpg,pleated,home_furnishing|clothing
7830c8ef-7be5-47f0-9493-3d67ca970bd9,images/7830c8ef-7be5-47f0-9493-3d67ca970bd9.jpg,swirly,painting|wallpaper
8b0b66b4-483d-4ebc-b735-23d9d245fab6,images/8b0b66b4-483d-4ebc-b735-23d9d245fab6.jpg,perforated,metal
02aaf562-cae2-4876-a79d-82b15d56b58a,images/02aaf562-cae2-4876-a79d-82b15d56b58a.jpg,marbled,rock|nature
23c286e1-dc7b-4fd3-964b-c9531c364730,images/23c286e1-dc7b-4fd3-964b-c9531c364730.jpg,grooved,plastic
1e42c9f3-f14b-4324-89e8-299bc7ef8e40,images/1e42c9f3-f14b-4324-89e8-299bc7ef8e40.jpg,frilly,nature
cfa192f0-14d0-4aaf-9a09-2db19189e99f,images/cfa192f0-14d0-4aaf-9a09-2db19189e99f.jpg,spiralled,home_furnishing
58f0cb0a-cdf2-4796-a229-2a332fd85276,images/58f0cb0a-cdf2-4796-a229-2a332fd85276.jpg,marbled,rock|nature
b062343c-1ed0-4761-ad94-20303e9c1b32,images/b062343c-1ed0-4761-ad94-20303e9c1b32.jpg,bumpy,wood
4cba8bb6-0c2b-4f59-a8af-cebcf7161561,images/4cba8bb6-0c2b-4f59-a8af-cebcf7161561.jpg,pleated,home_furnishing|clothing
513c6e4f-f5bb-498f-8f51-5701992ccf35,images/513c6e4f-f5bb-498f-8f51-5701992ccf35.jpg,studded,clothing
9f1bf0d5-3f64-4091-aae5-19ba5319db9c,images/9f1bf0d5-3f64-4091-aae5-19ba5319db9c.jpg,smeared,painting|wallpaper
287a41e5-6fef-4429-adf2-495c7e339368,images/287a41e5-6fef-4429-adf2-495c7e339368.jpg,braided,fabric|metal
2965e9f5-1a90-49e2-9e34-306975fbef61,images/2965e9f5-1a90-49e2-9e34-306975fbef61.jpg,gauzy,home_furnishing|fabric
39286f11-bc80-4ef1-b761-7db41c8bf8c8,images/39286f11-bc80-4ef1-b761-7db41c8bf8c8.jpg,marbled,rock|nature
9011ec9d-981f-4527-b7a1-c22a5f275761,images/9011ec9d-981f-4527-b7a1-c22a5f275761.jpg,pitted,food|nature
11e7f762-2127-476f-a14f-ab8eb28c761d,images/11e7f762-2127-476f-a14f-ab8eb28c761d.jpg,veined,rock|nature
5cd2cd43-d39e-4a89-bb14-6e29a7a3cc5c,images/5cd2cd43-d39e-4a89-bb14-6e29a7a3cc5c.jpg,grooved,concrete
69edd68d-22a5-409f-92e5-3f2c560bfdb1,images/69edd68d-22a5-409f-92e5-3f2c560bfdb1.jpg,woven,home_furnishing|wood
fcaafc24-6db9-42b6-b6d2-82e0e16509d5,images/fcaafc24-6db9-42b6-b6d2-82e0e16509d5.jpg,striped,animal
aca8c5b9-d097-4f61-b23c-97ca331528b7,images/aca8c5b9-d097-4f61-b23c-97ca331528b7.jpg,blotchy,nature|paper
e701548a-cb64-4b84-9b73-2691e8553822,images/e701548a-cb64-4b84-9b73-2691e8553822.jpg,frilly,clothing|home_furnishing
571bb696-d53a-42d3-91f7-a4f3ab693e21,images/571bb696-d53a-42d3-91f7-a4f3ab693e21.jpg,braided,fabric|clothing|home_furnishing
4fec65cf-c9c3-460a-9511-080df24a9ded,images/4fec65cf-c9c3-460a-9511-080df24a9ded.jpg,banded,fabric|clothing
7b7e59b6-5ad2-445d-b384-4ca419241943,images/7b7e59b6-5ad2-445d-b384-4ca419241943.jpg,zigzagged,home_furnishing|clothing
5ae75cb7-553a-4066-9464-219573746bc0,images/5ae75cb7-553a-4066-9464-219573746bc0.jpg,freckled,nature|food
c626cd50-bc85-49de-a639-ec0250e1f4d4,images/c626cd50-bc85-49de-a639-ec0250e1f4d4.jpg,polka-dotted,home_furnishing|clothing
84ce16ea-7894-4c9a-b4fa-019266ea8f0e,images/84ce16ea-7894-4c9a-b4fa-019266ea8f0e.jpg,woven,home_furnishing|wood
554d10bd-e895-44c7-aa95-d53e2f329b14,images/554d10bd-e895-44c7-aa95-d53e2f329b14.jpg,bumpy,nature|food
85562258-4e67-4a21-bc76-f67fe82b1ab8,images/85562258-4e67-4a21-bc76-f67fe82b1ab8.jpg,bubbly,nature|food|liquid
e68b3f68-7f76-4300-b2c7-84b15ab6b877,images/e68b3f68-7f76-4300-b2c7-84b15ab6b877.jpg,sprinkled,food
216c14b0-8c60-4366-b753-431adb01b4bd,images/216c14b0-8c60-4366-b753-431adb01b4bd.jpg,swirly,painting|wallpaper
a8dca755-f3c3-45bb-999a-2a05b3b845bd,images/a8dca755-f3c3-45bb-999a-2a05b3b845bd.jpg,interlaced,metal
9eb66506-8bae-4397-91a1-166e1fe302c4,images/9eb66506-8bae-4397-91a1-166e1fe302c4.jpg,lacelike,home_furnishing
9215e567-5387-43ac-9ab2-3df416a491d3,images/9215e567-5387-43ac-9ab2-3df416a491d3.jpg,waffled,metal
133814a1-9c28-4845-9acd-14685efedcf1,images/133814a1-9c28-4845-9acd-14685efedcf1.jpg,spiralled,rock
fad58b70-d7a2-465e-aeb4-df148286e35f,images/fad58b70-d7a2-465e-aeb4-df148286e35f.jpg,pitted,rock|nature
f261ed81-7b38-45b3-8d5a-4b8754d66fd1,images/f261ed81-7b38-45b3-8d5a-4b8754d66fd1.jpg,grooved,clothing
55fcd20b-b7cf-4517-8c00-163027048d24,images/55fcd20b-b7cf-4517-8c00-163027048d24.jpg,crosshatched,painting|wallpaper
f0b0143b-a54d-4346-8781-a9430dc8a9e4,images/f0b0143b-a54d-4346-8781-a9430dc8a9e4.jpg,lacelike,home_furnishing
7e56c926-a1c4-42b3-b4af-ead35ede3f2d,images/7e56c926-a1c4-42b3-b4af-ead35ede3f2d.jpg,frilly,clothing|home_furnishing
8a8f9aea-3da7-46e3-ba82-b2dd1d6df213,images/8a8f9aea-3da7-46e3-ba82-b2dd1d6df213.jpg,cracked,nature
aa1e3c46-6290-46f8-af25-ccb9aaacec3c,images/aa1e3c46-6290-46f8-af25-ccb9aaacec3c.jpg,perforated,metal
b560d6c8-40a5-4dcd-a0cd-b4d3237c246a,images/b560d6c8-40a5-4dcd-a0cd-b4d3237c246a.jpg,porous,rock|concrete
940ba05b-1c39-4af2-8acd-5790d86ce13c,images/940ba05b-1c39-4af2-8acd-5790d86ce13c.jpg,honeycombed,plastic
74ee783a-3b6f-4007-a02c-f60f82a95199,images/74ee783a-3b6f-4007-a02c-f60f82a95199.jpg,dotted,wallpaper|painting
778a4772-8f00-4aef-9ddf-01c12191c6c2,images/778a4772-8f00-4aef-9ddf-01c12191c6c2.jpg,lacelike,home_furnishing
e8dd5437-1dc2-4cf2-9041-086343c1349b,images/e8dd5437-1dc2-4cf2-9041-086343c1349b.jpg,sprinkled,painting|wallpaper
e49a0a5f-37ea-421d-9b11-5df1f935967c,images/e49a0a5f-37ea-421d-9b11-5df1f935967c.jpg,spiralled,animal|nature
74ee1c68-60e5-4069-a1ce-ff09f0a9e85d,images/74ee1c68-60e5-4069-a1ce-ff09f0a9e85d.jpg,sprinkled,food
6a39ef3c-5646-4114-a8a5-e4b83d503cd9,images/6a39ef3c-5646-4114-a8a5-e4b83d503cd9.jpg,veined,nature
de1db302-18ce-4c04-a738-300ae7932019,images/de1db302-18ce-4c04-a738-300ae7932019.jpg,bubbly,nature|photography
4cf39f5a-3c65-40c9-9652-94b072519eb0,images/4cf39f5a-3c65-40c9-9652-94b072519eb0.jpg,studded,metal
2fc6fd00-f849-48c7-81f7-3ff95a66ddbc,images/2fc6fd00-f849-48c7-81f7-3ff95a66ddbc.jpg,wrinkled,paper
11fae7fe-4c74-4308-b1cd-8c2cbd2fdb53,images/11fae7fe-4c74-4308-b1cd-8c2cbd2fdb53.jpg,bumpy,nature|rock
c943c03f-7351-4c3a-8151-2503fd337d68,images/c943c03f-7351-4c3a-8151-2503fd337d68.jpg,potholed,concrete
d76c2c51-97df-498f-be3f-e50a4bd409f4,images/d76c2c51-97df-498f-be3f-e50a4bd409f4.jpg,matted,home_furnishing
41650014-6152-4bc1-86d6-1113d1958632,images/41650014-6152-4bc1-86d6-1113d1958632.jpg,flecked,nature|rock
bd645a39-1b1c-4dc1-b084-ca4176ade018,images/bd645a39-1b1c-4dc1-b084-ca4176ade018.jpg,freckled,nature
8e10c12d-b2dd-4e0d-b107-ffe6822bdba2,images/8e10c12d-b2dd-4e0d-b107-ffe6822bdba2.jpg,meshed,fabric
000fb856-b81a-47ca-84a0-572a763b0bfc,images/000fb856-b81a-47ca-84a0-572a763b0bfc.jpg,studded,home_furnishing|clothing
f1467c57-c62c-4d89-84ab-aace61cc96ab,images/f1467c57-c62c-4d89-84ab-aace61cc96ab.jpg,grooved,concrete
8d3306cc-f576-4357-861b-a5c6eac593ff,images/8d3306cc-f576-4357-861b-a5c6eac593ff.jpg,perforated,plastic
f30c0d47-9095-4ff9-9976-970a6e7c862a,images/f30c0d47-9095-4ff9-9976-970a6e7c862a.jpg,stained,clothing
7bc219ef-d61f-4f80-aca7-3ad94e5ecb01,images/7bc219ef-d61f-4f80-aca7-3ad94e5ecb01.jpg,freckled,human
9ed9487f-d2c6-476f-84db-ddcc894cec45,images/9ed9487f-d2c6-476f-84db-ddcc894cec45.jpg,dotted,clothing|home_furnishing
4d0b1f40-b69d-40bc-ad23-c349ed0ffcd2,images/4d0b1f40-b69d-40bc-ad23-c349ed0ffcd2.jpg,swirly,painting|wallpaper
dce2c3f0-ffa3-4773-bd80-e43892ccf513,images/dce2c3f0-ffa3-4773-bd80-e43892ccf513.jpg,crystalline,nature|rock
d16d3a61-f6ea-4f76-bdda-aa5d6c7e2c71,images/d16d3a61-f6ea-4f76-bdda-aa5d6c7e2c71.jpg,zigzagged,home_furnishing|clothing
0064843f-e74b-410c-8bdc-93a016e36aa4,images/0064843f-e74b-410c-8bdc-93a016e36aa4.jpg,zigzagged,paper|painting
12662aab-140e-491e-960d-3466d4e00c1a,images/12662aab-140e-491e-960d-3466d4e00c1a.jpg,gauzy,clothing
901bab62-eb5a-4301-b9b6-5ba683a8bf74,images/901bab62-eb5a-4301-b9b6-5ba683a8bf74.jpg,veined,nature
886d4541-2790-4a8d-9be6-aae658cfc2c8,images/886d4541-2790-4a8d-9be6-aae658cfc2c8.jpg,cracked,concrete
ba7080d3-321a-4563-833a-293d125b3ed0,images/ba7080d3-321a-4563-833a-293d125b3ed0.jpg,wrinkled,home_furnishing|clothing
ec3818d8-3cd7-4961-9f86-480610c71575,images/ec3818d8-3cd7-4961-9f86-480610c71575.jpg,cobwebbed,nature
ae1f926d-d8bb-4176-afae-c83ede512659,images/ae1f926d-d8bb-4176-afae-c83ede512659.jpg,woven,home_furnishing|clothing|fabric
81fb101f-dda5-4b35-91ec-192d265b095b,images/81fb101f-dda5-4b35-91ec-192d265b095b.jpg,marbled,rock|nature
0395f7ec-7cb4-43ca-a909-9dca5d44f100,images/0395f7ec-7cb4-43ca-a909-9dca5d44f100.jpg,freckled,human
78d8dff4-5785-4bf8-9b6a-3c480cf3dcd8,images/78d8dff4-5785-4bf8-9b6a-3c480cf3dcd8.jpg,gauzy,home_furnishing
c63069a1-d83a-42fa-89ce-770692653eed,images/c63069a1-d83a-42fa-89ce-770692653eed.jpg,interlaced,home_furnishing
bca022c7-2d0c-458a-ab8e-88f3cd125f2a,images/bca022c7-2d0c-458a-ab8e-88f3cd125f2a.jpg,meshed,home_furnishing|fabric
c3a40391-e070-4e87-90ee-d17742bad27b,images/c3a40391-e070-4e87-90ee-d17742bad27b.jpg,studded,home_furnishing|clothing
4afdb92f-8959-44ea-9144-4c749b021471,images/4afdb92f-8959-44ea-9144-4c749b021471.jpg,perforated,metal
33bbd657-0d47-42f5-8ba1-7809728ce82d,images/33bbd657-0d47-42f5-8ba1-7809728ce82d.jpg,matted,hair|human
a814f73a-d995-44a6-8940-0423b0d7f6b7,images/a814f73a-d995-44a6-8940-0423b0d7f6b7.jpg,chequered,concrete
ab994870-93a3-40d7-8933-e2c2ce42f96e,images/ab994870-93a3-40d7-8933-e2c2ce42f96e.jpg,paisley,home_furnishing|clothing
3db217c8-caa5-4734-83ca-ffef66f60198,images/3db217c8-caa5-4734-83ca-ffef66f60198.jpg,potholed,rock|nature
63680bd5-08b3-4ba7-96db-29fc9974dfd9,images/63680bd5-08b3-4ba7-96db-29fc9974dfd9.jpg,freckled,nature|animal
e8450bca-fb4b-40ea-87f0-f3b731e74863,images/e8450bca-fb4b-40ea-87f0-f3b731e74863.jpg,spiralled,painting|wallpaper
6475bf56-8011-4756-94a2-8e482482d9d8,images/6475bf56-8011-4756-94a2-8e482482d9d8.jpg,stained,painting|wallpaper
dcfdb047-dc07-4252-b5fe-a63a40b605ed,images/dcfdb047-dc07-4252-b5fe-a63a40b605ed.jpg,knitted,clothing|home_furnishing|fabric
4e5acf9b-2c47-4d43-b122-1014c13e7588,images/4e5acf9b-2c47-4d43-b122-1014c13e7588.jpg,fibrous,nature
7d0b61fa-4e75-4d8c-b388-2e7f80561a12,images/7d0b61fa-4e75-4d8c-b388-2e7f80561a12.jpg,woven,home_furnishing|fabric
ab60bce5-0c89-4efc-aac1-96d96060cf01,images/ab60bce5-0c89-4efc-aac1-96d96060cf01.jpg,potholed,rock|nature
9214123e-52de-4a01-a50c-51efcb11da7f,images/9214123e-52de-4a01-a50c-51efcb11da7f.jpg,honeycombed,rock
f7dc4b19-b41b-4e64-b907-cb61a8e941be,images/f7dc4b19-b41b-4e64-b907-cb61a8e941be.jpg,freckled,human
d68b1504-308d-4903-8391-fe2aff52fdc7,images/d68b1504-308d-4903-8391-fe2aff52fdc7.jpg,pleated,home_furnishing|clothing
bd300f6c-6f24-4dfd-8e30-157f9cddcfec,images/bd300f6c-6f24-4dfd-8e30-157f9cddcfec.jpg,woven,home_furnishing|clothing|fabric
829505d0-5566-4688-9dee-b35943dccc26,images/829505d0-5566-4688-9dee-b35943dccc26.jpg,interlaced,wood
08177708-4c19-4425-bfc8-d431eea85dfb,images/08177708-4c19-4425-bfc8-d431eea85dfb.jpg,banded,fabric|clothing|wallpaper
c57b2600-9a1a-46f2-b83c-24b128170dfb,images/c57b2600-9a1a-46f2-b83c-24b128170dfb.jpg,dotted,wallpaper|painting
d1cf5775-bfb3-4c97-94dc-1993bbf9e4b7,images/d1cf5775-bfb3-4c97-94dc-1993bbf9e4b7.jpg,veined,nature
d983650e-5e8a-4059-b4dd-c74c34423ecc,images/d983650e-5e8a-4059-b4dd-c74c34423ecc.jpg,scaly,rock
7a1d2c14-12df-45a1-b862-d0e563ab87a3,images/7a1d2c14-12df-45a1-b862-d0e563ab87a3.jpg,pitted,rock|nature
2c2badef-f87d-447e-995d-e135d4e671fa,images/2c2badef-f87d-447e-995d-e135d4e671fa.jpg,porous,rock|nature
5b090545-57da-4860-8ccb-0a40467e9f37,images/5b090545-57da-4860-8ccb-0a40467e9f37.jpg,bumpy,nature|food
583ffdb1-7093-4037-a4da-590416bbf2cb,images/583ffdb1-7093-4037-a4da-590416bbf2cb.jpg,perforated,plastic
5b31a66a-6922-4075-9422-b17be8744337,images/5b31a66a-6922-4075-9422-b17be8744337.jpg,fibrous,home_furnishing
f9f75dfe-0f8e-4448-9459-d73366e4b250,images/f9f75dfe-0f8e-4448-9459-d73366e4b250.jpg,studded,home_furnishing|clothing
bd3e15df-8833-44bd-a3d9-1e99fb65a14f,images/bd3e15df-8833-44bd-a3d9-1e99fb65a14f.jpg,dotted,clothing|home_furnishing|fabric
b4badddc-93fe-457d-a0c5-c025d6b03277,images/b4badddc-93fe-457d-a0c5-c025d6b03277.jpg,lacelike,home_furnishing
cb378eb1-6e89-45ac-90cb-474eef98c634,images/cb378eb1-6e89-45ac-90cb-474eef98c634.jpg,swirly,home_furnishing|clothing
efd88670-fa35-4a86-8df3-2def0d0dc6b9,images/efd88670-fa35-4a86-8df3-2def0d0dc6b9.jpg,striped,animal
4e00e63b-3408-47a3-984a-c1f0cf47cb78,images/4e00e63b-3408-47a3-984a-c1f0cf47cb78.jpg,freckled,human
3293959a-60be-4dac-983f-5d91d3bdbe79,images/3293959a-60be-4dac-983f-5d91d3bdbe79.jpg,meshed,plastic
1b0a7814-2069-4dff-aea3-a11fa9201940,images/1b0a7814-2069-4dff-aea3-a11fa9201940.jpg,pitted,home_furnishing|clothing
244b2b63-85dd-4526-b3e0-0791ab4daf27,images/244b2b63-85dd-4526-b3e0-0791ab4daf27.jpg,interlaced,clothing|home_furnishing
ef5ad713-6729-4289-b879-e1c775b9f666,images/ef5ad713-6729-4289-b879-e1c775b9f666.jpg,blotchy,nature|rock
9a2e0217-b604-4ced-bad3-ae95f5d97b30,images/9a2e0217-b604-4ced-bad3-ae95f5d97b30.jpg,polka-dotted,home_furnishing|clothing
3a109358-d0fc-43d0-8d5e-4992831b7b68,images/3a109358-d0fc-43d0-8d5e-4992831b7b68.jpg,crystalline,nature|rock
d7be7a4e-0df2-40d1-8938-865f4042dc55,images/d7be7a4e-0df2-40d1-8938-865f4042dc55.jpg,braided,fabric|metal
8ede47e6-4f65-4b08-aafb-37b0ab27a1e9,images/8ede47e6-4f65-4b08-aafb-37b0ab27a1e9.jpg,paisley,painting|wallpaper
ce36b15e-b156-4fcc-ae0f-49da30a7a420,images/ce36b15e-b156-4fcc-ae0f-49da30a7a420.jpg,bumpy,nature|food
e1cd34b2-3ca8-4ddb-9fe1-68c26dbc760b,images/e1cd34b2-3ca8-4ddb-9fe1-68c26dbc760b.jpg,veined,nature
107dac30-3403-4f90-bed0-f944e107dd2c,images/107dac30-3403-4f90-bed0-f944e107dd2c.jpg,bumpy,nature|rock
d9bdd156-ae56-4725-8a54-e4e77e02451b,images/d9bdd156-ae56-4725-8a54-e4e77e02451b.jpg,crosshatched,painting|wallpaper
ce413d0c-2324-4cc9-8642-cced182af249,images/ce413d0c-2324-4cc9-8642-cced182af249.jpg,gauzy,home_furnishing|clothing
90133e68-a529-4f79-9e1f-7ffe67153523,images/90133e68-a529-4f79-9e1f-7ffe67153523.jpg,pleated,paper
b456b225-62e1-4ed8-97d8-38a28426baf0,images/b456b225-62e1-4ed8-97d8-38a28426baf0.jpg,swirly,metal
7a871845-d840-427b-83e8-620e47ac90b0,images/7a871845-d840-427b-83e8-620e47ac90b0.jpg,crosshatched,metal|painting
a49a3286-fb11-42b4-b1e3-c718e638d64d,images/a49a3286-fb11-42b4-b1e3-c718e638d64d.jpg,knitted,clothing|home_furnishing|fabric
210a26be-fc38-4b86-b562-310e0b584ebe,images/210a26be-fc38-4b86-b562-310e0b584ebe.jpg,bubbly,nature|liquid
96c03c6c-911f-4d85-8fda-f414b435dd83,images/96c03c6c-911f-4d85-8fda-f414b435dd83.jpg,veined,nature
53415bc2-4721-4a37-b93b-7ee82232a559,images/53415bc2-4721-4a37-b93b-7ee82232a559.jpg,cracked,nature
ae62c4a9-7822-4a3a-8bdc-86074489da05,images/ae62c4a9-7822-4a3a-8bdc-86074489da05.jpg,porous,concrete
0401eafc-00b1-4ff9-bf6e-5b9eb9d9e115,images/0401eafc-00b1-4ff9-bf6e-5b9eb9d9e115.jpg,meshed,home_furnishing|fabric
41e2dc42-8152-476b-af4d-e9a53f0151ee,images/41e2dc42-8152-476b-af4d-e9a53f0151ee.jpg,bubbly,photography|painting|wallpaper
cd40040a-28dc-4c67-b033-a58db1545247,images/cd40040a-28dc-4c67-b033-a58db1545247.jpg,flecked,rock|concrete
2ee3a406-afa6-458d-9d90-591df7336a0d,images/2ee3a406-afa6-458d-9d90-591df7336a0d.jpg,gauzy,home_furnishing
863c8c1b-9ee0-4dcc-b606-a2b28debc1cb,images/863c8c1b-9ee0-4dcc-b606-a2b28debc1cb.jpg,chequered,rock|concrete
e176fe30-e461-45d4-bfd1-64961a0fa6d7,images/e176fe30-e461-45d4-bfd1-64961a0fa6d7.jpg,woven,home_furnishing|clothing|fabric
087f4a09-bf29-49e0-9e21-8f3802d3332a,images/087f4a09-bf29-49e0-9e21-8f3802d3332a.jpg,swirly,painting|wallpaper
8e8a7cc0-b67b-4eec-a90f-6cfe63c9c6e6,images/8e8a7cc0-b67b-4eec-a90f-6cfe63c9c6e6.jpg,frilly,nature
0f024c6d-65ad-413b-8dc2-c198dda746fc,images/0f024c6d-65ad-413b-8dc2-c198dda746fc.jpg,grooved,wood
671e8a2e-ed34-4cd2-a147-84af27ef8fea,images/671e8a2e-ed34-4cd2-a147-84af27ef8fea.jpg,knitted,clothing|home_furnishing|fabric
6c5ffcf1-7140-4552-94ab-61dc2b4103a2,images/6c5ffcf1-7140-4552-94ab-61dc2b4103a2.jpg,honeycombed,nature
4770294f-13c4-4e9d-a582-f76044bf64b7,images/4770294f-13c4-4e9d-a582-f76044bf64b7.jpg,lined,clothing|home_furnishing
c38ffcbc-58fb-496d-af79-618f8ba5a721,images/c38ffcbc-58fb-496d-af79-618f8ba5a721.jpg,cracked,painting|wall
f8dc01b4-0a87-45d1-b45a-6d3154297268,images/f8dc01b4-0a87-45d1-b45a-6d3154297268.jpg,bubbly,nature|food|liquid
5fedb835-a378-41d2-8192-538d366eef56,images/5fedb835-a378-41d2-8192-538d366eef56.jpg,knitted,clothing|home_furnishing|fabric
73d1b4cc-7598-4590-ae70-40f62f17fc96,images/73d1b4cc-7598-4590-ae70-40f62f17fc96.jpg,bubbly,nature|food
061d38f2-b9aa-4493-98a5-5b0d6e23a9da,images/061d38f2-b9aa-4493-98a5-5b0d6e23a9da.jpg,potholed,rock|nature
4f51addb-62a6-4d1d-9b35-e349a9387766,images/4f51addb-62a6-4d1d-9b35-e349a9387766.jpg,sprinkled,metal
0c58e922-c827-49d4-b46f-5f5bc3263562,images/0c58e922-c827-49d4-b46f-5f5bc3263562.jpg,matted,human|hair
2209f479-5fbd-480e-bc98-821798f93050,images/2209f479-5fbd-480e-bc98-821798f93050.jpg,banded,fabric|clothing
f2c5c127-65ec-4b70-a1b2-be57d80820aa,images/f2c5c127-65ec-4b70-a1b2-be57d80820aa.jpg,scaly,animal
b93407c9-c800-4100-98fc-5ad0f1ff67e4,images/b93407c9-c800-4100-98fc-5ad0f1ff67e4.jpg,zigzagged,painting|wallpaper
6260cec2-41c8-441d-ab81-371901d30064,images/6260cec2-41c8-441d-ab81-371901d30064.jpg,stained,home_furnishing|clothing
1a4d5d8d-4d0b-4ac4-ae5b-623d4d2567d0,images/1a4d5d8d-4d0b-4ac4-ae5b-623d4d2567d0.jpg,striped,animal|nature
21be365a-3875-4797-8ff8-89b38da0bd1f,images/21be365a-3875-4797-8ff8-89b38da0bd1f.jpg,stained,painting|wallpaper
50eaf68d-40f2-4a50-9caa-1b97fa92e70e,images/50eaf68d-40f2-4a50-9caa-1b97fa92e70e.jpg,banded,fabric|clothing
d30f45b4-6a29-4371-a9dc-0d864c05442c,images/d30f45b4-6a29-4371-a9dc-0d864c05442c.jpg,matted,home_furnishing
ad4e59b7-9271-4e7e-b957-5e484948f8a1,images/ad4e59b7-9271-4e7e-b957-5e484948f8a1.jpg,striped,painting|wallpaper
27d41bc0-86fb-410f-b914-2584b81e191e,images/27d41bc0-86fb-410f-b914-2584b81e191e.jpg,lined,clothing|home_furnishing
0bb54068-57ff-41de-97e9-f31d82b1b1bd,images/0bb54068-57ff-41de-97e9-f31d82b1b1bd.jpg,wrinkled,human
e48bfb40-4bed-4411-9862-0c23da5be7ad,images/e48bfb40-4bed-4411-9862-0c23da5be7ad.jpg,pleated,home_furnishing
48c49a6d-9ba9-4d12-a20b-0d0aabacfb21,images/48c49a6d-9ba9-4d12-a20b-0d0aabacfb21.jpg,meshed,home_furnishing|fabric
36215bf6-ab5e-4845-8ae3-55765f801687,images/36215bf6-ab5e-4845-8ae3-55765f801687.jpg,cracked,nature
f4ae6dc6-a9a8-4d5a-97cd-4d53bc150dbe,images/f4ae6dc6-a9a8-4d5a-97cd-4d53bc150dbe.jpg,paisley,home_furnishing|clothing
ff46c2c3-06dd-4884-8fb6-d21dff51a6cf,images/ff46c2c3-06dd-4884-8fb6-d21dff51a6cf.jpg,potholed,concrete
72ea7901-20c0-4278-abac-c053fb609d87,images/72ea7901-20c0-4278-abac-c053fb609d87.jpg,pleated,home_furnishing|clothing
d41c4ddf-e00f-4ba1-a415-4e04f6cb392c,images/d41c4ddf-e00f-4ba1-a415-4e04f6cb392c.jpg,pitted,wall
903aa0b2-323c-40c0-85ca-8140bfa52a29,images/903aa0b2-323c-40c0-85ca-8140bfa52a29.jpg,marbled,rock|nature
f0447e05-e7dd-47e4-9331-6e567617cd9a,images/f0447e05-e7dd-47e4-9331-6e567617cd9a.jpg,waffled,food
8d2825d4-b0d4-4057-bf7a-b4f7e0a773bc,images/8d2825d4-b0d4-4057-bf7a-b4f7e0a773bc.jpg,lined,painting|wallpaper
66ac21ee-1708-4db0-96f3-14bbb1e00a6c,images/66ac21ee-1708-4db0-96f3-14bbb1e00a6c.jpg,marbled,rock|nature
d072f540-f6fc-411c-93d4-679fee3a95ff,images/d072f540-f6fc-411c-93d4-679fee3a95ff.jpg,grooved,plastic
8624e671-541a-474f-9819-59f9430135fd,images/8624e671-541a-474f-9819-59f9430135fd.jpg,cracked,nature|glass
899d6a8e-86ec-460e-924b-a50f70f9f131,images/899d6a8e-86ec-460e-924b-a50f70f9f131.jpg,lacelike,home_furnishing
12798370-a886-4032-a921-99c63d4ab8fa,images/12798370-a886-4032-a921-99c63d4ab8fa.jpg,honeycombed,plastic
db5de154-f924-45cb-b449-2e9e3ec0dc39,images/db5de154-f924-45cb-b449-2e9e3ec0dc39.jpg,zigzagged,painting|wallpaper
60c3642c-06fa-4113-96e1-9111213c0edb,images/60c3642c-06fa-4113-96e1-9111213c0edb.jpg,spiralled,painting|wallpaper
f1212209-325c-413f-98cb-91757295bdb2,images/f1212209-325c-413f-98cb-91757295bdb2.jpg,matted,hair
4fd5b6e6-26a6-4d7d-aa3f-0dee7fe10949,images/4fd5b6e6-26a6-4d7d-aa3f-0dee7fe10949.jpg,fibrous,nature
81564b4d-ce25-4fc7-ba8e-3425f46ad5a9,images/81564b4d-ce25-4fc7-ba8e-3425f46ad5a9.jpg,frilly,clothing|home_furnishing
5150d224-d3c2-4cf4-8ce5-ff375e515206,images/5150d224-d3c2-4cf4-8ce5-ff375e515206.jpg,honeycombed,nature|food
c72abc3c-0238-47f9-a272-39d9486c17fe,images/c72abc3c-0238-47f9-a272-39d9486c17fe.jpg,pitted,concrete
d3b47545-4e29-4013-b469-30539db6698b,images/d3b47545-4e29-4013-b469-30539db6698b.jpg,zigzagged,wood
ce8e457c-65e0-42fc-8cb1-3d3be416d45f,images/ce8e457c-65e0-42fc-8cb1-3d3be416d45f.jpg,studded,home_furnishing|clothing
66c39588-e48d-4313-8bfe-3564677743e1,images/66c39588-e48d-4313-8bfe-3564677743e1.jpg,grooved,metal|painting
f6d6d274-5200-4e25-88cf-37cc51a67394,images/f6d6d274-5200-4e25-88cf-37cc51a67394.jpg,striped,home_furnishing|clothing
d9b3ae95-42f4-48df-9de0-fd146de8ba83,images/d9b3ae95-42f4-48df-9de0-fd146de8ba83.jpg,grooved,concrete
529b7a96-67d1-4653-b7a3-2e575a944ea0,images/529b7a96-67d1-4653-b7a3-2e575a944ea0.jpg,pleated,paper
b382877f-13da-451d-9ca5-709ff457ddd0,images/b382877f-13da-451d-9ca5-709ff457ddd0.jpg,flecked,clothing
b9c5e0c0-1270-419a-a05c-8afb0a7e3f46,images/b9c5e0c0-1270-419a-a05c-8afb0a7e3f46.jpg,sprinkled,food
6a9e9127-2eca-486c-a5c5-8caa75819199,images/6a9e9127-2eca-486c-a5c5-8caa75819199.jpg,grid,wallpaper|painting
0c12fe1a-34ab-416c-a474-d8cff335bb63,images/0c12fe1a-34ab-416c-a474-d8cff335bb63.jpg,lacelike,home_furnishing
7db89d91-bc1b-45e6-96c6-540a34da3fb5,images/7db89d91-bc1b-45e6-96c6-540a34da3fb5.jpg,pleated,home_furnishing|paper
f6186bd8-545a-4356-be8c-032a84f2d80a,images/f6186bd8-545a-4356-be8c-032a84f2d80a.jpg,lined,paper
bb096597-f6f1-4f16-8d17-3245266319b7,images/bb096597-f6f1-4f16-8d17-3245266319b7.jpg,honeycombed,plastic
4d7bb6c1-d963-4669-b4b9-854c94b3de37,images/4d7bb6c1-d963-4669-b4b9-854c94b3de37.jpg,chequered,clothing|home_furnishing
c92cf8cf-6a60-4965-a5f5-95309170b83f,images/c92cf8cf-6a60-4965-a5f5-95309170b83f.jpg,veined,nature|tree
b8b0a49b-3a38-41c4-b733-317766dfc6e4,images/b8b0a49b-3a38-41c4-b733-317766dfc6e4.jpg,chequered,wallpaper|painting
8c1709d7-6966-42e1-a8c2-2337cd9cc0c2,images/8c1709d7-6966-42e1-a8c2-2337cd9cc0c2.jpg,meshed,plastic
2881bf3c-4c71-473f-8ab7-1c2ffc65c5bf,images/2881bf3c-4c71-473f-8ab7-1c2ffc65c5bf.jpg,gauzy,home_furnishing|clothing
2b282aa1-d147-4c30-9181-902ef88903a2,images/2b282aa1-d147-4c30-9181-902ef88903a2.jpg,cracked,nature|wood
76511026-b90f-4827-9189-d5dfff64070d,images/76511026-b90f-4827-9189-d5dfff64070d.jpg,polka-dotted,home_furnishing|clothing
281b7048-ac99-47bc-a473-1ae6c2530693,images/281b7048-ac99-47bc-a473-1ae6c2530693.jpg,grooved,plastic
5b00b706-4f34-4143-be70-6f315c570860,images/5b00b706-4f34-4143-be70-6f315c570860.jpg,lacelike,painting|wallpaper
f3c0110b-5fa0-447f-a27e-0b8b165ee656,images/f3c0110b-5fa0-447f-a27e-0b8b165ee656.jpg,crystalline,nature|rock
1d667101-d0cb-4fbf-b9a4-c7b3e657b859,images/1d667101-d0cb-4fbf-b9a4-c7b3e657b859.jpg,banded,fabric|clothing
958dc837-2b9f-49cc-8b34-1aa80852305c,images/958dc837-2b9f-49cc-8b34-1aa80852305c.jpg,stratified,rock|nature
2d935525-ff89-4785-b909-51476fd1db8d,images/2d935525-ff89-4785-b909-51476fd1db8d.jpg,matted,nature
7fe2791d-e90a-4a5a-b0aa-ee0f107c387d,images/7fe2791d-e90a-4a5a-b0aa-ee0f107c387d.jpg,cracked,nature
398a5a24-82bd-4234-8bcd-712f0d39f6ad,images/398a5a24-82bd-4234-8bcd-712f0d39f6ad.jpg,pleated,home_furnishing
a99f5fd5-5a1c-43cd-bc22-9a360f5bfd12,images/a99f5fd5-5a1c-43cd-bc22-9a360f5bfd12.jpg,veined,nature|animal
1a7f808f-4f35-4e65-a6c5-250afb3037f8,images/1a7f808f-4f35-4e65-a6c5-250afb3037f8.jpg,sprinkled,painting|wallpaper
d81a33e3-81a3-4fde-8fa4-b860e644ef69,images/d81a33e3-81a3-4fde-8fa4-b860e644ef69.jpg,grooved,rock
f9c8b7e6-5846-494a-8c38-b7a2b8c11192,images/f9c8b7e6-5846-494a-8c38-b7a2b8c11192.jpg,bumpy,nature|food
852c02ff-6b1b-4f67-99b1-a6eccf3ea038,images/852c02ff-6b1b-4f67-99b1-a6eccf3ea038.jpg,pleated,home_furnishing|paper
c5f3ff67-4d46-45b7-a820-b5c1c6e69abd,images/c5f3ff67-4d46-45b7-a820-b5c1c6e69abd.jpg,flecked,clothing|fabric
489b5953-6159-4400-8832-b4f52fec3c4a,images/489b5953-6159-4400-8832-b4f52fec3c4a.jpg,zigzagged,metal
9d871741-0807-46b4-954a-5abb6308a21a,images/9d871741-0807-46b4-954a-5abb6308a21a.jpg,stratified,rock|nature
78ba05d5-d954-46cd-b35c-f7b236a477f8,images/78ba05d5-d954-46cd-b35c-f7b236a477f8.jpg,cobwebbed,nature
67dbf0cd-49de-412b-9310-d1727c421efc,images/67dbf0cd-49de-412b-9310-d1727c421efc.jpg,matted,nature
d2fdb216-8d6d-411c-91c9-941d9a68d0da,images/d2fdb216-8d6d-411c-91c9-941d9a68d0da.jpg,scaly,animal
b9dfad09-85d4-4969-9d71-8ef3e402ad06,images/b9dfad09-85d4-4969-9d71-8ef3e402ad06.jpg,porous,rock|nature
12ac46dd-2a07-4e6b-a93c-0b9cddc024c1,images/12ac46dd-2a07-4e6b-a93c-0b9cddc024c1.jpg,bumpy,nature|metal
316e8e61-9cbc-446e-aa26-8922d7354120,images/316e8e61-9cbc-446e-aa26-8922d7354120.jpg,smeared,painting|wallpaper
a7232d0d-b128-43ea-96b9-0b6904477eef,images/a7232d0d-b128-43ea-96b9-0b6904477eef.jpg,polka-dotted,home_furnishing|clothing
cc42f7e6-ceb6-4088-a9a1-433214ed2f20,images/cc42f7e6-ceb6-4088-a9a1-433214ed2f20.jpg,bumpy,nature|rock
dcc94bb5-b4e3-404a-8387-db48d3bbc756,images/dcc94bb5-b4e3-404a-8387-db48d3bbc756.jpg,pleated,home_furnishing
7ca2d2d4-f2d4-41c9-82ac-c2deedd67835,images/7ca2d2d4-f2d4-41c9-82ac-c2deedd67835.jpg,studded,home_furnishing|clothing
20fea0f8-b808-456e-ae2b-f5ca7c89978e,images/20fea0f8-b808-456e-ae2b-f5ca7c89978e.jpg,blotchy,nature
02730867-af32-486f-a5c3-24bc87505e96,images/02730867-af32-486f-a5c3-24bc87505e96.jpg,striped,home_furnishing|clothing
941d3184-81c9-4c1e-ac6e-005642ffb492,images/941d3184-81c9-4c1e-ac6e-005642ffb492.jpg,crystalline,nature|rock
3b68ffbe-05d0-45bc-a154-0af00c4b569a,images/3b68ffbe-05d0-45bc-a154-0af00c4b569a.jpg,pleated,home_furnishing
a283b634-ad2e-40c2-85fd-5ca89c60e0cd,images/a283b634-ad2e-40c2-85fd-5ca89c60e0cd.jpg,woven,home_furnishing|clothing|fabric
50cc9c27-5c94-4d1a-9304-e2a1b9edf131,images/50cc9c27-5c94-4d1a-9304-e2a1b9edf131.jpg,polka-dotted,home_furnishing|clothing
ed62ebe9-ef73-4b82-9be2-ec59ee1554d9,images/ed62ebe9-ef73-4b82-9be2-ec59ee1554d9.jpg,dotted,clothing|home_furnishing
c91fa710-5ca1-4a29-9841-9b58d1e5c65f,images/c91fa710-5ca1-4a29-9841-9b58d1e5c65f.jpg,grid,wallpaper|painting
4f301342-b614-4bcd-ba1a-a6f3b34e61d0,images/4f301342-b614-4bcd-ba1a-a6f3b34e61d0.jpg,chequered,home_furnishing|clothing|fabric
f89ee2de-3b24-4e4d-8d30-665836252c03,images/f89ee2de-3b24-4e4d-8d30-665836252c03.jpg,crosshatched,clothing|home_furnishing
22e81f28-84f4-43dc-981c-22868c82ef7b,images/22e81f28-84f4-43dc-981c-22868c82ef7b.jpg,flecked,clothing|fabric
bac42852-c8c7-48f4-bbfc-ea21d5ee6a96,images/bac42852-c8c7-48f4-bbfc-ea21d5ee6a96.jpg,marbled,rock|nature
34197702-afca-4753-85f9-d493de45202f,images/34197702-afca-4753-85f9-d493de45202f.jpg,scaly,home_furnishing|clothing
7ce93181-734f-4107-86f1-b8e9292ae668,images/7ce93181-734f-4107-86f1-b8e9292ae668.jpg,freckled,human
057de409-d58d-4888-9ec6-eba879aca414,images/057de409-d58d-4888-9ec6-eba879aca414.jpg,cracked,nature
ffe0c9c6-c1d1-4cc5-8846-34af092f1dfb,images/ffe0c9c6-c1d1-4cc5-8846-34af092f1dfb.jpg,cobwebbed,wallpaper|painting
0c81de11-8b47-4fa9-a0d5-b33db762590a,images/0c81de11-8b47-4fa9-a0d5-b33db762590a.jpg,studded,home_furnishing|clothing
5ce584d0-714b-40c6-bdca-c53caa8547d1,images/5ce584d0-714b-40c6-bdca-c53caa8547d1.jpg,potholed,rock|nature
48e6cfbc-881f-43b3-ab5e-a6a7ab7e8ddb,images/48e6cfbc-881f-43b3-ab5e-a6a7ab7e8ddb.jpg,dotted,clothing|home_furnishing
f083227f-9655-4698-8bbd-c0e202c91ece,images/f083227f-9655-4698-8bbd-c0e202c91ece.jpg,marbled,rock|nature
a6e7d718-14f4-4d20-bfd2-9323a7d52f47,images/a6e7d718-14f4-4d20-bfd2-9323a7d52f47.jpg,bumpy,metal
43e2c8f7-a747-4b40-a3e2-cd01352fdb5a,images/43e2c8f7-a747-4b40-a3e2-cd01352fdb5a.jpg,cobwebbed,clothing|home_furnishing|fabric
4f5061d5-801c-419b-92cf-f75b7fb7870a,images/4f5061d5-801c-419b-92cf-f75b7fb7870a.jpg,banded,fabric|clothing|wallpaper
ac9331be-187f-4078-9127-e19974a68512,images/ac9331be-187f-4078-9127-e19974a68512.jpg,lacelike,home_furnishing
43b63a50-08b3-46df-aff1-0b103642f51d,images/43b63a50-08b3-46df-aff1-0b103642f51d.jpg,grid,wallpaper|painting
43b5d9f3-55d9-4794-80ec-696e024c1745,images/43b5d9f3-55d9-4794-80ec-696e024c1745.jpg,pitted,wall|painting
31cb65df-701f-4d1e-988f-fbd94bc87154,images/31cb65df-701f-4d1e-988f-fbd94bc87154.jpg,spiralled,home_furnishing|fabric
a7f90be4-efb0-41d3-bbf7-f3474c2b5c4b,images/a7f90be4-efb0-41d3-bbf7-f3474c2b5c4b.jpg,wrinkled,animal
15760a38-bd56-4b14-8ca6-aca786dfd63d,images/15760a38-bd56-4b14-8ca6-aca786dfd63d.jpg,striped,home_furnishing|clothing
9e852d01-45d6-4f99-9c4e-8bdf9954b711,images/9e852d01-45d6-4f99-9c4e-8bdf9954b711.jpg,crosshatched,painting|wallpaper
26cad09b-9ea6-4837-bc91-af41803cb612,images/26cad09b-9ea6-4837-bc91-af41803cb612.jpg,perforated,home_furnishing|clothing
9821624f-a8e9-4444-95d1-3dbb0f13bf82,images/9821624f-a8e9-4444-95d1-3dbb0f13bf82.jpg,gauzy,clothing|home_furnishing
c375ca05-6e39-4484-ad3e-b38d58d38251,images/c375ca05-6e39-4484-ad3e-b38d58d38251.jpg,crosshatched,painting|wallpaper
752d672f-c8a9-4057-9d1e-db2a40fb835f,images/752d672f-c8a9-4057-9d1e-db2a40fb835f.jpg,stained,home_furnishing|clothing
47e4eeaa-0a74-45ac-833c-c0fb2b6fa35a,images/47e4eeaa-0a74-45ac-833c-c0fb2b6fa35a.jpg,striped,animal
704b5f40-912c-47d6-a799-6c93da377a16,images/704b5f40-912c-47d6-a799-6c93da377a16.jpg,braided,man_made|food
4a4823bf-b495-43cf-a24b-6b1d3691901d,images/4a4823bf-b495-43cf-a24b-6b1d3691901d.jpg,meshed,metal
2306fb08-0721-4718-852d-a1a8e6a3f77b,images/2306fb08-0721-4718-852d-a1a8e6a3f77b.jpg,freckled,human
70d4536d-78b9-4102-a381-dfd14524a0dd,images/70d4536d-78b9-4102-a381-dfd14524a0dd.jpg,polka-dotted,home_furnishing|clothing
ecdfb3c1-5003-4193-a3db-51eff17affe7,images/ecdfb3c1-5003-4193-a3db-51eff17affe7.jpg,dotted,clothing|home_furnishing
448c165a-895f-4baa-966a-7f6395c7ee4f,images/448c165a-895f-4baa-966a-7f6395c7ee4f.jpg,potholed,concrete
eaf19c09-898d-415d-b2c9-1a90fb1c2af3,images/eaf19c09-898d-415d-b2c9-1a90fb1c2af3.jpg,perforated,metal
68fbc662-942a-42ff-b243-13f1ce3af359,images/68fbc662-942a-42ff-b243-13f1ce3af359.jpg,smeared,painting|wallpaper
08a27453-3c35-4c66-ae19-ea47661dc7ea,images/08a27453-3c35-4c66-ae19-ea47661dc7ea.jpg,flecked,wallpaper|painting
5133e14d-a9d7-453f-a25f-b6a4a39b4c70,images/5133e14d-a9d7-453f-a25f-b6a4a39b4c70.jpg,frilly,clothing|home_furnishing
d32ae51c-d1c6-455f-8055-6ee58ca9c547,images/d32ae51c-d1c6-455f-8055-6ee58ca9c547.jpg,cracked,nature
e7cc9153-08d8-41f1-8b6f-3763043bcaa8,images/e7cc9153-08d8-41f1-8b6f-3763043bcaa8.jpg,blotchy,nature|tree
e42ba61b-ebee-4daa-b8dc-880e65f71d70,images/e42ba61b-ebee-4daa-b8dc-880e65f71d70.jpg,woven,painting|wallpaper
6cf3369e-1e4e-445f-837f-aaf3ca9af2c2,images/6cf3369e-1e4e-445f-837f-aaf3ca9af2c2.jpg,grid,wallpaper|painting
f383304e-690e-4881-8084-4b6bbba92435,images/f383304e-690e-4881-8084-4b6bbba92435.jpg,studded,home_furnishing|clothing
9e461a67-1178-4c4c-9f31-b3ed75f537c4,images/9e461a67-1178-4c4c-9f31-b3ed75f537c4.jpg,paisley,home_furnishing
d8315d07-0e2b-4f5a-bdb9-3c1a6a433a24,images/d8315d07-0e2b-4f5a-bdb9-3c1a6a433a24.jpg,pleated,home_furnishing
a1d3802a-5575-47fc-81b0-71d51f2780da,images/a1d3802a-5575-47fc-81b0-71d51f2780da.jpg,stained,painting|wallpaper
5cd01fbc-9baa-4606-8872-0c026317100a,images/5cd01fbc-9baa-4606-8872-0c026317100a.jpg,pleated,home_furnishing
8e67ffc6-9606-41c9-9145-8c179e58d8ef,images/8e67ffc6-9606-41c9-9145-8c179e58d8ef.jpg,banded,fabric|clothing
8596809f-1f21-4c98-9a7e-7c0a0a4e5ac3,images/8596809f-1f21-4c98-9a7e-7c0a0a4e5ac3.jpg,gauzy,clothing|home_furnishing
f40cc5af-5221-4db6-be6a-989db0c579b6,images/f40cc5af-5221-4db6-be6a-989db0c579b6.jpg,sprinkled,food
746728f5-b8bb-4eaa-b9d8-0be766243260,images/746728f5-b8bb-4eaa-b9d8-0be766243260.jpg,matted,nature
62cea737-3315-45c4-b7ca-988bc46e884e,images/62cea737-3315-45c4-b7ca-988bc46e884e.jpg,veined,nature
77a11c3d-6863-48ef-a852-6fff570a4e8b,images/77a11c3d-6863-48ef-a852-6fff570a4e8b.jpg,spiralled,painting|wallpaper
3af7a439-f135-497b-8a74-fcf037f5165a,images/3af7a439-f135-497b-8a74-fcf037f5165a.jpg,veined,nature
787d3c44-d645-42e8-900b-1019d73ee41e,images/787d3c44-d645-42e8-900b-1019d73ee41e.jpg,spiralled,metal
62be57d9-2a46-4a1d-bd61-a6c57f3728c4,images/62be57d9-2a46-4a1d-bd61-a6c57f3728c4.jpg,stained,home_furnishing|clothing
721917f3-6252-459d-b2c2-dfa3797acfad,images/721917f3-6252-459d-b2c2-dfa3797acfad.jpg,gauzy,clothing|home_furnishing
1067846b-064d-4fce-9b09-f3b67db83268,images/1067846b-064d-4fce-9b09-f3b67db83268.jpg,pitted,food|nature
a1f55e82-2af9-48f2-824e-eb55ce8a06a4,images/a1f55e82-2af9-48f2-824e-eb55ce8a06a4.jpg,knitted,clothing|home_furnishing|fabric
78c0bdfd-926b-47d1-a847-00acc177ba7e,images/78c0bdfd-926b-47d1-a847-00acc177ba7e.jpg,marbled,rock|nature
119ae394-f4ea-428a-9344-efcce3bc9b98,images/119ae394-f4ea-428a-9344-efcce3bc9b98.jpg,spiralled,home_furnishing
3e34e238-b7f6-4aeb-921d-51345f0d223b,images/3e34e238-b7f6-4aeb-921d-51345f0d223b.jpg,braided,fabric|clothing
be226fe7-b918-44c8-b7bd-da3cfbe8c569,images/be226fe7-b918-44c8-b7bd-da3cfbe8c569.jpg,striped,animal
3d8e57f0-c900-47cd-be0f-19e73834d2c8,images/3d8e57f0-c900-47cd-be0f-19e73834d2c8.jpg,bumpy,concrete
c50a26cf-1c5b-49b0-83f7-74664f112b06,images/c50a26cf-1c5b-49b0-83f7-74664f112b06.jpg,smeared,painting|wallpaper
f7525488-a580-42dc-940c-406ca7c6d5ae,images/f7525488-a580-42dc-940c-406ca7c6d5ae.jpg,paisley,wallpaper|painting
78c0b376-7c90-47e4-a701-34be44aa795e,images/78c0b376-7c90-47e4-a701-34be44aa795e.jpg,crosshatched,painting|wallpaper
7c29c7be-b536-4450-a98e-aff6dbc1b06e,images/7c29c7be-b536-4450-a98e-aff6dbc1b06e.jpg,pleated,home_furnishing|clothing
21460404-7780-4d7f-bd60-0c4aa7d3dbd9,images/21460404-7780-4d7f-bd60-0c4aa7d3dbd9.jpg,fibrous,nature
4f472b43-f04d-434a-95dd-6570b8aed08f,images/4f472b43-f04d-434a-95dd-6570b8aed08f.jpg,knitted,clothing|fabric
ea2dc218-f07a-45ba-803a-3803d617590d,images/ea2dc218-f07a-45ba-803a-3803d617590d.jpg,freckled,human
100d9f4b-9541-40ee-9ef8-6501e80ae94c,images/100d9f4b-9541-40ee-9ef8-6501e80ae94c.jpg,braided,fabric|clothing|home_furnishing
71248a63-c644-42bf-a8ed-162193478478,images/71248a63-c644-42bf-a8ed-162193478478.jpg,knitted,clothing|home_furnishing|fabric
a300d2bf-f3c7-4018-a3c3-5ac2d6e17139,images/a300d2bf-f3c7-4018-a3c3-5ac2d6e17139.jpg,veined,nature
205299e1-052c-4798-8de9-ad765d46b7a7,images/205299e1-052c-4798-8de9-ad765d46b7a7.jpg,flecked,wallpaper|painting
67ec6c8d-fd77-4a11-9e38-d88f44981ae8,images/67ec6c8d-fd77-4a11-9e38-d88f44981ae8.jpg,stratified,rock|nature
a952bfa9-7816-453d-a11a-b347db587fd1,images/a952bfa9-7816-453d-a11a-b347db587fd1.jpg,porous,concrete
c1227f91-1404-45a7-bf4c-d1cb5cee47e4,images/c1227f91-1404-45a7-bf4c-d1cb5cee47e4.jpg,matted,nature
c910592c-51fb-4a1c-9dfb-4d52ef1f61d5,images/c910592c-51fb-4a1c-9dfb-4d52ef1f61d5.jpg,veined,nature|wood
89e73a7a-a29a-4f0a-9236-2227ee5d7a64,images/89e73a7a-a29a-4f0a-9236-2227ee5d7a64.jpg,paisley,home_furnishing
0d903419-0ccb-483a-95a3-2c17bbac2a8f,images/0d903419-0ccb-483a-95a3-2c17bbac2a8f.jpg,stained,painting|wallpaper
2b3c9ba5-af03-4b9e-bbae-5cb57f4f1285,images/2b3c9ba5-af03-4b9e-bbae-5cb57f4f1285.jpg,lacelike,painting|wallpaper
520703df-9f12-485c-a18e-88f60e0c1225,images/520703df-9f12-485c-a18e-88f60e0c1225.jpg,frilly,clothing|home_furnishing
5b52a727-6627-4b82-90f5-03dad2b1f5d1,images/5b52a727-6627-4b82-90f5-03dad2b1f5d1.jpg,perforated,home_furnishing|metal
04141221-1f4d-4db3-979e-54a67ae80b95,images/04141221-1f4d-4db3-979e-54a67ae80b95.jpg,stained,painting|wallpaper
963f4f09-f25a-4ccf-b116-66835527b8ba,images/963f4f09-f25a-4ccf-b116-66835527b8ba.jpg,marbled,rock|nature
2d7593fb-db49-4763-855e-252f63a55a20,images/2d7593fb-db49-4763-855e-252f63a55a20.jpg,crosshatched,painting|wallpaper
a118c2bc-3860-43ea-930b-d8b23aa3baa2,images/a118c2bc-3860-43ea-930b-d8b23aa3baa2.jpg,stained,clothing
98ce869c-e08f-4e68-b497-803ee56f6d69,images/98ce869c-e08f-4e68-b497-803ee56f6d69.jpg,gauzy,home_furnishing
84e5c17b-0b8c-4474-b742-ab317f89651e,images/84e5c17b-0b8c-4474-b742-ab317f89651e.jpg,woven,home_furnishing|wood
ac591d8c-d756-4a01-aff3-bbe5869a5a70,images/ac591d8c-d756-4a01-aff3-bbe5869a5a70.jpg,fibrous,home_furnishing|metal
e6e2818b-a60b-4105-bbc0-c87137767089,images/e6e2818b-a60b-4105-bbc0-c87137767089.jpg,lined,clothing|home_furnishing
9a121484-3ed7-4529-9169-32d29e93e9ac,images/9a121484-3ed7-4529-9169-32d29e93e9ac.jpg,gauzy,clothing|fabric
6c04c4ff-244a-4353-86ce-744b81caeb2b,images/6c04c4ff-244a-4353-86ce-744b81caeb2b.jpg,perforated,home_furnishing
16b0a07b-a38b-416a-9411-219d7508f488,images/16b0a07b-a38b-416a-9411-219d7508f488.jpg,knitted,clothing|fabric
b770c671-0566-4f96-ac82-abe6f10973d6,images/b770c671-0566-4f96-ac82-abe6f10973d6.jpg,frilly,clothing|home_furnishing
410f675f-565d-463d-ac04-6da5ba04d7c7,images/410f675f-565d-463d-ac04-6da5ba04d7c7.jpg,frilly,nature|food
2fc6f121-3cf8-4785-b24b-0b5a24ca69c3,images/2fc6f121-3cf8-4785-b24b-0b5a24ca69c3.jpg,braided,fabric|home_furnishing
11fe465e-ea57-4ce4-895c-a2265f2411e5,images/11fe465e-ea57-4ce4-895c-a2265f2411e5.jpg,lacelike,clothing|home_furnishing
0cfdf5b1-7562-45ea-8d64-3435af5c2139,images/0cfdf5b1-7562-45ea-8d64-3435af5c2139.jpg,knitted,clothing|home_furnishing|fabric
7c24fed9-a255-41a4-8541-735caee85b16,images/7c24fed9-a255-41a4-8541-735caee85b16.jpg,potholed,concrete
fc504c1f-d059-4622-8e0d-3180c4d90991,images/fc504c1f-d059-4622-8e0d-3180c4d90991.jpg,pitted,rock|nature
b9049e4c-bad8-43d7-ae0a-06d170097cd7,images/b9049e4c-bad8-43d7-ae0a-06d170097cd7.jpg,polka-dotted,home_furnishing|clothing
3529a9c5-dc62-43a8-a0a1-b2ad17a8e5d9,images/3529a9c5-dc62-43a8-a0a1-b2ad17a8e5d9.jpg,grooved,concrete
c584fe06-338d-4865-901b-48fb821273b6,images/c584fe06-338d-4865-901b-48fb821273b6.jpg,knitted,clothing|home_furnishing|fabric
82150cd3-2490-4e52-824e-1e2d3f28c7ea,images/82150cd3-2490-4e52-824e-1e2d3f28c7ea.jpg,stained,painting|wallpaper
552c7ac2-c0df-45e7-9148-4800522e60a1,images/552c7ac2-c0df-45e7-9148-4800522e60a1.jpg,polka-dotted,home_furnishing|clothing
8ce82e36-2c81-4c7b-a743-0f1ad3a6e2c5,images/8ce82e36-2c81-4c7b-a743-0f1ad3a6e2c5.jpg,interlaced,clothing|home_furnishing
b012f761-349b-4dd7-855d-aa517e74badc,images/b012f761-349b-4dd7-855d-aa517e74badc.jpg,paisley,home_furnishing
141b6464-ddd9-4d5a-beb4-74e36f17dccd,images/141b6464-ddd9-4d5a-beb4-74e36f17dccd.jpg,bumpy,concrete
4900b1a2-d387-48e8-9d89-eea4d41b316b,images/4900b1a2-d387-48e8-9d89-eea4d41b316b.jpg,polka-dotted,home_furnishing|clothing
0737dcd0-adc7-4fbe-9e9b-d28f3ed86e0c,images/0737dcd0-adc7-4fbe-9e9b-d28f3ed86e0c.jpg,lined,clothing|home_furnishing
9b754f2c-9643-419c-b55b-32fe3288cad0,images/9b754f2c-9643-419c-b55b-32fe3288cad0.jpg,gauzy,home_furnishing
bcf3b4cf-c688-4f61-8556-04596ddb7552,images/bcf3b4cf-c688-4f61-8556-04596ddb7552.jpg,cobwebbed,food
84ad4fbb-84a2-4673-9dbe-85dac1468aff,images/84ad4fbb-84a2-4673-9dbe-85dac1468aff.jpg,crosshatched,painting|wallpaper
11a3a16f-3801-41b9-9520-f3be098cb228,images/11a3a16f-3801-41b9-9520-f3be098cb228.jpg,veined,nature
c4069b75-8443-4d25-9fef-cca4b7910e1c,images/c4069b75-8443-4d25-9fef-cca4b7910e1c.jpg,dotted,food
1d7ff5af-c2ab-4622-8e83-807dc9090bc1,images/1d7ff5af-c2ab-4622-8e83-807dc9090bc1.jpg,knitted,clothing|home_furnishing|fabric
d6192db5-8399-428d-9aa7-9617cde19f63,images/d6192db5-8399-428d-9aa7-9617cde19f63.jpg,polka-dotted,home_furnishing|clothing
224b2ae1-574c-4d33-9ab0-f9b9d87dbb0b,images/224b2ae1-574c-4d33-9ab0-f9b9d87dbb0b.jpg,waffled,home_furnishing|clothing
c720d1f8-9995-4575-a34e-0ab56f564838,images/c720d1f8-9995-4575-a34e-0ab56f564838.jpg,grooved,concrete
43477870-0112-4f06-9af0-5133472eaa0d,images/43477870-0112-4f06-9af0-5133472eaa0d.jpg,pitted,wall|painting
c2c4ed7a-22df-4358-b148-6b88dafee119,images/c2c4ed7a-22df-4358-b148-6b88dafee119.jpg,waffled,food
ca344c4d-b371-4ceb-a6c8-fcacb581d83f,images/ca344c4d-b371-4ceb-a6c8-fcacb581d83f.jpg,lacelike,home_furnishing
3fb73a9f-76d5-4b8a-946a-11c6e4773f1a,images/3fb73a9f-76d5-4b8a-946a-11c6e4773f1a.jpg,sprinkled,painting|wallpaper
498cbc10-191f-43c1-a7e8-27991186bd59,images/498cbc10-191f-43c1-a7e8-27991186bd59.jpg,banded,fabric|clothing|wallpaper
9baaffa8-7ffb-4125-a45f-c985a12688b0,images/9baaffa8-7ffb-4125-a45f-c985a12688b0.jpg,crosshatched,painting|wallpaper
a14cf8fc-ed07-43c5-babe-14f2279f34b3,images/a14cf8fc-ed07-43c5-babe-14f2279f34b3.jpg,bumpy,concrete
891407e8-8267-4413-b243-32e279d390c7,images/891407e8-8267-4413-b243-32e279d390c7.jpg,cracked,nature
88eb6162-f0f2-4017-822e-95d518c98a32,images/88eb6162-f0f2-4017-822e-95d518c98a32.jpg,scaly,animal
e3d5330a-c5ea-4739-9099-b6ffc36b0d77,images/e3d5330a-c5ea-4739-9099-b6ffc36b0d77.jpg,smeared,painting|wallpaper
e98e4fc7-739e-45e8-8e98-13836b278d35,images/e98e4fc7-739e-45e8-8e98-13836b278d35.jpg,fibrous,nature
de2629a0-c157-497b-a2e1-7e6452bb855d,images/de2629a0-c157-497b-a2e1-7e6452bb855d.jpg,potholed,rock|nature
ee65fd47-13ec-4448-a1b7-7d370273405a,images/ee65fd47-13ec-4448-a1b7-7d370273405a.jpg,grid,glass
f7be1f2c-dd38-4785-9b6f-4f64eab3240b,images/f7be1f2c-dd38-4785-9b6f-4f64eab3240b.jpg,cobwebbed,nature
57921a30-4f9d-4c0b-a518-60671e69ece7,images/57921a30-4f9d-4c0b-a518-60671e69ece7.jpg,zigzagged,metal
d8589611-6908-4b68-abb5-be9b729ceb1c,images/d8589611-6908-4b68-abb5-be9b729ceb1c.jpg,flecked,wallpaper|painting
c6ccc1cb-615f-4d3c-989d-3cad8e4eaccc,images/c6ccc1cb-615f-4d3c-989d-3cad8e4eaccc.jpg,marbled,rock|nature
79e8f8d6-4116-492f-acf8-fe0dc00200ab,images/79e8f8d6-4116-492f-acf8-fe0dc00200ab.jpg,blotchy,nature|tree
6a3b2136-54d0-466b-858d-4d87fd084cb6,images/6a3b2136-54d0-466b-858d-4d87fd084cb6.jpg,banded,fabric|clothing
c80dbf2a-8eb8-42b0-97b6-6bba12eb6ac5,images/c80dbf2a-8eb8-42b0-97b6-6bba12eb6ac5.jpg,sprinkled,food
6a26ae2c-b1ee-4436-b60c-59ccf08189d6,images/6a26ae2c-b1ee-4436-b60c-59ccf08189d6.jpg,lacelike,home_furnishing
e4db32e4-2084-4920-b2a8-9af8a461e211,images/e4db32e4-2084-4920-b2a8-9af8a461e211.jpg,veined,nature
2947e177-2da5-45ee-9224-cc4ecd2a601f,images/2947e177-2da5-45ee-9224-cc4ecd2a601f.jpg,lacelike,clothing|home_furnishing
309c218c-087b-4a97-83c6-4de2bbc30c93,images/309c218c-087b-4a97-83c6-4de2bbc30c93.jpg,grooved,metal
c3be041f-efa8-4b4f-91e6-fd2d1ee8235f,images/c3be041f-efa8-4b4f-91e6-fd2d1ee8235f.jpg,paisley,home_furnishing
bbb7c8fb-c1e2-48fa-94be-7fc180e44992,images/bbb7c8fb-c1e2-48fa-94be-7fc180e44992.jpg,cracked,home_furnishing
e6b6b380-2c64-4648-bd50-2e7f3ce4acd0,images/e6b6b380-2c64-4648-bd50-2e7f3ce4acd0.jpg,stratified,rock|nature
f6b01cd0-9517-48b0-a2e2-4a2e603a2933,images/f6b01cd0-9517-48b0-a2e2-4a2e603a2933.jpg,grooved,concrete
28987330-99ca-4715-8d28-cbe78025b8cd,images/28987330-99ca-4715-8d28-cbe78025b8cd.jpg,blotchy,nature|rock
81372ea9-1aeb-48cd-9457-d6c7991e3d42,images/81372ea9-1aeb-48cd-9457-d6c7991e3d42.jpg,chequered,wallpaper|painting
deccaa8a-514e-47d9-bdbf-820f13d3e00a,images/deccaa8a-514e-47d9-bdbf-820f13d3e00a.jpg,waffled,plastic|home_furnishing
fc031896-412c-4ea9-adb1-1998ff499241,images/fc031896-412c-4ea9-adb1-1998ff499241.jpg,swirly,painting|wallpaper
3d8cd842-4957-4885-9029-f735421f4a7a,images/3d8cd842-4957-4885-9029-f735421f4a7a.jpg,marbled,rock|nature
353e1131-b6ca-44a3-9dec-f228effede28,images/353e1131-b6ca-44a3-9dec-f228effede28.jpg,smeared,painting|wallpaper
b32fa648-2228-4acd-a3ad-2af954e871b6,images/b32fa648-2228-4acd-a3ad-2af954e871b6.jpg,cobwebbed,wallpaper|painting
6ee8bc56-8bb5-47a6-abbb-7fe958594613,images/6ee8bc56-8bb5-47a6-abbb-7fe958594613.jpg,crystalline,nature|rock
59e60d6d-601f-4a52-a768-f62045dc112f,images/59e60d6d-601f-4a52-a768-f62045dc112f.jpg,cracked,glass
a9d25fbc-6ecc-4f8f-8b7b-166b5bcb54fc,images/a9d25fbc-6ecc-4f8f-8b7b-166b5bcb54fc.jpg,stratified,rock|nature
7f3cb30d-5280-490d-9578-4f81a3533196,images/7f3cb30d-5280-490d-9578-4f81a3533196.jpg,smeared,painting|wallpaper
30a4fe67-f6ac-454a-95b0-3788b4dc8be7,images/30a4fe67-f6ac-454a-95b0-3788b4dc8be7.jpg,flecked,wallpaper|painting
307a78a5-8b8f-4863-809d-6d297bd15615,images/307a78a5-8b8f-4863-809d-6d297bd15615.jpg,lined,painting|wallpaper
9e556937-90aa-4972-8613-0944bf7f6687,images/9e556937-90aa-4972-8613-0944bf7f6687.jpg,potholed,rock|nature
a33b19f8-2cb1-4e33-85e3-775c58db3d17,images/a33b19f8-2cb1-4e33-85e3-775c58db3d17.jpg,grid,glass
40bc505f-9e83-4ace-bf00-4f72ba49eb22,images/40bc505f-9e83-4ace-bf00-4f72ba49eb22.jpg,spiralled,animal
6611ad6b-e50b-4b27-9491-b7c7d91b608a,images/6611ad6b-e50b-4b27-9491-b7c7d91b608a.jpg,crosshatched,metal|home_furnishing
200494b4-18a7-44bb-9ceb-53fd738b6ed4,images/200494b4-18a7-44bb-9ceb-53fd738b6ed4.jpg,chequered,wallpaper|painting
bb1d2066-3c0c-4f63-9ce9-e6e25f720233,images/bb1d2066-3c0c-4f63-9ce9-e6e25f720233.jpg,marbled,rock|nature
babfb9bb-17f8-4431-ab97-90e303670e98,images/babfb9bb-17f8-4431-ab97-90e303670e98.jpg,blotchy,nature|rock
83a295ab-cb22-4e93-ba08-3f6d56af2179,images/83a295ab-cb22-4e93-ba08-3f6d56af2179.jpg,cobwebbed,nature|animal
7c1ad187-84e7-40bd-8032-2ea8bdb6c7ca,images/7c1ad187-84e7-40bd-8032-2ea8bdb6c7ca.jpg,potholed,concrete
24ed7666-27ad-450d-b8f7-f4e0528d9747,images/24ed7666-27ad-450d-b8f7-f4e0528d9747.jpg,fibrous,home_furnishing
dd526bbe-84bc-4c9a-ac56-80cba92b1410,images/dd526bbe-84bc-4c9a-ac56-80cba92b1410.jpg,interlaced,painting|wallpaper
15649b7f-b157-46dc-996b-ab65c13ebf22,images/15649b7f-b157-46dc-996b-ab65c13ebf22.jpg,perforated,metal
7e79947e-453b-4d74-b5f9-daee2d6b7a70,images/7e79947e-453b-4d74-b5f9-daee2d6b7a70.jpg,marbled,rock|nature
d06c46e6-9ee4-4196-97fd-60d251450978,images/d06c46e6-9ee4-4196-97fd-60d251450978.jpg,spiralled,home_furnishing
e245301b-9582-45d4-aa87-4dff09b7114a,images/e245301b-9582-45d4-aa87-4dff09b7114a.jpg,studded,clothing
10f89568-a115-49f5-a188-bf2fbd9c80cb,images/10f89568-a115-49f5-a188-bf2fbd9c80cb.jpg,fibrous,home_furnishing
bf3a5753-21a4-4f35-ae61-a36684b056b0,images/bf3a5753-21a4-4f35-ae61-a36684b056b0.jpg,fibrous,nature
97229584-8ed8-4b8e-9668-8a7538f8995e,images/97229584-8ed8-4b8e-9668-8a7538f8995e.jpg,flecked,clothing|fabric
d903c77d-7281-49e3-8304-7b4d7e58bb5e,images/d903c77d-7281-49e3-8304-7b4d7e58bb5e.jpg,zigzagged,home_furnishing
d7cd32ca-34e1-4f43-86b1-4c4c5a4b1c1b,images/d7cd32ca-34e1-4f43-86b1-4c4c5a4b1c1b.jpg,waffled,food
c620725c-9f0f-472f-90a4-0d1b02d73210,images/c620725c-9f0f-472f-90a4-0d1b02d73210.jpg,paisley,home_furnishing|clothing
c4b2d525-79a4-4ca1-96df-f65a7f4c0110,images/c4b2d525-79a4-4ca1-96df-f65a7f4c0110.jpg,pitted,rock|nature
1904df1b-aab3-4825-b3fe-1f177334cffe,images/1904df1b-aab3-4825-b3fe-1f177334cffe.jpg,blotchy,nature|wood
f5dc1819-130a-4c82-afc6-3f4e89d062fe,images/f5dc1819-130a-4c82-afc6-3f4e89d062fe.jpg,braided,fabric|home_furnishing
fd8fbfc3-8b25-467d-9aab-4d5ec9ea71c3,images/fd8fbfc3-8b25-467d-9aab-4d5ec9ea71c3.jpg,grid,plastic
763cd6c8-6de8-4a76-a76e-f5e245d46521,images/763cd6c8-6de8-4a76-a76e-f5e245d46521.jpg,cobwebbed,nature|ice
e8f03823-9219-4429-8664-de6c07b07f02,images/e8f03823-9219-4429-8664-de6c07b07f02.jpg,potholed,nature
07957c5a-64ba-4c28-af8d-b49850d747b9,images/07957c5a-64ba-4c28-af8d-b49850d747b9.jpg,perforated,metal
7d7947b8-26c7-4f8c-b1ac-5f6eeeb1a464,images/7d7947b8-26c7-4f8c-b1ac-5f6eeeb1a464.jpg,stained,painting|wallpaper
2dc44eda-0178-43fb-bb4e-fdd766b663e3,images/2dc44eda-0178-43fb-bb4e-fdd766b663e3.jpg,gauzy,home_furnishing
1dbc9fb4-e3d2-4bda-b4ab-19fbeb897668,images/1dbc9fb4-e3d2-4bda-b4ab-19fbeb897668.jpg,stained,home_furnishing|clothing
bbf894ad-fe52-41ec-9cb4-f4b3ab604bc8,images/bbf894ad-fe52-41ec-9cb4-f4b3ab604bc8.jpg,bubbly,nature|food|liquid
1228c1df-c3c7-427a-9fac-5379993d82d3,images/1228c1df-c3c7-427a-9fac-5379993d82d3.jpg,smeared,painting|wallpaper
9d9093d3-313d-4acb-b83c-7a7d4b974672,images/9d9093d3-313d-4acb-b83c-7a7d4b974672.jpg,grid,glass
8f63aa62-fc7e-4215-af23-b0d3a8725dc3,images/8f63aa62-fc7e-4215-af23-b0d3a8725dc3.jpg,stained,painting|wallpaper
b4fddae2-f799-46ff-a34b-f93efe959f29,images/b4fddae2-f799-46ff-a34b-f93efe959f29.jpg,swirly,home_furnishing
b6557e56-2557-4dd0-8462-722f6ac58c2e,images/b6557e56-2557-4dd0-8462-722f6ac58c2e.jpg,stained,home_furnishing|clothing
01339005-1716-45ef-bdb6-6b6fe8cc74e5,images/01339005-1716-45ef-bdb6-6b6fe8cc74e5.jpg,fibrous,nature|wood
ba3d54ab-a0dd-4a2b-a250-7e834983ad8d,images/ba3d54ab-a0dd-4a2b-a250-7e834983ad8d.jpg,wrinkled,animal
6f1ef05b-4202-4cf6-8374-61365dfddd0c,images/6f1ef05b-4202-4cf6-8374-61365dfddd0c.jpg,bumpy,nature|rock
65c1ee3e-e044-4623-8d84-2fcd125d4ebe,images/65c1ee3e-e044-4623-8d84-2fcd125d4ebe.jpg,honeycombed,nature|food
70989661-b0af-4449-b055-be4f5ceb64a5,images/70989661-b0af-4449-b055-be4f5ceb64a5.jpg,potholed,concrete
7a6f1107-befd-44e9-94c3-f2b17e561eac,images/7a6f1107-befd-44e9-94c3-f2b17e561eac.jpg,braided,fabric|clothing
d65b9ab6-fa31-4e93-b05e-a2c1b586288c,images/d65b9ab6-fa31-4e93-b05e-a2c1b586288c.jpg,interlaced,wallpaper|painting
96fcea04-ff13-4684-a1c7-7c60bd71ae99,images/96fcea04-ff13-4684-a1c7-7c60bd71ae99.jpg,banded,fabric|clothing|wallpaper
5414fef2-01bd-43af-b819-5d7fb8a6478a,images/5414fef2-01bd-43af-b819-5d7fb8a6478a.jpg,frilly,nature
21251f20-3c71-48b8-b4aa-d9343d114101,images/21251f20-3c71-48b8-b4aa-d9343d114101.jpg,interlaced,concrete|rock
88c5dfad-ee8b-4b70-835f-94f50ec8df25,images/88c5dfad-ee8b-4b70-835f-94f50ec8df25.jpg,bumpy,nature|rock
4e213231-e43d-4b31-89f5-2083c90b258b,images/4e213231-e43d-4b31-89f5-2083c90b258b.jpg,veined,nature
bd5dd8dc-4604-4b72-b3a6-a8b43a7ef4f3,images/bd5dd8dc-4604-4b72-b3a6-a8b43a7ef4f3.jpg,knitted,clothing|home_furnishing|fabric
c661e416-427e-4fc8-8ad2-6795b85262bc,images/c661e416-427e-4fc8-8ad2-6795b85262bc.jpg,bubbly,nature|liquid
e5b700d4-a3ee-4e70-8f0e-0d6ca5b24124,images/e5b700d4-a3ee-4e70-8f0e-0d6ca5b24124.jpg,scaly,animal
8d85449b-bf45-41bf-9ae4-6fbe82489569,images/8d85449b-bf45-41bf-9ae4-6fbe82489569.jpg,freckled,human
a12a848c-d0c3-4ac8-921a-9dd8f6daa82b,images/a12a848c-d0c3-4ac8-921a-9dd8f6daa82b.jpg,braided,fabric|home_furnishing
6c97c37a-87c5-446e-af94-8a234a8b9ec6,images/6c97c37a-87c5-446e-af94-8a234a8b9ec6.jpg,spiralled,painting|wallpaper
8d615910-909c-411e-82e9-a61e937ebf12,images/8d615910-909c-411e-82e9-a61e937ebf12.jpg,potholed,rock|nature
f11508c7-248d-44d6-9aa4-6a67f0faa0c7,images/f11508c7-248d-44d6-9aa4-6a67f0faa0c7.jpg,veined,nature
e10d526d-890b-43c0-bdf9-180a2308d0b2,images/e10d526d-890b-43c0-bdf9-180a2308d0b2.jpg,braided,fabric|clothing
ad01189b-9043-4e3b-9034-8412a27060a3,images/ad01189b-9043-4e3b-9034-8412a27060a3.jpg,swirly,painting|wallpaper
e7134204-644d-4de0-b3a6-21cd7473d4a4,images/e7134204-644d-4de0-b3a6-21cd7473d4a4.jpg,porous,concrete
9684e091-592f-474e-a42b-de19362e87cb,images/9684e091-592f-474e-a42b-de19362e87cb.jpg,cracked,wood|painting
cfaafe53-31e7-4121-a7cf-7993b5aa0522,images/cfaafe53-31e7-4121-a7cf-7993b5aa0522.jpg,braided,fabric|metal
fa6e8efb-15a4-4e95-851c-8934526f4c88,images/fa6e8efb-15a4-4e95-851c-8934526f4c88.jpg,fibrous,nature
fb7e300d-a23e-4ff1-8679-3b1f8daa174a,images/fb7e300d-a23e-4ff1-8679-3b1f8daa174a.jpg,veined,rock|nature
3b99af07-288c-4942-91ae-11944fd13850,images/3b99af07-288c-4942-91ae-11944fd13850.jpg,woven,home_furnishing|clothing|fabric
7d0f638b-6e57-47bf-b318-983635cbbf41,images/7d0f638b-6e57-47bf-b318-983635cbbf41.jpg,fibrous,nature|tree
4187aefa-3e16-4398-b527-6593624722e5,images/4187aefa-3e16-4398-b527-6593624722e5.jpg,honeycombed,wallpaper|painting
35274ff4-f800-4abc-8495-763e29e954df,images/35274ff4-f800-4abc-8495-763e29e954df.jpg,bubbly,nature
cb08aac7-d4a1-4f70-a4dc-1b6e502cac07,images/cb08aac7-d4a1-4f70-a4dc-1b6e502cac07.jpg,freckled,nature
460d0830-a14d-4499-85d6-142bb2bca68a,images/460d0830-a14d-4499-85d6-142bb2bca68a.jpg,grid,metal
53978f62-7167-485b-8329-bb2a38eedf10,images/53978f62-7167-485b-8329-bb2a38eedf10.jpg,perforated,home_furnishing
0f840344-89de-4d0d-a5e5-b751b122188a,images/0f840344-89de-4d0d-a5e5-b751b122188a.jpg,pitted,food|nature
95074d5f-964d-4a79-9943-2194b20b59f0,images/95074d5f-964d-4a79-9943-2194b20b59f0.jpg,cracked,nature
32b4b743-b5da-44cd-86bb-ea3f8112d771,images/32b4b743-b5da-44cd-86bb-ea3f8112d771.jpg,cracked,nature|glass
81021060-4b8b-4d63-a687-c48a89890cf2,images/81021060-4b8b-4d63-a687-c48a89890cf2.jpg,pitted,food|nature
23080f1f-ac0a-4104-8ce9-1f2648865d49,images/23080f1f-ac0a-4104-8ce9-1f2648865d49.jpg,zigzagged,painting|wallpaper
e08883c3-4df7-44db-8b5c-eee944569fce,images/e08883c3-4df7-44db-8b5c-eee944569fce.jpg,fibrous,home_furnishing
72669ae7-c1ff-4cea-8c95-1ec30dca99f4,images/72669ae7-c1ff-4cea-8c95-1ec30dca99f4.jpg,meshed,plastic
93068995-02d7-4d94-9236-06b33e2cbe12,images/93068995-02d7-4d94-9236-06b33e2cbe12.jpg,crosshatched,clothing|home_furnishing
c510ab8f-89a2-4334-846f-94c0ec072d5f,images/c510ab8f-89a2-4334-846f-94c0ec072d5f.jpg,striped,nature|animal
076c9f42-654e-468e-8dd4-5673af8cd917,images/076c9f42-654e-468e-8dd4-5673af8cd917.jpg,fibrous,food
84fb400c-5810-4079-93fc-986b14121a4d,images/84fb400c-5810-4079-93fc-986b14121a4d.jpg,sprinkled,painting|wallpaper
b2dc7aed-811a-48e9-a6be-ad6b4dba4dcd,images/b2dc7aed-811a-48e9-a6be-ad6b4dba4dcd.jpg,wrinkled,paper
483f924f-b3d0-42b5-876c-b79819f13082,images/483f924f-b3d0-42b5-876c-b79819f13082.jpg,blotchy,painting
2763a4e5-4e67-475e-9ba4-4e506bf0f9d3,images/2763a4e5-4e67-475e-9ba4-4e506bf0f9d3.jpg,polka-dotted,metal
6075514f-68c7-4251-b4ab-7094eaa4b9b0,images/6075514f-68c7-4251-b4ab-7094eaa4b9b0.jpg,honeycombed,metal|painting
0990063b-09d4-469a-bd23-de10ce9052c4,images/0990063b-09d4-469a-bd23-de10ce9052c4.jpg,lacelike,home_furnishing
3b9c288f-b89f-4a11-a134-222fa8e2cc96,images/3b9c288f-b89f-4a11-a134-222fa8e2cc96.jpg,sprinkled,food
dfe02d95-e92b-445c-913d-551793018b51,images/dfe02d95-e92b-445c-913d-551793018b51.jpg,grid,concrete
8ce02dd7-2ad0-4826-b366-a46b1bd3b5ef,images/8ce02dd7-2ad0-4826-b366-a46b1bd3b5ef.jpg,knitted,clothing|home_furnishing|fabric
9ca305bf-d1f3-4598-bf00-66596fed1d1e,images/9ca305bf-d1f3-4598-bf00-66596fed1d1e.jpg,crystalline,nature|rock
de91af3a-fa3c-4ad7-8142-74e47a7ca7cd,images/de91af3a-fa3c-4ad7-8142-74e47a7ca7cd.jpg,potholed,concrete
2ad792f4-e7cc-46ee-949d-29cc98b20d03,images/2ad792f4-e7cc-46ee-949d-29cc98b20d03.jpg,sprinkled,food
71555a2c-5124-4a7b-bcc6-c1faf5d9741a,images/71555a2c-5124-4a7b-bcc6-c1faf5d9741a.jpg,braided,fabric|metal
4116d5e4-42b9-48c1-9d19-9dc19677743b,images/4116d5e4-42b9-48c1-9d19-9dc19677743b.jpg,paisley,home_furnishing|fabric
b9641808-4d54-46f6-a450-e95e92b438b9,images/b9641808-4d54-46f6-a450-e95e92b438b9.jpg,gauzy,home_furnishing|fabric
2e162b00-54d2-4b67-8618-002bf6d36b66,images/2e162b00-54d2-4b67-8618-002bf6d36b66.jpg,smeared,nature
c50e55a4-e6d2-46b4-8f73-c381f81fbc6f,images/c50e55a4-e6d2-46b4-8f73-c381f81fbc6f.jpg,blotchy,nature|rock
0737e0f0-a70a-4025-a3cd-d84dc98e1145,images/0737e0f0-a70a-4025-a3cd-d84dc98e1145.jpg,wrinkled,paper
835e1849-7fc0-4bcb-8fdb-0ae75f91eeeb,images/835e1849-7fc0-4bcb-8fdb-0ae75f91eeeb.jpg,scaly,animal
285908ab-daf7-4682-b488-f4eb5f4bace3,images/285908ab-daf7-4682-b488-f4eb5f4bace3.jpg,veined,nature
1e2476e0-e348-4051-b7eb-19f471c965b7,images/1e2476e0-e348-4051-b7eb-19f471c965b7.jpg,scaly,animal
a14b75f7-4c1b-45bf-bbad-4d47f7f77e83,images/a14b75f7-4c1b-45bf-bbad-4d47f7f77e83.jpg,cracked,glass
931a8e8a-df16-4f40-aa93-ccbd194be004,images/931a8e8a-df16-4f40-aa93-ccbd194be004.jpg,veined,nature
04fa78f1-ccee-4f5c-af79-de81a3341d69,images/04fa78f1-ccee-4f5c-af79-de81a3341d69.jpg,polka-dotted,home_furnishing|clothing
917d17c9-b1d4-4638-84f8-fcb535ed68ee,images/917d17c9-b1d4-4638-84f8-fcb535ed68ee.jpg,flecked,clothing|fabric
d3771281-23a4-4e4c-ac95-bb386824e735,images/d3771281-23a4-4e4c-ac95-bb386824e735.jpg,grooved,glass
3a41b250-9b94-4ae3-94bc-b078f6d591ad,images/3a41b250-9b94-4ae3-94bc-b078f6d591ad.jpg,braided,fabric|clothing|home_furnishing
d9b3e20f-c5f7-4fd0-b2fd-6ee24bb25df7,images/d9b3e20f-c5f7-4fd0-b2fd-6ee24bb25df7.jpg,pleated,home_furnishing|clothing
d6714660-d773-49b8-9497-1e66e9d7a5e5,images/d6714660-d773-49b8-9497-1e66e9d7a5e5.jpg,lacelike,clothing|home_furnishing
a62f33d8-719d-4615-aea6-7f4160904a06,images/a62f33d8-719d-4615-aea6-7f4160904a06.jpg,waffled,food
f0b03c5f-6cdd-4e3a-8df4-fa8161fd39e3,images/f0b03c5f-6cdd-4e3a-8df4-fa8161fd39e3.jpg,perforated,plastic
8a031fe9-1b03-4a51-8266-502eed843c4b,images/8a031fe9-1b03-4a51-8266-502eed843c4b.jpg,grid,wood
4847a5c3-160a-4a69-83bf-3a3a17010931,images/4847a5c3-160a-4a69-83bf-3a3a17010931.jpg,potholed,rock|nature
4f6410be-9585-4111-8090-293ce75acead,images/4f6410be-9585-4111-8090-293ce75acead.jpg,grid,wood|painting
473efaa3-b0c1-407d-ac98-4fa2c76cff5f,images/473efaa3-b0c1-407d-ac98-4fa2c76cff5f.jpg,swirly,home_furnishing
8bed2334-822b-4fb1-b1d8-7ccbcad22657,images/8bed2334-822b-4fb1-b1d8-7ccbcad22657.jpg,lacelike,home_furnishing
5253f628-a2f4-4342-8290-df71f7dd779a,images/5253f628-a2f4-4342-8290-df71f7dd779a.jpg,dotted,clothing|home_furnishing
c6de0941-66c2-4d97-81ae-ee9c29951494,images/c6de0941-66c2-4d97-81ae-ee9c29951494.jpg,marbled,rock|nature
5a97054c-3c2b-4108-8763-1816c146931e,images/5a97054c-3c2b-4108-8763-1816c146931e.jpg,crosshatched,painting|wallpaper
1c55ed6e-2813-4c63-a054-70a4b6f325f8,images/1c55ed6e-2813-4c63-a054-70a4b6f325f8.jpg,sprinkled,food
a028a8d0-f9d4-4250-a1a5-a09f745c6853,images/a028a8d0-f9d4-4250-a1a5-a09f745c6853.jpg,bumpy,metal
5de0b9eb-1b17-4d04-b823-81588e6d8872,images/5de0b9eb-1b17-4d04-b823-81588e6d8872.jpg,bubbly,nature|food|liquid
cf6c88d1-8822-499a-bc8c-a48be60b717a,images/cf6c88d1-8822-499a-bc8c-a48be60b717a.jpg,blotchy,painting|wallpaper
79594622-d50e-4a9d-abfe-db0ff196f8cf,images/79594622-d50e-4a9d-abfe-db0ff196f8cf.jpg,waffled,food
5356d54b-ac2e-4e12-bab8-59cea94e260a,images/5356d54b-ac2e-4e12-bab8-59cea94e260a.jpg,fibrous,nature
6c511c31-6f46-4047-a3fd-a47b0eaa7f89,images/6c511c31-6f46-4047-a3fd-a47b0eaa7f89.jpg,cobwebbed,metal
4bc9f859-eb9b-4c6c-ab5e-44a803fd138d,images/4bc9f859-eb9b-4c6c-ab5e-44a803fd138d.jpg,perforated,metal
ef4844e1-4d3c-4580-84d7-7f6619c7578b,images/ef4844e1-4d3c-4580-84d7-7f6619c7578b.jpg,cracked,nature|wood
9dbfe68e-e8f2-4551-a969-2292e0bce3ff,images/9dbfe68e-e8f2-4551-a969-2292e0bce3ff.jpg,blotchy,nature|wood
ac23385c-c4ef-437a-abc9-10e24915197f,images/ac23385c-c4ef-437a-abc9-10e24915197f.jpg,crystalline,nature|rock
3ac40770-90a7-4a47-9710-cf6e480a490b,images/3ac40770-90a7-4a47-9710-cf6e480a490b.jpg,lined,home_furnishing
4d137cd1-57dc-4a87-8b16-a0fca627d8d4,images/4d137cd1-57dc-4a87-8b16-a0fca627d8d4.jpg,studded,home_furnishing
8dc4272e-4a74-44ae-a907-715c569e60bc,images/8dc4272e-4a74-44ae-a907-715c569e60bc.jpg,blotchy,nature|rock
815e7301-c1fa-4bbc-a40a-84a0c731acb9,images/815e7301-c1fa-4bbc-a40a-84a0c731acb9.jpg,scaly,home_furnishing|clothing
bbe8ce23-ac68-497f-9b99-318aa640406a,images/bbe8ce23-ac68-497f-9b99-318aa640406a.jpg,porous,rock
ebadaccb-73b9-4ace-8103-a15cd6924bc5,images/ebadaccb-73b9-4ace-8103-a15cd6924bc5.jpg,paisley,home_furnishing|clothing
a0e1a06e-63e2-4e22-b9d6-7a20bdefd5d2,images/a0e1a06e-63e2-4e22-b9d6-7a20bdefd5d2.jpg,cracked,nature|wood|painting
aaa49a94-0589-4dc1-be52-4ac821a46e6f,images/aaa49a94-0589-4dc1-be52-4ac821a46e6f.jpg,porous,rock|nature
7c3fe1bb-a836-462a-bbc7-5561dee300c7,images/7c3fe1bb-a836-462a-bbc7-5561dee300c7.jpg,sprinkled,food
0b2521ba-6ac1-4fdb-9b51-6842b01ba0c3,images/0b2521ba-6ac1-4fdb-9b51-6842b01ba0c3.jpg,bumpy,nature
58f6a329-b5ea-4105-96bd-6fba882e9072,images/58f6a329-b5ea-4105-96bd-6fba882e9072.jpg,braided,fabric|home_furnishing
4e5fa2e4-253c-4d04-8399-da81ceefdae8,images/4e5fa2e4-253c-4d04-8399-da81ceefdae8.jpg,chequered,clothing|home_furnishing
6fe27b79-86a8-40a9-8248-3fe9872e0677,images/6fe27b79-86a8-40a9-8248-3fe9872e0677.jpg,braided,human|hair
6386f157-5edd-48ed-b2b0-66fe3b9913db,images/6386f157-5edd-48ed-b2b0-66fe3b9913db.jpg,knitted,clothing|home_furnishing|fabric
e0b7b826-61af-4e6f-9825-9cc58ca0aa51,images/e0b7b826-61af-4e6f-9825-9cc58ca0aa51.jpg,interlaced,wood|painting
39ae5bcd-626b-48cc-a513-e33ea2dd3b91,images/39ae5bcd-626b-48cc-a513-e33ea2dd3b91.jpg,wrinkled,animal
2a875093-740d-474b-8fbf-5ab5a3ba89d3,images/2a875093-740d-474b-8fbf-5ab5a3ba89d3.jpg,sprinkled,food
17a205c0-35c5-4d4b-b803-0c6801e93d2c,images/17a205c0-35c5-4d4b-b803-0c6801e93d2c.jpg,sprinkled,food
8c7566ba-8c2b-4d03-8e1f-98fc7ac9001e,images/8c7566ba-8c2b-4d03-8e1f-98fc7ac9001e.jpg,studded,clothing
897a444d-8987-4dfb-a410-08e18afaa81f,images/897a444d-8987-4dfb-a410-08e18afaa81f.jpg,marbled,painting|wallpaper
34823363-2a8e-4bff-9bbb-80a4f5e22e84,images/34823363-2a8e-4bff-9bbb-80a4f5e22e84.jpg,potholed,concrete
5bef3f71-6194-4363-aa7b-866144df5466,images/5bef3f71-6194-4363-aa7b-866144df5466.jpg,studded,home_furnishing|clothing
ac7be21a-1f63-42c9-9634-f942beff220b,images/ac7be21a-1f63-42c9-9634-f942beff220b.jpg,grooved,wood|painting
36dbda80-aee5-439f-afb4-6061bd7ff5cf,images/36dbda80-aee5-439f-afb4-6061bd7ff5cf.jpg,veined,nature|tree
64d6cfab-5c75-4d99-9aca-1c9b91723120,images/64d6cfab-5c75-4d99-9aca-1c9b91723120.jpg,stratified,rock|nature
5e8b9549-2da7-4f9a-8279-72c318f7e67e,images/5e8b9549-2da7-4f9a-8279-72c318f7e67e.jpg,bubbly,nature|liquid
f629ef53-887e-4f58-9334-0e802c071845,images/f629ef53-887e-4f58-9334-0e802c071845.jpg,paisley,home_furnishing
540fcbc2-03f4-4c5b-b02d-3fdc7738b4aa,images/540fcbc2-03f4-4c5b-b02d-3fdc7738b4aa.jpg,veined,nature
78eae020-0237-44fe-9496-429138632b89,images/78eae020-0237-44fe-9496-429138632b89.jpg,matted,home_furnishing
0e120afb-873a-48de-852b-653910793937,images/0e120afb-873a-48de-852b-653910793937.jpg,gauzy,home_furnishing
867ae528-f23b-4c6e-b2ee-7de5b1878c67,images/867ae528-f23b-4c6e-b2ee-7de5b1878c67.jpg,stratified,rock|nature
23bfc915-2085-4b32-8b8b-938219b3fb17,images/23bfc915-2085-4b32-8b8b-938219b3fb17.jpg,studded,home_furnishing|clothing
42d14a61-595f-4b88-a2b3-0364fc17f79d,images/42d14a61-595f-4b88-a2b3-0364fc17f79d.jpg,cracked,nature
85598897-e411-42c5-9de6-5b3009d1109a,images/85598897-e411-42c5-9de6-5b3009d1109a.jpg,waffled,home_furnishing|clothing
be51f3c2-df65-4685-bc98-859d780a43dc,images/be51f3c2-df65-4685-bc98-859d780a43dc.jpg,scaly,metal
edf28cb9-6db9-4910-a2ae-e2b0f2ad0c40,images/edf28cb9-6db9-4910-a2ae-e2b0f2ad0c40.jpg,matted,hair|animal
fad4289e-9587-481b-b170-397c7d4ccd00,images/fad4289e-9587-481b-b170-397c7d4ccd00.jpg,honeycombed,plastic
eee63c9c-766b-445c-91b3-07623259435d,images/eee63c9c-766b-445c-91b3-07623259435d.jpg,porous,food
9fde61cc-ecc5-4a44-8d37-5651fe214ebb,images/9fde61cc-ecc5-4a44-8d37-5651fe214ebb.jpg,sprinkled,painting|wallpaper
54f23b45-8990-4ed3-a561-4651faadefe1,images/54f23b45-8990-4ed3-a561-4651faadefe1.jpg,scaly,animal
7b2240bb-5877-4424-bccd-72e5013115bc,images/7b2240bb-5877-4424-bccd-72e5013115bc.jpg,banded,fabric|clothing
fcce9a35-5dbb-451c-b8b6-34e175cf223f,images/fcce9a35-5dbb-451c-b8b6-34e175cf223f.jpg,perforated,plastic
ddbfe7bf-62d3-42f8-854c-23f50e8a973b,images/ddbfe7bf-62d3-42f8-854c-23f50e8a973b.jpg,meshed,metal
2231fe7e-12cc-431c-8dd1-adf518ee5e81,images/2231fe7e-12cc-431c-8dd1-adf518ee5e81.jpg,honeycombed,nature|food
e009e232-88da-474d-8ea2-ad0f2d2e07ed,images/e009e232-88da-474d-8ea2-ad0f2d2e07ed.jpg,crystalline,nature|rock
3bcd33ba-d899-4eb4-aabd-d19d87c1c32f,images/3bcd33ba-d899-4eb4-aabd-d19d87c1c32f.jpg,stained,rock
ef42f56e-becc-4b02-b86e-39f426dde74a,images/ef42f56e-becc-4b02-b86e-39f426dde74a.jpg,braided,fabric|clothing
c99d2fa3-83b5-4184-9a39-68766dc54cab,images/c99d2fa3-83b5-4184-9a39-68766dc54cab.jpg,pleated,home_furnishing|clothing
69ace20e-e04d-4314-8e33-e64747c5cbc1,images/69ace20e-e04d-4314-8e33-e64747c5cbc1.jpg,freckled,human
032b9a66-4b31-4f3f-b20e-cb92bf232437,images/032b9a66-4b31-4f3f-b20e-cb92bf232437.jpg,frilly,nature
94048318-d908-4f1e-9bfb-7449bd524185,images/94048318-d908-4f1e-9bfb-7449bd524185.jpg,fibrous,nature
1a18d461-cd18-4816-93a9-c81d12ac0a24,images/1a18d461-cd18-4816-93a9-c81d12ac0a24.jpg,cracked,nature
49a3776f-0c90-435e-bb08-6edeeec89ac5,images/49a3776f-0c90-435e-bb08-6edeeec89ac5.jpg,waffled,food
415294b3-d4c9-4dbd-8516-71a09123999d,images/415294b3-d4c9-4dbd-8516-71a09123999d.jpg,matted,human|hair
29dd3b5b-7ec4-4106-bd95-62c3ff80140f,images/29dd3b5b-7ec4-4106-bd95-62c3ff80140f.jpg,chequered,clothing|home_furnishing|fabric
cad46c98-7a3c-409f-8e04-834c6e41c411,images/cad46c98-7a3c-409f-8e04-834c6e41c411.jpg,wrinkled,home_furnishing|clothing
689f8f28-fcc6-4cb9-8e93-8a11dcff2725,images/689f8f28-fcc6-4cb9-8e93-8a11dcff2725.jpg,frilly,nature
61cb42fe-eefb-4d5c-92a8-125820b318ed,images/61cb42fe-eefb-4d5c-92a8-125820b318ed.jpg,scaly,animal
bc7971b9-0e25-4cf4-ac90-35f482e2f577,images/bc7971b9-0e25-4cf4-ac90-35f482e2f577.jpg,stratified,wood|nature
1b06c200-d5b0-47ec-9e7a-4da69aea7276,images/1b06c200-d5b0-47ec-9e7a-4da69aea7276.jpg,lacelike,home_furnishing
0a8bdc0a-6991-4fb4-acf9-86a8c57f6278,images/0a8bdc0a-6991-4fb4-acf9-86a8c57f6278.jpg,swirly,painting|wallpaper
e2c37fce-2525-4b07-aab0-ea844d5e59d4,images/e2c37fce-2525-4b07-aab0-ea844d5e59d4.jpg,meshed,fabric
ed7f15a1-378f-4584-b075-e96058d7233e,images/ed7f15a1-378f-4584-b075-e96058d7233e.jpg,porous,concrete
ed372d9d-16c5-4b6c-bbd3-3f8030089b9c,images/ed372d9d-16c5-4b6c-bbd3-3f8030089b9c.jpg,pleated,home_furnishing|paper
9f2d06b4-ae24-48c1-b06a-946326c8e56e,images/9f2d06b4-ae24-48c1-b06a-946326c8e56e.jpg,pleated,home_furnishing
cbe56b46-d9ca-45e2-901a-6fc4569091f7,images/cbe56b46-d9ca-45e2-901a-6fc4569091f7.jpg,stained,painting|wallpaper
e0cf4ec7-1c49-498c-936b-a5d4bd2e37bf,images/e0cf4ec7-1c49-498c-936b-a5d4bd2e37bf.jpg,fibrous,nature
4554067e-3991-4327-990a-ad7275f4e3f4,images/4554067e-3991-4327-990a-ad7275f4e3f4.jpg,meshed,metal
ddbb76a9-eae2-4c9d-917a-fc01c0c3623c,images/ddbb76a9-eae2-4c9d-917a-fc01c0c3623c.jpg,frilly,clothing|home_furnishing
38fd209e-6f9b-41fd-821d-a9339a52c36a,images/38fd209e-6f9b-41fd-821d-a9339a52c36a.jpg,smeared,painting|wallpaper
4cbced9f-3f15-493c-8cb7-a69c17f61864,images/4cbced9f-3f15-493c-8cb7-a69c17f61864.jpg,grid,metal
5387f579-cdf6-409b-ac23-c5f65bc3bd15,images/5387f579-cdf6-409b-ac23-c5f65bc3bd15.jpg,wrinkled,home_furnishing|clothing
87f9fe61-52c7-429b-99f8-991af2788fb6,images/87f9fe61-52c7-429b-99f8-991af2788fb6.jpg,freckled,human
9f34a7e3-355a-49d7-b644-8c341fb69b6e,images/9f34a7e3-355a-49d7-b644-8c341fb69b6e.jpg,polka-dotted,home_furnishing|clothing
0d2f04a2-5c70-4765-85b9-64acab4a1ba0,images/0d2f04a2-5c70-4765-85b9-64acab4a1ba0.jpg,cobwebbed,nature
175aa3a1-d9ed-429c-b862-194b9d3b22f7,images/175aa3a1-d9ed-429c-b862-194b9d3b22f7.jpg,freckled,human
a9998596-4b50-4172-ab8e-ab7eaa55bf26,images/a9998596-4b50-4172-ab8e-ab7eaa55bf26.jpg,smeared,painting|wallpaper
e367e139-eb6a-459e-bd65-a184a056c98e,images/e367e139-eb6a-459e-bd65-a184a056c98e.jpg,blotchy,painting|wallpaper
d98af89d-d8ae-42d0-9125-0d30386ab1d0,images/d98af89d-d8ae-42d0-9125-0d30386ab1d0.jpg,lined,paper
034189cc-bc30-4a3d-8f6b-349db48d7082,images/034189cc-bc30-4a3d-8f6b-349db48d7082.jpg,grooved,nature
76d9706c-3fe7-424d-bc5a-ab4775fc4596,images/76d9706c-3fe7-424d-bc5a-ab4775fc4596.jpg,matted,hair
7088a159-f15d-422e-9150-705d4003423e,images/7088a159-f15d-422e-9150-705d4003423e.jpg,cobwebbed,wallpaper|painting
2fe0d608-d744-46aa-8804-515f9f4121f6,images/2fe0d608-d744-46aa-8804-515f9f4121f6.jpg,bubbly,nature|liquid
7d604bf5-85bf-4e56-9f59-e0f6463aa352,images/7d604bf5-85bf-4e56-9f59-e0f6463aa352.jpg,banded,fabric|clothing|wallpaper
8c7a654a-4c51-43ce-82ff-770e16b6d876,images/8c7a654a-4c51-43ce-82ff-770e16b6d876.jpg,potholed,concrete
6d9891eb-e6b4-45a7-9564-958a6612cb31,images/6d9891eb-e6b4-45a7-9564-958a6612cb31.jpg,braided,fabric|clothing|home_furnishing
30b5b2ec-113c-466b-a77b-c29c517a48ee,images/30b5b2ec-113c-466b-a77b-c29c517a48ee.jpg,spiralled,nature|tree
1f28531e-2b36-49cb-9043-138128e0f8c1,images/1f28531e-2b36-49cb-9043-138128e0f8c1.jpg,dotted,wallpaper|painting
f5084680-10ba-4d1b-a2ef-ab8afd5ffa7a,images/f5084680-10ba-4d1b-a2ef-ab8afd5ffa7a.jpg,lined,clothing|home_furnishing
b7cdaaf0-0916-4f4d-b4a8-20dc686b44e6,images/b7cdaaf0-0916-4f4d-b4a8-20dc686b44e6.jpg,dotted,clothing|home_furnishing
6b8ea9ac-317d-4b76-83db-7b1f434a1e2b,images/6b8ea9ac-317d-4b76-83db-7b1f434a1e2b.jpg,pitted,nature|tree
3b0f77d3-7e54-4fd9-95fc-f6302401a55b,images/3b0f77d3-7e54-4fd9-95fc-f6302401a55b.jpg,potholed,nature
bd2ac7bf-37da-4331-a5e9-7c6330fe3262,images/bd2ac7bf-37da-4331-a5e9-7c6330fe3262.jpg,cobwebbed,nature
9d5ae64a-1912-42cc-a512-f83c613794cd,images/9d5ae64a-1912-42cc-a512-f83c613794cd.jpg,stained,painting|wall
df532851-894e-49e1-8c40-5c94e88df58e,images/df532851-894e-49e1-8c40-5c94e88df58e.jpg,meshed,metal
183ea0bc-0c04-48a0-8ec5-036d5c7aa4f4,images/183ea0bc-0c04-48a0-8ec5-036d5c7aa4f4.jpg,spiralled,home_furnishing
17806a33-d086-4127-ae52-ddda05519d58,images/17806a33-d086-4127-ae52-ddda05519d58.jpg,gauzy,clothing|home_furnishing|fabric
bf9335b3-aa36-4164-8c4f-d553843fadb5,images/bf9335b3-aa36-4164-8c4f-d553843fadb5.jpg,knitted,clothing|home_furnishing|fabric
d7453159-c89c-4f16-9771-f52bb7ee9f61,images/d7453159-c89c-4f16-9771-f52bb7ee9f61.jpg,blotchy,nature|food
63dc9c67-02be-4e3b-a496-8d5a1ee789e9,images/63dc9c67-02be-4e3b-a496-8d5a1ee789e9.jpg,stained,rock
597a467b-1acb-461f-9da2-7174439caf43,images/597a467b-1acb-461f-9da2-7174439caf43.jpg,smeared,painting|wallpaper
290ea681-a2bb-498e-9b07-a54ea5a343f1,images/290ea681-a2bb-498e-9b07-a54ea5a343f1.jpg,pitted,rock|nature
f007ab37-3c5a-4bbf-bc9f-712abf445e04,images/f007ab37-3c5a-4bbf-bc9f-712abf445e04.jpg,wrinkled,home_furnishing|clothing
18e896f5-8ed8-42a8-a9f7-3c3653d0d38c,images/18e896f5-8ed8-42a8-a9f7-3c3653d0d38c.jpg,flecked,clothing
ba7e691d-965f-42ce-8e62-f70b9ecacb8e,images/ba7e691d-965f-42ce-8e62-f70b9ecacb8e.jpg,bubbly,nature|food|liquid
22ebdabb-8cc8-4501-ad1f-8d2036b0f6a6,images/22ebdabb-8cc8-4501-ad1f-8d2036b0f6a6.jpg,flecked,clothing|fabric
c8589e0c-5d07-4d0b-87dc-b3427fed8440,images/c8589e0c-5d07-4d0b-87dc-b3427fed8440.jpg,fibrous,nature|tree
f9838c94-0692-4016-8123-c605efad0e95,images/f9838c94-0692-4016-8123-c605efad0e95.jpg,porous,concrete
942380db-69a2-4dc5-8680-333953a5f7d0,images/942380db-69a2-4dc5-8680-333953a5f7d0.jpg,crosshatched,painting|home_furnishing
c6ed0fac-980b-4d7a-867d-2fafef37382d,images/c6ed0fac-980b-4d7a-867d-2fafef37382d.jpg,zigzagged,home_furnishing|clothing
4ebeb04e-2d0d-4d64-b94c-d26cff1671ee,images/4ebeb04e-2d0d-4d64-b94c-d26cff1671ee.jpg,stained,home_furnishing|clothing
73bc107f-91c4-4f62-9ed1-5208d94b2618,images/73bc107f-91c4-4f62-9ed1-5208d94b2618.jpg,honeycombed,food|nature
027e3f1e-245b-4db6-afe6-8870d9933d1b,images/027e3f1e-245b-4db6-afe6-8870d9933d1b.jpg,crystalline,nature|rock
92be73d6-3de0-45a4-9d0f-fbc2b5203aa5,images/92be73d6-3de0-45a4-9d0f-fbc2b5203aa5.jpg,flecked,clothing|fabric
743d5e94-9925-4aaa-8a61-d29754d7e39a,images/743d5e94-9925-4aaa-8a61-d29754d7e39a.jpg,knitted,clothing|home_furnishing|fabric
6d6e2966-57e8-446e-8230-ec8062ef3d5e,images/6d6e2966-57e8-446e-8230-ec8062ef3d5e.jpg,interlaced,metal
0c257909-0ea1-45fe-abc7-7b9cfbd5aa80,images/0c257909-0ea1-45fe-abc7-7b9cfbd5aa80.jpg,braided,human|hair
aa532726-f1e6-447d-9cfd-a4f08d4e9c58,images/aa532726-f1e6-447d-9cfd-a4f08d4e9c58.jpg,bumpy,nature|ice
3677238a-94a1-43da-bd9e-ae47ec0d75c2,images/3677238a-94a1-43da-bd9e-ae47ec0d75c2.jpg,crystalline,nature|metal
35ea7a09-3305-41dd-8899-a07a7ab10131,images/35ea7a09-3305-41dd-8899-a07a7ab10131.jpg,crystalline,nature|rock
7c24740d-ce4a-4719-8694-a6f1ab644e49,images/7c24740d-ce4a-4719-8694-a6f1ab644e49.jpg,dotted,painting|wallpaper
d4f2dd1b-81bc-452d-b41c-25f3c7bc4c64,images/d4f2dd1b-81bc-452d-b41c-25f3c7bc4c64.jpg,stratified,rock|nature
e71fda8b-d96d-4bdc-9cd1-aba72a102262,images/e71fda8b-d96d-4bdc-9cd1-aba72a102262.jpg,dotted,clothing|home_furnishing
b406c578-7c2e-4578-8d53-038c98a2c10e,images/b406c578-7c2e-4578-8d53-038c98a2c10e.jpg,freckled,human
7493b460-51f6-46ec-bb46-15054f421c0c,images/7493b460-51f6-46ec-bb46-15054f421c0c.jpg,sprinkled,food
dccc6381-9f33-430d-bb2c-fd82a9854709,images/dccc6381-9f33-430d-bb2c-fd82a9854709.jpg,perforated,plastic
c5f9da6c-5cff-47de-9ba3-cc93d96eda34,images/c5f9da6c-5cff-47de-9ba3-cc93d96eda34.jpg,meshed,metal
782d29e5-ede6-41dd-92b8-835f36a07905,images/782d29e5-ede6-41dd-92b8-835f36a07905.jpg,woven,home_furnishing|clothing|fabric
86410860-92a7-4c29-80bb-2272a54f743d,images/86410860-92a7-4c29-80bb-2272a54f743d.jpg,swirly,home_furnishing|clothing
869b5fd9-47a0-4b1a-8583-19a51a5a6873,images/869b5fd9-47a0-4b1a-8583-19a51a5a6873.jpg,crystalline,nature|rock
4f937918-92eb-458b-8514-9d1d018ba3dc,images/4f937918-92eb-458b-8514-9d1d018ba3dc.jpg,honeycombed,concrete|rock
a5871710-0e08-4f39-9cea-394e10e85d68,images/a5871710-0e08-4f39-9cea-394e10e85d68.jpg,frilly,nature|food
df5f8c00-4cd0-4e06-9156-15b059948251,images/df5f8c00-4cd0-4e06-9156-15b059948251.jpg,spiralled,home_furnishing
1ce7b2f5-0334-45a6-92a8-f051248768bf,images/1ce7b2f5-0334-45a6-92a8-f051248768bf.jpg,veined,wood
6c3f10e1-8603-4267-bb2a-d20eb817cd87,images/6c3f10e1-8603-4267-bb2a-d20eb817cd87.jpg,sprinkled,painting|wallpaper
ff07eaa5-1313-4731-85b0-c503eac0866f,images/ff07eaa5-1313-4731-85b0-c503eac0866f.jpg,spiralled,wallpaper
c773009e-9887-465d-9cc7-f4ba5cbbf97e,images/c773009e-9887-465d-9cc7-f4ba5cbbf97e.jpg,pleated,home_furnishing|clothing
a12f403d-b968-4c6b-8138-7cc5d4676b9c,images/a12f403d-b968-4c6b-8138-7cc5d4676b9c.jpg,frilly,nature
91f81a93-cb18-41a9-a929-35efa65f07ab,images/91f81a93-cb18-41a9-a929-35efa65f07ab.jpg,grid,metal
24896f7c-d7e1-4dd9-ae75-496e4ad37ecd,images/24896f7c-d7e1-4dd9-ae75-496e4ad37ecd.jpg,potholed,concrete
a930770b-6dc4-4c94-90ba-bbd138d686ce,images/a930770b-6dc4-4c94-90ba-bbd138d686ce.jpg,blotchy,nature|wood
088dae7e-870b-4f76-832a-fffa204c1e2e,images/088dae7e-870b-4f76-832a-fffa204c1e2e.jpg,frilly,clothing|home_furnishing
1f3e93ac-15f7-45c1-85ca-f6a487a42dee,images/1f3e93ac-15f7-45c1-85ca-f6a487a42dee.jpg,cracked,nature
58d662db-1d0c-4f55-b4c0-bf8085556c1e,images/58d662db-1d0c-4f55-b4c0-bf8085556c1e.jpg,sprinkled,painting|wallpaper
0dadb345-6c72-4919-a5ec-9fc2082e399a,images/0dadb345-6c72-4919-a5ec-9fc2082e399a.jpg,sprinkled,food
a0694faa-0537-40a2-b955-dbaa3b90d572,images/a0694faa-0537-40a2-b955-dbaa3b90d572.jpg,grooved,plastic
95d078f8-7485-4314-8ee0-c741ff53a597,images/95d078f8-7485-4314-8ee0-c741ff53a597.jpg,flecked,nature|rock
639389ee-3ce1-40ef-87c2-c24b44f97421,images/639389ee-3ce1-40ef-87c2-c24b44f97421.jpg,striped,animal
a36ebbc0-b363-4ba3-b7e0-726185ae2fef,images/a36ebbc0-b363-4ba3-b7e0-726185ae2fef.jpg,chequered,wallpaper|painting
2031ea4e-2540-489c-aa48-f815a8b39d2f,images/2031ea4e-2540-489c-aa48-f815a8b39d2f.jpg,flecked,clothing|fabric
f1926139-a51f-45b8-88e9-d32fc1486dcd,images/f1926139-a51f-45b8-88e9-d32fc1486dcd.jpg,matted,home_furnishing
e73bbbe3-3883-4eb3-b7e1-ae81911683b9,images/e73bbbe3-3883-4eb3-b7e1-ae81911683b9.jpg,marbled,rock|nature
fb70ef44-1308-4176-a7dd-976b9445160f,images/fb70ef44-1308-4176-a7dd-976b9445160f.jpg,lined,paper
55bcf36f-b932-4333-8398-1d74afdf2467,images/55bcf36f-b932-4333-8398-1d74afdf2467.jpg,scaly,animal
738dc87b-c596-4120-b310-40cecf8c98a2,images/738dc87b-c596-4120-b310-40cecf8c98a2.jpg,lined,clothing|home_furnishing
10b1403a-bfe3-4858-84d1-9184347e574b,images/10b1403a-bfe3-4858-84d1-9184347e574b.jpg,sprinkled,rock
ab5543dd-8076-4b62-893f-517046be4213,images/ab5543dd-8076-4b62-893f-517046be4213.jpg,spiralled,home_furnishing
c369e164-8e0d-48bb-8206-a0e64d186bd7,images/c369e164-8e0d-48bb-8206-a0e64d186bd7.jpg,cobwebbed,nature|animal
f54e9171-9eea-4236-96d8-ffab11bb08be,images/f54e9171-9eea-4236-96d8-ffab11bb08be.jpg,scaly,animal
f89e0066-f1b3-4e97-a2ae-31fa581eed44,images/f89e0066-f1b3-4e97-a2ae-31fa581eed44.jpg,knitted,clothing|home_furnishing|fabric
efa424d5-6e15-4ec2-8f65-b1c0d05a5c52,images/efa424d5-6e15-4ec2-8f65-b1c0d05a5c52.jpg,sprinkled,human|painting
5ef332d6-fdb8-48cd-a17e-621adfc8c583,images/5ef332d6-fdb8-48cd-a17e-621adfc8c583.jpg,spiralled,metal
5d3a6362-9e22-4417-83a2-e31f1f7f0dad,images/5d3a6362-9e22-4417-83a2-e31f1f7f0dad.jpg,bumpy,nature
ce52e532-3bb8-41b1-aafd-0a8a308fd3af,images/ce52e532-3bb8-41b1-aafd-0a8a308fd3af.jpg,pitted,rock|nature
78c12003-7744-4511-a90d-2df8ff32e263,images/78c12003-7744-4511-a90d-2df8ff32e263.jpg,bubbly,nature|liquid
0ad962cd-1c61-4128-8d44-5b9eed96d205,images/0ad962cd-1c61-4128-8d44-5b9eed96d205.jpg,studded,home_furnishing|clothing
46e141c7-8be7-41be-8813-9a9c05e9f262,images/46e141c7-8be7-41be-8813-9a9c05e9f262.jpg,gauzy,home_furnishing|fabric
c352f8cd-cb71-40b8-9307-8d5729791a7c,images/c352f8cd-cb71-40b8-9307-8d5729791a7c.jpg,lacelike,home_furnishing
725da1bc-ee75-4bb9-a514-e17e56730ee1,images/725da1bc-ee75-4bb9-a514-e17e56730ee1.jpg,perforated,home_furnishing|clothing
a04fea9a-f1c6-4f86-bf51-051567f338ac,images/a04fea9a-f1c6-4f86-bf51-051567f338ac.jpg,spiralled,home_furnishing
c2dc3646-be5a-41bc-bf3f-e3964e540672,images/c2dc3646-be5a-41bc-bf3f-e3964e540672.jpg,interlaced,wood
c9b9a2cc-df68-460e-a1ea-0375152458b9,images/c9b9a2cc-df68-460e-a1ea-0375152458b9.jpg,meshed,plastic
3b61a6f3-ac93-48c2-a001-41976e2e4dfd,images/3b61a6f3-ac93-48c2-a001-41976e2e4dfd.jpg,wrinkled,human
97445715-3b44-4414-864d-691f69562be6,images/97445715-3b44-4414-864d-691f69562be6.jpg,potholed,concrete
61ff9d3a-324a-443c-84bf-6b71997bea3f,images/61ff9d3a-324a-443c-84bf-6b71997bea3f.jpg,grooved,wood
8c8567b9-e661-49ab-8b08-4a4455b3f342,images/8c8567b9-e661-49ab-8b08-4a4455b3f342.jpg,meshed,metal
387cd653-aa29-4af1-9a74-9c0953f2551e,images/387cd653-aa29-4af1-9a74-9c0953f2551e.jpg,scaly,animal
6bda89ec-98fa-401d-9128-bd21afe4cecb,images/6bda89ec-98fa-401d-9128-bd21afe4cecb.jpg,blotchy,painting|wallpaper
4b34269a-cfda-499f-85b8-4a07ba56cf9e,images/4b34269a-cfda-499f-85b8-4a07ba56cf9e.jpg,swirly,painting|wallpaper
3944d9ab-d213-4c2b-967f-cbf458f49a95,images/3944d9ab-d213-4c2b-967f-cbf458f49a95.jpg,smeared,painting|wallpaper
d6ca3275-fc50-4140-b765-8e720bd35249,images/d6ca3275-fc50-4140-b765-8e720bd35249.jpg,braided,fabric|home_furnishing
afd4c8dd-49b0-44af-a850-7f5e338f42af,images/afd4c8dd-49b0-44af-a850-7f5e338f42af.jpg,grooved,metal
7b37bf16-3528-449a-86ec-0987021c5e84,images/7b37bf16-3528-449a-86ec-0987021c5e84.jpg,lined,home_furnishing
d1c5a937-5b3e-42ed-935c-d1c574894d7d,images/d1c5a937-5b3e-42ed-935c-d1c574894d7d.jpg,scaly,animal
98172abd-cb91-42f6-9fdd-0c218e4e893d,images/98172abd-cb91-42f6-9fdd-0c218e4e893d.jpg,grooved,concrete
32b2e683-7d22-4b57-86c2-19b735189d6a,images/32b2e683-7d22-4b57-86c2-19b735189d6a.jpg,scaly,home_furnishing|clothing
c26116d1-716b-4c8a-9b7f-5cddbcbff08c,images/c26116d1-716b-4c8a-9b7f-5cddbcbff08c.jpg,lined,painting|wallpaper
fb3ac376-d780-4288-b0b5-aec63d402a64,images/fb3ac376-d780-4288-b0b5-aec63d402a64.jpg,matted,nature
37dfd59c-37d5-4aa8-af6c-72cbcee90d66,images/37dfd59c-37d5-4aa8-af6c-72cbcee90d66.jpg,marbled,rock|nature
66134301-4fdf-4556-83ec-f6b7695e501a,images/66134301-4fdf-4556-83ec-f6b7695e501a.jpg,marbled,rock|nature
2b8124bc-e5d4-410f-bc65-0d9dbe35a58a,images/2b8124bc-e5d4-410f-bc65-0d9dbe35a58a.jpg,potholed,concrete
39cbba6c-69b9-425c-b52b-51490383e6da,images/39cbba6c-69b9-425c-b52b-51490383e6da.jpg,spiralled,home_furnishing
35bbbf3a-13c8-4c5d-b052-b8c6a607aafa,images/35bbbf3a-13c8-4c5d-b052-b8c6a607aafa.jpg,stratified,rock|nature
93555c49-e2f8-47f3-ad66-b33564d0641d,images/93555c49-e2f8-47f3-ad66-b33564d0641d.jpg,flecked,clothing|fabric
112b648f-7d05-418c-bf89-acf5ef9709bb,images/112b648f-7d05-418c-bf89-acf5ef9709bb.jpg,bubbly,nature|food|liquid
86267b1e-e360-4b05-a5f8-422956020bce,images/86267b1e-e360-4b05-a5f8-422956020bce.jpg,pleated,home_furnishing|clothing
448f830e-0c48-4844-8e9d-9bdb0caf1d85,images/448f830e-0c48-4844-8e9d-9bdb0caf1d85.jpg,honeycombed,concrete|rock
3f06b188-d9b7-4d76-be0c-959bd921cbb1,images/3f06b188-d9b7-4d76-be0c-959bd921cbb1.jpg,blotchy,nature|rock
239453a6-ff74-4bea-9a12-930cacbee1e7,images/239453a6-ff74-4bea-9a12-930cacbee1e7.jpg,cracked,nature
20284724-1aef-486d-888c-595180d5b305,images/20284724-1aef-486d-888c-595180d5b305.jpg,crystalline,nature|rock
951ca2ee-de1a-4fdf-9b7b-3ccb6da03c5a,images/951ca2ee-de1a-4fdf-9b7b-3ccb6da03c5a.jpg,stratified,wood|nature
aa84b4c3-a6a6-421b-9f4a-90b395f72cfa,images/aa84b4c3-a6a6-421b-9f4a-90b395f72cfa.jpg,studded,home_furnishing|clothing
052bc76a-7222-42dd-b8d6-f5279a23b21c,images/052bc76a-7222-42dd-b8d6-f5279a23b21c.jpg,sprinkled,food
a2b1f5e5-e408-44b3-a699-b08987fe3fad,images/a2b1f5e5-e408-44b3-a699-b08987fe3fad.jpg,pitted,food|nature
ea83bd64-6fd0-4108-b81f-2ec9c2f415bd,images/ea83bd64-6fd0-4108-b81f-2ec9c2f415bd.jpg,striped,animal
aeb0295b-a3db-4cab-a0b6-6633e9466033,images/aeb0295b-a3db-4cab-a0b6-6633e9466033.jpg,chequered,clothing
30bf0827-b157-4878-ad31-d4844da7e3e3,images/30bf0827-b157-4878-ad31-d4844da7e3e3.jpg,lacelike,home_furnishing
2e13dc7f-beab-49bb-9c2d-813af932899a,images/2e13dc7f-beab-49bb-9c2d-813af932899a.jpg,veined,nature
7955f94b-fa1f-471f-92fa-34b6b175ffd1,images/7955f94b-fa1f-471f-92fa-34b6b175ffd1.jpg,frilly,nature
0e292ec6-605b-4c84-b879-05e34e2d3cb3,images/0e292ec6-605b-4c84-b879-05e34e2d3cb3.jpg,potholed,rock|nature
2197c675-2c0f-479d-acbe-f9664af106a4,images/2197c675-2c0f-479d-acbe-f9664af106a4.jpg,gauzy,clothing|home_furnishing|fabric
ac15f82e-c1f7-41a9-bc81-08e30aa50a73,images/ac15f82e-c1f7-41a9-bc81-08e30aa50a73.jpg,lined,clothing|home_furnishing
d899d3be-a968-4bb0-ae3b-87b2d84303eb,images/d899d3be-a968-4bb0-ae3b-87b2d84303eb.jpg,dotted,clothing|home_furnishing
7debe5ee-758c-40be-bf09-c4be957868be,images/7debe5ee-758c-40be-bf09-c4be957868be.jpg,cobwebbed,metal
78590eb5-03f9-4558-a61b-80a9d4c649be,images/78590eb5-03f9-4558-a61b-80a9d4c649be.jpg,waffled,food
3d959706-2570-485d-9311-5216778726e2,images/3d959706-2570-485d-9311-5216778726e2.jpg,waffled,clothing
d41130fa-6841-41b4-bfae-c68490ae499c,images/d41130fa-6841-41b4-bfae-c68490ae499c.jpg,freckled,human
cf8924cb-f86f-490e-9401-1ef45f6904b2,images/cf8924cb-f86f-490e-9401-1ef45f6904b2.jpg,meshed,home_furnishing|fabric
33b673a2-cb94-4c43-b177-e32604bd9397,images/33b673a2-cb94-4c43-b177-e32604bd9397.jpg,interlaced,painting|wallpaper
24aa0793-b9aa-49d4-9178-da8431ac191a,images/24aa0793-b9aa-49d4-9178-da8431ac191a.jpg,woven,home_furnishing|wood
86ff593c-f9ec-475e-b4ae-c1c9c302b704,images/86ff593c-f9ec-475e-b4ae-c1c9c302b704.jpg,porous,painting|wall
e8ee4838-8676-4dc3-9399-ae4ac78b8d05,images/e8ee4838-8676-4dc3-9399-ae4ac78b8d05.jpg,frilly,nature|food
d2571d1d-a2d0-436f-ae81-0a875d3cfdbf,images/d2571d1d-a2d0-436f-ae81-0a875d3cfdbf.jpg,blotchy,painting|wallpaper
dac6a5c6-921c-4622-b043-a45138a10af7,images/dac6a5c6-921c-4622-b043-a45138a10af7.jpg,lined,wallpaper|painting
c35efacc-b69c-4eac-9ef7-3262fd0b74cf,images/c35efacc-b69c-4eac-9ef7-3262fd0b74cf.jpg,honeycombed,nature
dcbcefdf-87dc-4feb-ad60-924c9423ba4a,images/dcbcefdf-87dc-4feb-ad60-924c9423ba4a.jpg,wrinkled,home_furnishing|clothing
b74770fd-a70f-4303-bd7b-27d59bdc0eae,images/b74770fd-a70f-4303-bd7b-27d59bdc0eae.jpg,gauzy,clothing|home_furnishing|fabric
2456c505-452b-46ea-b9ec-b0289b83f521,images/2456c505-452b-46ea-b9ec-b0289b83f521.jpg,zigzagged,painting|wallpaper
60fe0628-eea6-4775-8103-fc3c481be79f,images/60fe0628-eea6-4775-8103-fc3c481be79f.jpg,banded,fabric|clothing
388d0f28-6f7f-4c81-bbd0-572a2a597ce0,images/388d0f28-6f7f-4c81-bbd0-572a2a597ce0.jpg,marbled,rock|nature
27fa2baa-5030-4564-9fe6-1b4edec59570,images/27fa2baa-5030-4564-9fe6-1b4edec59570.jpg,scaly,animal
9d2b0a24-5ad8-4b69-bfa9-c0549e576703,images/9d2b0a24-5ad8-4b69-bfa9-c0549e576703.jpg,scaly,rock
f120346b-363d-453c-aacf-ce6b1acc0a9b,images/f120346b-363d-453c-aacf-ce6b1acc0a9b.jpg,pitted,wall
ca83ff1d-5a2d-458f-ad70-62f9f231bb65,images/ca83ff1d-5a2d-458f-ad70-62f9f231bb65.jpg,studded,wood
735b6c06-9e59-4809-8e06-401a986b0d47,images/735b6c06-9e59-4809-8e06-401a986b0d47.jpg,marbled,painting|wallpaper
7d5c68c0-c877-463a-b3ef-ac929f69ff9c,images/7d5c68c0-c877-463a-b3ef-ac929f69ff9c.jpg,crosshatched,painting|wallpaper
33c100ca-6401-47fc-92f1-52b78ff13e09,images/33c100ca-6401-47fc-92f1-52b78ff13e09.jpg,grooved,metal
a7dbdca5-650c-4224-b160-481f8556f49c,images/a7dbdca5-650c-4224-b160-481f8556f49c.jpg,honeycombed,concrete|rock
1743a6f9-2041-44b8-90f6-84ff221915da,images/1743a6f9-2041-44b8-90f6-84ff221915da.jpg,banded,fabric|clothing
fd8e6e36-cd29-4802-8e0e-da774fe68664,images/fd8e6e36-cd29-4802-8e0e-da774fe68664.jpg,flecked,nature
46a4b021-0549-45af-87af-e19fcc3d11a8,images/46a4b021-0549-45af-87af-e19fcc3d11a8.jpg,perforated,home_furnishing
cc0fe842-04b7-4a4a-b90d-f37bd5c3bdc8,images/cc0fe842-04b7-4a4a-b90d-f37bd5c3bdc8.jpg,bumpy,home_furnishing|clothing
cfb3cab9-d33c-4424-877d-09dfec927934,images/cfb3cab9-d33c-4424-877d-09dfec927934.jpg,waffled,food
bbd355ce-64cd-43f2-aa12-9d9878952918,images/bbd355ce-64cd-43f2-aa12-9d9878952918.jpg,matted,human|hair
742937ae-fdf9-4a6b-a135-34d63fbba503,images/742937ae-fdf9-4a6b-a135-34d63fbba503.jpg,pleated,home_furnishing
ed9a7c65-6916-47b4-8934-1bf8b1c10a6e,images/ed9a7c65-6916-47b4-8934-1bf8b1c10a6e.jpg,frilly,clothing|home_furnishing
78dfa3d0-7fac-4fb2-8a6f-192d47670e76,images/78dfa3d0-7fac-4fb2-8a6f-192d47670e76.jpg,spiralled,home_furnishing
3658f720-785e-4133-8998-4df2fa7b7534,images/3658f720-785e-4133-8998-4df2fa7b7534.jpg,wrinkled,human
a48815de-6044-46e3-964a-85828222ab5e,images/a48815de-6044-46e3-964a-85828222ab5e.jpg,smeared,painting|wallpaper
ab5de953-23fe-4b0e-bac2-a2c975e7faad,images/ab5de953-23fe-4b0e-bac2-a2c975e7faad.jpg,cobwebbed,wallpaper|painting
73157bbc-7c6e-4406-8f2b-f909578d71a9,images/73157bbc-7c6e-4406-8f2b-f909578d71a9.jpg,marbled,rock|nature
020f20ba-594a-4805-9b93-d3b93aaa2148,images/020f20ba-594a-4805-9b93-d3b93aaa2148.jpg,pitted,wallpaper|painting
14588362-e775-4e17-8089-35fd07ad2db4,images/14588362-e775-4e17-8089-35fd07ad2db4.jpg,lined,paper
7c97d8c7-c356-4c0f-9ff4-44b1f6b2e90e,images/7c97d8c7-c356-4c0f-9ff4-44b1f6b2e90e.jpg,stratified,rock|nature
3a8b925f-12d9-4ed3-a797-70a57de931d8,images/3a8b925f-12d9-4ed3-a797-70a57de931d8.jpg,blotchy,nature|wood
b201212d-d720-4325-817b-618d0b7b96cc,images/b201212d-d720-4325-817b-618d0b7b96cc.jpg,perforated,home_furnishing|clothing
5149e099-1f4e-4bbc-88f3-b30df5897918,images/5149e099-1f4e-4bbc-88f3-b30df5897918.jpg,perforated,plastic
3301851a-b4c4-4e0a-ad3e-484cf278b5a8,images/3301851a-b4c4-4e0a-ad3e-484cf278b5a8.jpg,porous,concrete
f88c84f6-f6d9-43a4-b794-6f6ebe659410,images/f88c84f6-f6d9-43a4-b794-6f6ebe659410.jpg,striped,home_furnishing|clothing
f53a677e-b0c6-449c-a1bd-aa9b3413e86d,images/f53a677e-b0c6-449c-a1bd-aa9b3413e86d.jpg,knitted,clothing|home_furnishing|fabric
6c22a3a1-5644-4a28-bb4c-35af471b46bb,images/6c22a3a1-5644-4a28-bb4c-35af471b46bb.jpg,crosshatched,clothing|home_furnishing
73a9290f-51ab-4168-8f36-5d478f1b341b,images/73a9290f-51ab-4168-8f36-5d478f1b341b.jpg,stratified,wood|nature
93c5f5f3-28d7-49c1-ba55-704275e2627b,images/93c5f5f3-28d7-49c1-ba55-704275e2627b.jpg,crystalline,nature|rock
313d698e-372f-4adb-ab22-d738503f8be9,images/313d698e-372f-4adb-ab22-d738503f8be9.jpg,veined,nature
9a131b89-a8c5-4abc-9433-50f4dcf56211,images/9a131b89-a8c5-4abc-9433-50f4dcf56211.jpg,grid,wallpaper|painting
5f54266e-a55c-4c64-89c7-092c88ed9d89,images/5f54266e-a55c-4c64-89c7-092c88ed9d89.jpg,woven,home_furnishing|wood
319dad69-38b0-40e4-8a1f-c7d60f2ab8ce,images/319dad69-38b0-40e4-8a1f-c7d60f2ab8ce.jpg,woven,home_furnishing|wood
6dc4d401-e221-4592-9c65-3f6d9fc1fba5,images/6dc4d401-e221-4592-9c65-3f6d9fc1fba5.jpg,dotted,wallpaper|painting
265b94b5-0a98-408e-8faf-c8bdc70234c2,images/265b94b5-0a98-408e-8faf-c8bdc70234c2.jpg,polka-dotted,home_furnishing|clothing
bef3b119-7d11-4b62-88a7-f77ea1af3226,images/bef3b119-7d11-4b62-88a7-f77ea1af3226.jpg,lined,paper
912bc45e-c9f9-4e2f-8fec-5b261de74a82,images/912bc45e-c9f9-4e2f-8fec-5b261de74a82.jpg,crosshatched,clothing|home_furnishing|fabric
ad47783f-4e47-4315-858a-d4885d15f35b,images/ad47783f-4e47-4315-858a-d4885d15f35b.jpg,honeycombed,rock
bd190e19-e78c-4ecb-8066-00812954a8a4,images/bd190e19-e78c-4ecb-8066-00812954a8a4.jpg,pleated,home_furnishing|paper
3c766f47-2109-4a24-b86e-1ad8b30b5226,images/3c766f47-2109-4a24-b86e-1ad8b30b5226.jpg,crosshatched,painting|wallpaper
7d8708e2-094f-4de7-987e-2214883c2c01,images/7d8708e2-094f-4de7-987e-2214883c2c01.jpg,dotted,clothing|home_furnishing
fa46f9aa-7bf3-4363-9057-45ca5821a6ae,images/fa46f9aa-7bf3-4363-9057-45ca5821a6ae.jpg,paisley,home_furnishing|clothing
d01108b6-bc95-4cc3-bb54-c951c7b47984,images/d01108b6-bc95-4cc3-bb54-c951c7b47984.jpg,studded,home_furnishing|clothing
9ae0e2a5-4368-4a11-91dd-55103d2313f2,images/9ae0e2a5-4368-4a11-91dd-55103d2313f2.jpg,pitted,rock|nature
c06ee868-d62b-4a29-9157-673efd62b728,images/c06ee868-d62b-4a29-9157-673efd62b728.jpg,matted,nature
5a575897-d1f7-47f0-8db3-a6e482ef554b,images/5a575897-d1f7-47f0-8db3-a6e482ef554b.jpg,matted,nature
98818e2f-e413-4d1a-b2e7-4371175d6ef4,images/98818e2f-e413-4d1a-b2e7-4371175d6ef4.jpg,gauzy,clothing|home_furnishing
0a01eb77-c25e-467b-9a89-729b920b77ab,images/0a01eb77-c25e-467b-9a89-729b920b77ab.jpg,freckled,human
93cfcf07-757d-4c1e-bad6-eab26d54f650,images/93cfcf07-757d-4c1e-bad6-eab26d54f650.jpg,flecked,rock|concrete
e86540aa-6720-4223-928e-91eeb0616b91,images/e86540aa-6720-4223-928e-91eeb0616b91.jpg,lacelike,home_furnishing
18b1e481-792a-4fcf-a331-47be726a2a11,images/18b1e481-792a-4fcf-a331-47be726a2a11.jpg,perforated,plastic
d75f6ed4-3245-4a15-b271-c8b69c844d43,images/d75f6ed4-3245-4a15-b271-c8b69c844d43.jpg,smeared,painting|wallpaper
c57c6110-6fe1-4507-badb-2518a5795491,images/c57c6110-6fe1-4507-badb-2518a5795491.jpg,marbled,rock|nature
589e6ecb-941f-484c-af57-dd6ec566eb5a,images/589e6ecb-941f-484c-af57-dd6ec566eb5a.jpg,waffled,plastic|home_furnishing
01b3677e-99cd-4fd7-80f5-59f3cf2e774c,images/01b3677e-99cd-4fd7-80f5-59f3cf2e774c.jpg,spiralled,animal|nature
9977e3bf-17f7-4721-a6f4-2d43ac9ec76b,images/9977e3bf-17f7-4721-a6f4-2d43ac9ec76b.jpg,polka-dotted,home_furnishing|clothing
629ec774-7738-4f52-a167-2d1062e13de6,images/629ec774-7738-4f52-a167-2d1062e13de6.jpg,lined,clothing|home_furnishing
5f15b57e-cdad-4d9b-acfd-1b3ab0b83d09,images/5f15b57e-cdad-4d9b-acfd-1b3ab0b83d09.jpg,gauzy,clothing|home_furnishing
91a876a9-d359-4abb-830b-0b1b0556ef10,images/91a876a9-d359-4abb-830b-0b1b0556ef10.jpg,honeycombed,concrete
ca74118d-7c3a-4cec-a585-bba8c6f961d0,images/ca74118d-7c3a-4cec-a585-bba8c6f961d0.jpg,lacelike,home_furnishing
f9a669c8-e9aa-4ff3-8713-721c5b8bd70e,images/f9a669c8-e9aa-4ff3-8713-721c5b8bd70e.jpg,smeared,painting|wallpaper
5e557f27-1869-46ef-a04e-cd998821a152,images/5e557f27-1869-46ef-a04e-cd998821a152.jpg,cobwebbed,nature
3a07e813-77a0-4a8d-a18f-d215adcfc9c9,images/3a07e813-77a0-4a8d-a18f-d215adcfc9c9.jpg,bumpy,nature|food
c59c58b6-4040-41bf-8fce-0d7e71595869,images/c59c58b6-4040-41bf-8fce-0d7e71595869.jpg,chequered,clothing|home_furnishing
2048fd1a-ce7a-4037-90e2-113e6bbff1fc,images/2048fd1a-ce7a-4037-90e2-113e6bbff1fc.jpg,marbled,rock|nature
be7b10e8-29e4-40d0-886c-6e04786a2cb6,images/be7b10e8-29e4-40d0-886c-6e04786a2cb6.jpg,studded,home_furnishing|clothing
5f51bb37-204c-45d6-9add-de92f318ac5b,images/5f51bb37-204c-45d6-9add-de92f318ac5b.jpg,woven,home_furnishing|wood
f0766f60-305f-4642-981d-4916fe69b3fa,images/f0766f60-305f-4642-981d-4916fe69b3fa.jpg,matted,nature
b10ffd1d-7713-4509-835d-6ea04360d6e6,images/b10ffd1d-7713-4509-835d-6ea04360d6e6.jpg,grooved,painting
d952c247-c1cb-4ae4-8172-b20872d15044,images/d952c247-c1cb-4ae4-8172-b20872d15044.jpg,sprinkled,food
3c066e7a-3938-4541-bd64-19ae2fe65185,images/3c066e7a-3938-4541-bd64-19ae2fe65185.jpg,stratified,rock|nature
cf638d41-7699-4975-a4e8-5d8aa1436650,images/cf638d41-7699-4975-a4e8-5d8aa1436650.jpg,crosshatched,painting|wallpaper
3a6786f8-caa3-442e-987e-df8aedc3f0b6,images/3a6786f8-caa3-442e-987e-df8aedc3f0b6.jpg,smeared,human|painting
89de61b2-e100-4429-ab87-02c89889c28c,images/89de61b2-e100-4429-ab87-02c89889c28c.jpg,potholed,nature
e1373408-9198-4272-a6f2-fe1dc948e520,images/e1373408-9198-4272-a6f2-fe1dc948e520.jpg,matted,nature
eb5ce836-37b9-4365-ad4c-f7bb39c66df2,images/eb5ce836-37b9-4365-ad4c-f7bb39c66df2.jpg,crosshatched,painting|wallpaper
cb3f49ef-3851-4c4e-9083-7fc3898830d1,images/cb3f49ef-3851-4c4e-9083-7fc3898830d1.jpg,knitted,clothing|home_furnishing|fabric
6c6a70a8-4eb9-4c97-b38b-104aab530071,images/6c6a70a8-4eb9-4c97-b38b-104aab530071.jpg,honeycombed,concrete|rock
ba4a4d6e-0049-40d1-9150-3fd920f984dc,images/ba4a4d6e-0049-40d1-9150-3fd920f984dc.jpg,paisley,home_furnishing|clothing
59a7493e-45f7-4255-a13b-0fe62b97a391,images/59a7493e-45f7-4255-a13b-0fe62b97a391.jpg,chequered,wallpaper|painting
00979ad1-d48f-47d3-97ff-ee2c1f5abf17,images/00979ad1-d48f-47d3-97ff-ee2c1f5abf17.jpg,cracked,nature
2ca2aaa9-f82e-455b-8601-0a4372c0a9c7,images/2ca2aaa9-f82e-455b-8601-0a4372c0a9c7.jpg,scaly,animal
694d5554-557c-414d-a9e6-53bdcca25c18,images/694d5554-557c-414d-a9e6-53bdcca25c18.jpg,woven,wallpaper|painting
ddcfb938-8e2b-4c39-9226-10242bf581b3,images/ddcfb938-8e2b-4c39-9226-10242bf581b3.jpg,crosshatched,clothing|home_furnishing
029b216c-d28b-4f81-b7e9-2de2eac2b9a9,images/029b216c-d28b-4f81-b7e9-2de2eac2b9a9.jpg,grooved,metal
6e65e1bf-7047-46d9-847f-3180aad88aac,images/6e65e1bf-7047-46d9-847f-3180aad88aac.jpg,veined,nature
b58ad4e7-2f73-4746-bf3b-1eedf6919cae,images/b58ad4e7-2f73-4746-bf3b-1eedf6919cae.jpg,swirly,painting|wallpaper
54797fad-a664-4a95-b268-eee317dd0c29,images/54797fad-a664-4a95-b268-eee317dd0c29.jpg,dotted,clothing|home_furnishing
5b45bf3f-6ff5-4c83-8165-26dc12f706ba,images/5b45bf3f-6ff5-4c83-8165-26dc12f706ba.jpg,sprinkled,painting|wallpaper
a3c1ebb4-0ad1-4d58-9c66-2ea463497fd2,images/a3c1ebb4-0ad1-4d58-9c66-2ea463497fd2.jpg,gauzy,clothing|home_furnishing
353d1f38-7601-4253-8079-05079b204974,images/353d1f38-7601-4253-8079-05079b204974.jpg,lacelike,clothing|home_furnishing
750957d8-8dcd-439e-9ae9-ecb38ead97de,images/750957d8-8dcd-439e-9ae9-ecb38ead97de.jpg,meshed,fabric
e5979596-8971-405f-a00a-72f31e07e2d4,images/e5979596-8971-405f-a00a-72f31e07e2d4.jpg,bumpy,rubber
28b9276a-c60c-4863-8f87-cfc1f9cd1127,images/28b9276a-c60c-4863-8f87-cfc1f9cd1127.jpg,meshed,metal
d7e9a93c-a0b3-425a-978f-f79ed61a0244,images/d7e9a93c-a0b3-425a-978f-f79ed61a0244.jpg,spiralled,rock
9128df24-c183-4c9b-bf3e-7a0305576c8f,images/9128df24-c183-4c9b-bf3e-7a0305576c8f.jpg,crosshatched,wallpaper|painting
7dc3c3ed-a891-45c3-873d-a903e9965080,images/7dc3c3ed-a891-45c3-873d-a903e9965080.jpg,waffled,concrete|painting
4a5286a8-7f5d-454b-b760-3c799be5ca19,images/4a5286a8-7f5d-454b-b760-3c799be5ca19.jpg,fibrous,rock
36e397d0-32df-4bae-829f-6e01a7268f0f,images/36e397d0-32df-4bae-829f-6e01a7268f0f.jpg,crystalline,nature|rock
31cc9643-7ee5-4b4d-b10d-608f26293b21,images/31cc9643-7ee5-4b4d-b10d-608f26293b21.jpg,stained,home_furnishing|clothing
0c4a7ae0-97b8-4930-8378-2aa9e6bf9d45,images/0c4a7ae0-97b8-4930-8378-2aa9e6bf9d45.jpg,woven,home_furnishing|wood
882df8f9-92a6-408f-a6e5-f5b53e30efbd,images/882df8f9-92a6-408f-a6e5-f5b53e30efbd.jpg,braided,fabric|home_furnishing
11328bc0-bd3a-41f3-b398-9b368a3d642b,images/11328bc0-bd3a-41f3-b398-9b368a3d642b.jpg,spiralled,wallpaper
e342df43-90f7-4be3-a9e6-4f44b2855567,images/e342df43-90f7-4be3-a9e6-4f44b2855567.jpg,fibrous,nature
6d7ef9be-6c5b-4468-85b1-8b457a0d3b36,images/6d7ef9be-6c5b-4468-85b1-8b457a0d3b36.jpg,stained,home_furnishing|clothing
5ce1d560-401f-44b5-a659-d944f6a3788c,images/5ce1d560-401f-44b5-a659-d944f6a3788c.jpg,matted,nature
2a2b1699-786a-401c-82e9-a1c777773323,images/2a2b1699-786a-401c-82e9-a1c777773323.jpg,pleated,home_furnishing
d750318c-45a6-4251-9d4b-143ce8044c9e,images/d750318c-45a6-4251-9d4b-143ce8044c9e.jpg,scaly,animal
456d1f39-4457-4af9-a244-18e3b0a7685a,images/456d1f39-4457-4af9-a244-18e3b0a7685a.jpg,veined,plastic|home_furnishing
5704e0d4-fd89-4481-999e-b32af3ed24a8,images/5704e0d4-fd89-4481-999e-b32af3ed24a8.jpg,banded,fabric|clothing
1155ce24-b117-4c20-a06e-38afc793d46b,images/1155ce24-b117-4c20-a06e-38afc793d46b.jpg,freckled,human
0423bd2c-df3d-4417-8b58-1c7b63a7dd7f,images/0423bd2c-df3d-4417-8b58-1c7b63a7dd7f.jpg,paisley,home_furnishing|clothing
f7c5f059-cd36-4fd8-a87d-b11993a6b329,images/f7c5f059-cd36-4fd8-a87d-b11993a6b329.jpg,crystalline,nature|rock
9586ea0b-3bdd-425c-9618-2bf29ab9bb0a,images/9586ea0b-3bdd-425c-9618-2bf29ab9bb0a.jpg,wrinkled,animal
413d59af-ae1b-46df-96b2-1529ce6f0e10,images/413d59af-ae1b-46df-96b2-1529ce6f0e10.jpg,interlaced,rock|concrete
7ab3f1e0-35b3-4198-9dc0-246e4000f689,images/7ab3f1e0-35b3-4198-9dc0-246e4000f689.jpg,waffled,food
46ef3753-3edd-4d3d-958a-0c51a5ec5bb8,images/46ef3753-3edd-4d3d-958a-0c51a5ec5bb8.jpg,knitted,clothing|home_furnishing|fabric
3fcf8e3d-2d9c-4d13-a1af-ccabe3dde7b8,images/3fcf8e3d-2d9c-4d13-a1af-ccabe3dde7b8.jpg,knitted,clothing|home_furnishing|fabric
4d61bd2b-12ad-4cba-9b07-5e9bffba7839,images/4d61bd2b-12ad-4cba-9b07-5e9bffba7839.jpg,waffled,food
316d266f-1078-4415-807b-4156c9af982c,images/316d266f-1078-4415-807b-4156c9af982c.jpg,freckled,human
c5eaa359-4e1b-45f3-b207-d3b7498c31e4,images/c5eaa359-4e1b-45f3-b207-d3b7498c31e4.jpg,swirly,painting|wallpaper
7d7af80e-4257-4d19-8cd9-4e1adb78a79d,images/7d7af80e-4257-4d19-8cd9-4e1adb78a79d.jpg,lacelike,home_furnishing
4698e380-9998-489c-a7ff-7221ea6c9e32,images/4698e380-9998-489c-a7ff-7221ea6c9e32.jpg,honeycombed,wallpaper|painting
1f36b396-98fa-4378-948c-0e7e78a02751,images/1f36b396-98fa-4378-948c-0e7e78a02751.jpg,stained,rock
af52d009-fedb-4a9c-8b75-967d135fb0f7,images/af52d009-fedb-4a9c-8b75-967d135fb0f7.jpg,marbled,painting|wallpaper
fe53fb99-eb79-454a-8a73-a155996a983e,images/fe53fb99-eb79-454a-8a73-a155996a983e.jpg,paisley,home_furnishing
6069bbbf-50ca-47dc-a815-695181f7129f,images/6069bbbf-50ca-47dc-a815-695181f7129f.jpg,crystalline,nature|rock
47eedc4d-f5b3-4834-a408-b24c878ecd5f,images/47eedc4d-f5b3-4834-a408-b24c878ecd5f.jpg,chequered,wallpaper|painting
f5707a9e-065b-44b8-8792-b396f9b5ec98,images/f5707a9e-065b-44b8-8792-b396f9b5ec98.jpg,cracked,nature
92e940c8-594d-4dd8-a8ce-c461a006b630,images/92e940c8-594d-4dd8-a8ce-c461a006b630.jpg,spiralled,painting|wallpaper
4058abde-ed13-475c-899e-1a0a6022c0c9,images/4058abde-ed13-475c-899e-1a0a6022c0c9.jpg,fibrous,wallpaper|painting
7a926427-e79e-46d2-8074-f2cc192998c6,images/7a926427-e79e-46d2-8074-f2cc192998c6.jpg,spiralled,home_furnishing
05eaeb8d-d271-4854-95ac-864225283de0,images/05eaeb8d-d271-4854-95ac-864225283de0.jpg,stained,painting|wallpaper
b182fdb8-4e72-4dbf-b029-30df6a4039ee,images/b182fdb8-4e72-4dbf-b029-30df6a4039ee.jpg,paisley,home_furnishing|clothing
510aab45-7826-48b6-83af-35dda1fd9358,images/510aab45-7826-48b6-83af-35dda1fd9358.jpg,perforated,metal
2b93cb97-8dda-4317-91b2-e7b6a93aed2c,images/2b93cb97-8dda-4317-91b2-e7b6a93aed2c.jpg,wrinkled,metal
dc40d173-672e-4260-90bc-fbda90342fb9,images/dc40d173-672e-4260-90bc-fbda90342fb9.jpg,zigzagged,home_furnishing|clothing
4f521fb7-0c01-4805-9a12-09fcb1ba6214,images/4f521fb7-0c01-4805-9a12-09fcb1ba6214.jpg,lacelike,home_furnishing
d1ee7c1a-7274-4912-a04b-e5f21377fe62,images/d1ee7c1a-7274-4912-a04b-e5f21377fe62.jpg,studded,home_furnishing|clothing
3d850dd3-2cd1-48f4-9405-f3f5e18f5b0a,images/3d850dd3-2cd1-48f4-9405-f3f5e18f5b0a.jpg,gauzy,wallpaper|painting
6cf260cf-11c3-4429-801f-49332b5a9f68,images/6cf260cf-11c3-4429-801f-49332b5a9f68.jpg,stained,painting|wallpaper
d09e8b26-d0e1-4ae1-a374-59b908c3c09b,images/d09e8b26-d0e1-4ae1-a374-59b908c3c09b.jpg,blotchy,nature|rock
e6fb751a-82a8-4f05-b5f4-72a5c5e29f00,images/e6fb751a-82a8-4f05-b5f4-72a5c5e29f00.jpg,cobwebbed,nature|animal
159ec677-d2e1-48c2-b736-55edc920bb3d,images/159ec677-d2e1-48c2-b736-55edc920bb3d.jpg,crystalline,nature|rock
b5dddf3b-b2f4-449e-a949-507600e2910f,images/b5dddf3b-b2f4-449e-a949-507600e2910f.jpg,honeycombed,home_furnishing|clothing
986ea334-bf86-46af-b783-6e5f8fee344a,images/986ea334-bf86-46af-b783-6e5f8fee344a.jpg,stained,metal|painting
96c8e85b-5420-4b77-a337-86ab742c126b,images/96c8e85b-5420-4b77-a337-86ab742c126b.jpg,meshed,metal
f0055029-f4e6-473e-b1d5-01859d4d376c,images/f0055029-f4e6-473e-b1d5-01859d4d376c.jpg,knitted,clothing|home_furnishing|fabric
13550051-e95e-47c9-b209-20031cfdaf60,images/13550051-e95e-47c9-b209-20031cfdaf60.jpg,flecked,food
6cdda3ee-9ee3-4a1f-bbbd-4780ff7c7bf7,images/6cdda3ee-9ee3-4a1f-bbbd-4780ff7c7bf7.jpg,braided,human|hair
10ef723b-c465-4b4b-bc69-e36e1fd78ca9,images/10ef723b-c465-4b4b-bc69-e36e1fd78ca9.jpg,zigzagged,home_furnishing|clothing
dc12ed06-3aeb-4f87-b9ea-49a4a8ca2e3a,images/dc12ed06-3aeb-4f87-b9ea-49a4a8ca2e3a.jpg,matted,human|hair
62414978-ffd3-4930-b727-fcd05cd327ae,images/62414978-ffd3-4930-b727-fcd05cd327ae.jpg,scaly,animal
728d6dc2-09ce-48cf-90de-93f434e62a33,images/728d6dc2-09ce-48cf-90de-93f434e62a33.jpg,dotted,clothing|home_furnishing
60c41177-6a43-4721-a53a-08711a40c29c,images/60c41177-6a43-4721-a53a-08711a40c29c.jpg,pitted,rock
92b1b636-4201-4a24-9830-2f49f1aa93a3,images/92b1b636-4201-4a24-9830-2f49f1aa93a3.jpg,fibrous,tree
e9a9a1c1-4b64-4add-8c3e-69ae7777ff95,images/e9a9a1c1-4b64-4add-8c3e-69ae7777ff95.jpg,freckled,human
84bdb712-307b-4368-9c6d-08b43d00576d,images/84bdb712-307b-4368-9c6d-08b43d00576d.jpg,lacelike,home_furnishing
4d1ea698-2983-440e-bd60-0bdfb27cbb1e,images/4d1ea698-2983-440e-bd60-0bdfb27cbb1e.jpg,wrinkled,animal
f92e60e6-04f1-49ff-922b-7314540c27c4,images/f92e60e6-04f1-49ff-922b-7314540c27c4.jpg,potholed,concrete
4a8eb3ab-e2e3-4878-8395-34bc001bf465,images/4a8eb3ab-e2e3-4878-8395-34bc001bf465.jpg,stratified,wood
39c803e8-2f37-420f-89c9-abbec1ebd59c,images/39c803e8-2f37-420f-89c9-abbec1ebd59c.jpg,porous,food
7d9ebb8f-9b93-4fb6-bd65-9a71f55e9244,images/7d9ebb8f-9b93-4fb6-bd65-9a71f55e9244.jpg,porous,concrete
ef3a71e4-af42-4559-8cd7-ec97096fb9e7,images/ef3a71e4-af42-4559-8cd7-ec97096fb9e7.jpg,matted,home_furnishing
868aa297-8387-4dbd-b36b-e24e4481382d,images/868aa297-8387-4dbd-b36b-e24e4481382d.jpg,paisley,home_furnishing|clothing|fabric
f2ed5220-bb4d-4c3e-8db9-d7e835b19ac6,images/f2ed5220-bb4d-4c3e-8db9-d7e835b19ac6.jpg,freckled,nature
aab0732f-c68d-4246-b130-ca56e4ebb296,images/aab0732f-c68d-4246-b130-ca56e4ebb296.jpg,marbled,rock|nature
676b4462-254e-473d-8cb7-fe40e775df17,images/676b4462-254e-473d-8cb7-fe40e775df17.jpg,interlaced,concrete|painting
7b1571d2-76d3-4434-aaa8-b1f215592640,images/7b1571d2-76d3-4434-aaa8-b1f215592640.jpg,grid,wallpaper|painting
fb890a01-7b47-4a39-add3-4de17b7f6cec,images/fb890a01-7b47-4a39-add3-4de17b7f6cec.jpg,zigzagged,home_furnishing|clothing
74894f92-b580-447e-909f-259ca5640ffd,images/74894f92-b580-447e-909f-259ca5640ffd.jpg,wrinkled,nature
ece6671b-8429-4efb-ad15-895b2324c307,images/ece6671b-8429-4efb-ad15-895b2324c307.jpg,dotted,wallpaper|painting
01ea24b9-98fe-4809-88fb-6ed04421cad3,images/01ea24b9-98fe-4809-88fb-6ed04421cad3.jpg,spiralled,home_furnishing|plastic
4d2c6edc-95ac-4c78-a215-02b36c2c66db,images/4d2c6edc-95ac-4c78-a215-02b36c2c66db.jpg,gauzy,home_furnishing
b32519f3-3eb0-4c10-9470-ecddc4353743,images/b32519f3-3eb0-4c10-9470-ecddc4353743.jpg,bubbly,nature|food|liquid
dae14ae4-cad6-44bb-9546-63f6356fe654,images/dae14ae4-cad6-44bb-9546-63f6356fe654.jpg,potholed,concrete
57447d93-d0b4-4401-93c2-47215e7ac4d8,images/57447d93-d0b4-4401-93c2-47215e7ac4d8.jpg,grid,metal
79475880-788b-42b4-bce0-8255dca59355,images/79475880-788b-42b4-bce0-8255dca59355.jpg,banded,fabric|clothing
5b6a8531-60f0-46c0-888e-f690f9677ff6,images/5b6a8531-60f0-46c0-888e-f690f9677ff6.jpg,bubbly,nature|food|liquid
c9b6a0b4-2eb9-446a-a3d4-1a359c3ce5e4,images/c9b6a0b4-2eb9-446a-a3d4-1a359c3ce5e4.jpg,sprinkled,painting|wallpaper
6d4c3888-51a7-4baa-b09f-8cecf5f42ff0,images/6d4c3888-51a7-4baa-b09f-8cecf5f42ff0.jpg,marbled,rock|nature
fd9011eb-66b8-4617-b256-5227c5b477b1,images/fd9011eb-66b8-4617-b256-5227c5b477b1.jpg,honeycombed,wallpaper|painting
16eb1f72-c461-4d00-8001-615eb60396e4,images/16eb1f72-c461-4d00-8001-615eb60396e4.jpg,spiralled,painting|wallpaper
d3dd8399-3eb7-499d-bbbd-6623340547f9,images/d3dd8399-3eb7-499d-bbbd-6623340547f9.jpg,woven,home_furnishing|fabric
bb865e22-5ce3-413c-90a0-0de8a235acef,images/bb865e22-5ce3-413c-90a0-0de8a235acef.jpg,stratified,wood
07dc2049-2f73-4d74-a290-406a138a6b06,images/07dc2049-2f73-4d74-a290-406a138a6b06.jpg,flecked,clothing|fabric
e7124f98-7362-4715-8ae4-09d619c38723,images/e7124f98-7362-4715-8ae4-09d619c38723.jpg,cobwebbed,nature
a562ae59-c68f-4267-8b9b-250e794f6b42,images/a562ae59-c68f-4267-8b9b-250e794f6b42.jpg,swirly,painting|wallpaper
5062d54a-5192-4fc1-977e-2950bec5149c,images/5062d54a-5192-4fc1-977e-2950bec5149c.jpg,waffled,food
6fa4c907-7afd-4ed2-a7bb-54116f396ba8,images/6fa4c907-7afd-4ed2-a7bb-54116f396ba8.jpg,lacelike,metal
9130f53d-1797-424b-954e-089c91338732,images/9130f53d-1797-424b-954e-089c91338732.jpg,honeycombed,wallpaper|painting
49fb1b11-feca-4676-b690-3a7a35fdce60,images/49fb1b11-feca-4676-b690-3a7a35fdce60.jpg,pleated,paper
34c524e5-60d9-4c30-9a9c-e72576c7b002,images/34c524e5-60d9-4c30-9a9c-e72576c7b002.jpg,scaly,home_furnishing|clothing
9d83a7c0-1a6a-4d5b-bfc3-d7cc39636262,images/9d83a7c0-1a6a-4d5b-bfc3-d7cc39636262.jpg,stained,painting|wallpaper
2da580a8-6239-4652-a021-37b36df924f7,images/2da580a8-6239-4652-a021-37b36df924f7.jpg,woven,wallpaper|painting
041228f7-8a9d-4de3-a6b6-3f312879d882,images/041228f7-8a9d-4de3-a6b6-3f312879d882.jpg,blotchy,nature|wood
f9286727-fd14-4f54-8a2c-d304f5bce3d1,images/f9286727-fd14-4f54-8a2c-d304f5bce3d1.jpg,blotchy,painting|wallpaper
a387ba29-425d-455a-b7df-96b7cb618a76,images/a387ba29-425d-455a-b7df-96b7cb618a76.jpg,gauzy,home_furnishing
af939ae1-28c5-4802-9b62-5e865eca5224,images/af939ae1-28c5-4802-9b62-5e865eca5224.jpg,grooved,wood
8380e235-db04-4a35-a5ed-0d6b018a12ce,images/8380e235-db04-4a35-a5ed-0d6b018a12ce.jpg,perforated,plastic
4eb8116d-8e83-4e8d-8408-b921721c073e,images/4eb8116d-8e83-4e8d-8408-b921721c073e.jpg,stratified,wood
d6e6c9d3-6871-4a1c-bcaf-dd38643f6c23,images/d6e6c9d3-6871-4a1c-bcaf-dd38643f6c23.jpg,stained,home_furnishing
d16f9854-12d1-4593-aa8a-10270f1cf237,images/d16f9854-12d1-4593-aa8a-10270f1cf237.jpg,blotchy,painting|wallpaper
b74f94a9-3ee5-45c7-806b-5689cd21aa86,images/b74f94a9-3ee5-45c7-806b-5689cd21aa86.jpg,stained,home_furnishing|clothing
8d059d04-8d87-40df-b840-81667e5cfea5,images/8d059d04-8d87-40df-b840-81667e5cfea5.jpg,flecked,clothing
a96c7791-6697-417d-ad5b-4f0592757461,images/a96c7791-6697-417d-ad5b-4f0592757461.jpg,crosshatched,clothing|home_furnishing
6039aed6-a8d9-4c8b-9e36-4b4866fb1155,images/6039aed6-a8d9-4c8b-9e36-4b4866fb1155.jpg,gauzy,home_furnishing
fbfd137e-f29d-4a2f-8bea-bcbe8eb3de0f,images/fbfd137e-f29d-4a2f-8bea-bcbe8eb3de0f.jpg,pleated,home_furnishing
475fc610-3ff5-4308-bea0-3dd7ea7350f4,images/475fc610-3ff5-4308-bea0-3dd7ea7350f4.jpg,grid,wood
8a6e8445-00c8-4ab7-8a7a-9e5970b04621,images/8a6e8445-00c8-4ab7-8a7a-9e5970b04621.jpg,paisley,home_furnishing
89ed41de-f362-404e-accf-e75c9dd85c2f,images/89ed41de-f362-404e-accf-e75c9dd85c2f.jpg,pitted,concrete|wall
83d5cee1-d598-4942-8c5b-8c1deedc6954,images/83d5cee1-d598-4942-8c5b-8c1deedc6954.jpg,matted,nature
1fc853a7-dff9-4373-89bc-f6fcabdf85c0,images/1fc853a7-dff9-4373-89bc-f6fcabdf85c0.jpg,crosshatched,painting|wallpaper
a4b0b63b-ac6b-48b2-b56a-cbdda5971685,images/a4b0b63b-ac6b-48b2-b56a-cbdda5971685.jpg,studded,home_furnishing|clothing
05ca9212-d5a4-41a4-b17e-55c2d72ea47c,images/05ca9212-d5a4-41a4-b17e-55c2d72ea47c.jpg,pleated,home_furnishing
5341ee14-18d7-4dfd-9df7-b0547305bed6,images/5341ee14-18d7-4dfd-9df7-b0547305bed6.jpg,blotchy,painting|wallpaper
78a7f6c1-f302-42ca-aff7-6f2b850491e2,images/78a7f6c1-f302-42ca-aff7-6f2b850491e2.jpg,knitted,clothing|home_furnishing|fabric
bea8e800-fbd8-43a6-9af6-cafac2077afb,images/bea8e800-fbd8-43a6-9af6-cafac2077afb.jpg,swirly,painting|wallpaper
2eda27d5-0cec-4fc8-aed3-1dcf984a8ae5,images/2eda27d5-0cec-4fc8-aed3-1dcf984a8ae5.jpg,matted,nature
6f3a0606-65c1-4c10-b7ad-777e47be987b,images/6f3a0606-65c1-4c10-b7ad-777e47be987b.jpg,sprinkled,food
8180117f-2c48-4132-bc81-b31c7723d16f,images/8180117f-2c48-4132-bc81-b31c7723d16f.jpg,braided,fabric|clothing
a483d4ae-7b46-42ea-a352-7a26a8bee444,images/a483d4ae-7b46-42ea-a352-7a26a8bee444.jpg,crosshatched,clothing|home_furnishing|fabric
f57f373e-3a4b-43bd-9638-84cd9bb5db69,images/f57f373e-3a4b-43bd-9638-84cd9bb5db69.jpg,crosshatched,home_furnishing
bac20358-a1a4-4344-9f00-3c9e55e2f086,images/bac20358-a1a4-4344-9f00-3c9e55e2f086.jpg,veined,nature|animal
20bb0b52-9420-4aa2-8d81-8326e3dac126,images/20bb0b52-9420-4aa2-8d81-8326e3dac126.jpg,fibrous,nature
0ee18af0-443a-4f78-a4f3-56b6b92b0b4b,images/0ee18af0-443a-4f78-a4f3-56b6b92b0b4b.jpg,cracked,concrete|painting
d3687013-323c-4cfb-977b-766efc908d9c,images/d3687013-323c-4cfb-977b-766efc908d9c.jpg,bubbly,nature|liquid
c06b350d-cc7c-426a-8fa6-ab097730cac0,images/c06b350d-cc7c-426a-8fa6-ab097730cac0.jpg,freckled,human
dc49afd8-287a-4622-b6d9-2c1740c78f75,images/dc49afd8-287a-4622-b6d9-2c1740c78f75.jpg,marbled,rock|nature
a4497486-b5dc-453a-8203-fd3caa248030,images/a4497486-b5dc-453a-8203-fd3caa248030.jpg,stained,painting|wallpaper
3163f3f1-e261-417b-82a6-174c4437fe56,images/3163f3f1-e261-417b-82a6-174c4437fe56.jpg,blotchy,nature|rock
d6462107-554e-4cec-a75b-91e78a848ccf,images/d6462107-554e-4cec-a75b-91e78a848ccf.jpg,studded,home_furnishing
a20a475c-9ccc-49fe-9036-14b2f37c494d,images/a20a475c-9ccc-49fe-9036-14b2f37c494d.jpg,lined,home_furnishing
d7882f77-e96a-4ab1-95b1-0aab5cbdc283,images/d7882f77-e96a-4ab1-95b1-0aab5cbdc283.jpg,pitted,rock|nature
16330480-d5c0-44fc-98e4-ebd3e23a3736,images/16330480-d5c0-44fc-98e4-ebd3e23a3736.jpg,knitted,clothing|home_furnishing|fabric
b8c7e839-b909-4297-bde7-ee02f03b1c53,images/b8c7e839-b909-4297-bde7-ee02f03b1c53.jpg,crosshatched,clothing|home_furnishing
ad0c57e4-ee88-4b1a-856e-43c195741d27,images/ad0c57e4-ee88-4b1a-856e-43c195741d27.jpg,knitted,clothing|home_furnishing|fabric
7a2cb4a2-7a87-4375-992f-9965d1e4e9a4,images/7a2cb4a2-7a87-4375-992f-9965d1e4e9a4.jpg,lined,clothing|home_furnishing
986b3180-9a2d-46d5-877e-3c07c601196a,images/986b3180-9a2d-46d5-877e-3c07c601196a.jpg,interlaced,metal
a9e5debd-fe87-4728-be5d-18ebee0a6cae,images/a9e5debd-fe87-4728-be5d-18ebee0a6cae.jpg,blotchy,nature|rock
87d65d04-05f9-40d9-99c2-6b0c3e1e1977,images/87d65d04-05f9-40d9-99c2-6b0c3e1e1977.jpg,polka-dotted,home_furnishing|clothing
8b8cbff1-ff0e-411c-aa36-99efa2170151,images/8b8cbff1-ff0e-411c-aa36-99efa2170151.jpg,woven,home_furnishing|wood
594b1cf6-0f02-4d54-9d78-a5f310bc2f1e,images/594b1cf6-0f02-4d54-9d78-a5f310bc2f1e.jpg,knitted,clothing|home_furnishing|fabric
5e26e62c-819a-4178-866c-392e091f0a7f,images/5e26e62c-819a-4178-866c-392e091f0a7f.jpg,paisley,home_furnishing
d066c55b-952b-41cb-b724-f5564f774733,images/d066c55b-952b-41cb-b724-f5564f774733.jpg,zigzagged,home_furnishing
8e79d887-306e-4cb7-875f-c64dce6cbb8f,images/8e79d887-306e-4cb7-875f-c64dce6cbb8f.jpg,smeared,painting|wallpaper
d3ee7248-3cf6-44fa-a528-738c78b5156b,images/d3ee7248-3cf6-44fa-a528-738c78b5156b.jpg,meshed,metal
c042375f-c791-4c8c-81dc-8da20c45cff0,images/c042375f-c791-4c8c-81dc-8da20c45cff0.jpg,crosshatched,painting|wallpaper
b2d9cd46-20c7-4edf-9f89-dc25a177fc62,images/b2d9cd46-20c7-4edf-9f89-dc25a177fc62.jpg,pleated,home_furnishing
6a6f2b9d-5afb-4f73-969a-6e38de3b4f8c,images/6a6f2b9d-5afb-4f73-969a-6e38de3b4f8c.jpg,potholed,concrete
d132f1b2-766a-41d7-bd86-8a454cc6dbfd,images/d132f1b2-766a-41d7-bd86-8a454cc6dbfd.jpg,swirly,painting|wallpaper
f623221a-e73f-4066-80b8-da4a55c968fc,images/f623221a-e73f-4066-80b8-da4a55c968fc.jpg,frilly,clothing|home_furnishing
94879071-9f70-4c05-9d3e-294cbc5818d3,images/94879071-9f70-4c05-9d3e-294cbc5818d3.jpg,veined,rock|nature
184cbd71-2ccf-4e12-bdac-6c5475cd76f6,images/184cbd71-2ccf-4e12-bdac-6c5475cd76f6.jpg,lacelike,home_furnishing
61bc7063-32a6-4299-9061-c82a3bdf9760,images/61bc7063-32a6-4299-9061-c82a3bdf9760.jpg,pitted,metal
11b50330-ee60-4099-a0c5-361c4992aa71,images/11b50330-ee60-4099-a0c5-361c4992aa71.jpg,braided,fabric|home_furnishing
568c041f-7c61-4aad-a43d-baee4fdec14e,images/568c041f-7c61-4aad-a43d-baee4fdec14e.jpg,veined,nature
cdb2f693-7665-4a22-9741-7d2831f58793,images/cdb2f693-7665-4a22-9741-7d2831f58793.jpg,waffled,food
4d0be8a5-266b-4eeb-99cd-a39c11590157,images/4d0be8a5-266b-4eeb-99cd-a39c11590157.jpg,veined,rock|nature
84b7f7fb-2242-406e-8954-ec7c6e0975c1,images/84b7f7fb-2242-406e-8954-ec7c6e0975c1.jpg,porous,nature
8e5df4eb-ac7e-4c06-ae87-0e3135b3c20e,images/8e5df4eb-ac7e-4c06-ae87-0e3135b3c20e.jpg,lacelike,painting|wallpaper
1ffe5dd0-2321-49e4-8b37-b7cbcad73932,images/1ffe5dd0-2321-49e4-8b37-b7cbcad73932.jpg,matted,nature
7f1464c1-bf7a-43a1-a87b-bf489ad8e7eb,images/7f1464c1-bf7a-43a1-a87b-bf489ad8e7eb.jpg,studded,metal
ccd237bb-ad33-420e-b94c-9b059cbff08e,images/ccd237bb-ad33-420e-b94c-9b059cbff08e.jpg,stratified,wood|nature
6e40b245-2cb9-460d-a31f-4bdf87aebe53,images/6e40b245-2cb9-460d-a31f-4bdf87aebe53.jpg,cobwebbed,nature|animal
9c8b026f-b542-4671-bd39-500fb13e34e3,images/9c8b026f-b542-4671-bd39-500fb13e34e3.jpg,crosshatched,painting|wallpaper
b3d74b75-cde1-46e2-9c34-b8a87f6d701b,images/b3d74b75-cde1-46e2-9c34-b8a87f6d701b.jpg,lacelike,home_furnishing
5a709a26-6e3c-41a4-8011-660157b793d4,images/5a709a26-6e3c-41a4-8011-660157b793d4.jpg,blotchy,painting|wallpaper
bb4b5281-3a6c-4b25-8115-032671871a93,images/bb4b5281-3a6c-4b25-8115-032671871a93.jpg,grid,wallpaper|painting
7ebbb5f4-3099-4746-bc38-3f2d4badf540,images/7ebbb5f4-3099-4746-bc38-3f2d4badf540.jpg,cobwebbed,nature|ice
861d09e4-1e82-4617-83d2-b7fbff3bb3c4,images/861d09e4-1e82-4617-83d2-b7fbff3bb3c4.jpg,bubbly,photography|painting|wallpaper
a329546c-cf62-4f2e-9c33-6f35792f9a03,images/a329546c-cf62-4f2e-9c33-6f35792f9a03.jpg,blotchy,nature|rock
af91809b-8650-4d79-bd7a-3ae80ef0b93b,images/af91809b-8650-4d79-bd7a-3ae80ef0b93b.jpg,pitted,concrete
af66b1e8-926d-45e7-b432-f198244809f9,images/af66b1e8-926d-45e7-b432-f198244809f9.jpg,grooved,rock|concrete
05963d9f-5037-4b94-8bcb-9c4005cd84d4,images/05963d9f-5037-4b94-8bcb-9c4005cd84d4.jpg,pitted,rock|nature
20071624-4364-47d5-b6bd-17ff7b43930c,images/20071624-4364-47d5-b6bd-17ff7b43930c.jpg,banded,fabric|clothing
99722998-48af-4fbe-b1fe-51dd6b1e4e0e,images/99722998-48af-4fbe-b1fe-51dd6b1e4e0e.jpg,bumpy,nature|food
a4c43972-5dba-4fdf-b087-eb19fd74828b,images/a4c43972-5dba-4fdf-b087-eb19fd74828b.jpg,grooved,wood
f8057ac1-71c2-4c6a-af53-d3eee65152fc,images/f8057ac1-71c2-4c6a-af53-d3eee65152fc.jpg,honeycombed,wallpaper|painting
972f263a-d29f-4b9d-9d2b-77b0b8559344,images/972f263a-d29f-4b9d-9d2b-77b0b8559344.jpg,fibrous,nature
5938a4b8-d63e-4988-a32b-5c21ca25e4ae,images/5938a4b8-d63e-4988-a32b-5c21ca25e4ae.jpg,lacelike,home_furnishing
7d66a51e-ddc7-47db-b986-6c83eae63f8d,images/7d66a51e-ddc7-47db-b986-6c83eae63f8d.jpg,knitted,clothing|home_furnishing|fabric
06026687-952a-48ef-8685-d43176cc8d89,images/06026687-952a-48ef-8685-d43176cc8d89.jpg,bumpy,metal
cb9d0212-3ce8-47f9-b0fb-af52779363cc,images/cb9d0212-3ce8-47f9-b0fb-af52779363cc.jpg,studded,home_furnishing|clothing
c007952a-7588-4599-a84b-202d5e59bdb1,images/c007952a-7588-4599-a84b-202d5e59bdb1.jpg,interlaced,concrete
73556594-0cb8-4b08-9504-3ffe60940fd4,images/73556594-0cb8-4b08-9504-3ffe60940fd4.jpg,lacelike,home_furnishing
4d71df52-7abd-4ca8-bdc8-f8a2b6879027,images/4d71df52-7abd-4ca8-bdc8-f8a2b6879027.jpg,spiralled,painting|wallpaper
b2d8aee6-ab4e-4f1b-9219-f67d88a84f59,images/b2d8aee6-ab4e-4f1b-9219-f67d88a84f59.jpg,cracked,nature
40d28130-5ee5-49ee-bcf2-d03eac2dce23,images/40d28130-5ee5-49ee-bcf2-d03eac2dce23.jpg,waffled,food
2b6fb0d9-27d3-44be-95f5-188554e59288,images/2b6fb0d9-27d3-44be-95f5-188554e59288.jpg,flecked,clothing|fabric
64953362-43dc-4bf1-b3b6-859dc2dfc932,images/64953362-43dc-4bf1-b3b6-859dc2dfc932.jpg,matted,hair|human
bc0ad42c-a1ca-40d1-a3bc-65016fd4bb7f,images/bc0ad42c-a1ca-40d1-a3bc-65016fd4bb7f.jpg,bumpy,concrete
00dfb7db-8d3d-4875-aea8-5289224f7c21,images/00dfb7db-8d3d-4875-aea8-5289224f7c21.jpg,cracked,nature
d1c6e990-ebe6-48ce-8e8f-bad4b69fc74d,images/d1c6e990-ebe6-48ce-8e8f-bad4b69fc74d.jpg,fibrous,nature
1929e3b4-0993-48ad-ba13-6fe893eaf1f5,images/1929e3b4-0993-48ad-ba13-6fe893eaf1f5.jpg,cobwebbed,nature
855ec6c0-ddd7-4d85-8f83-0615d04ab70e,images/855ec6c0-ddd7-4d85-8f83-0615d04ab70e.jpg,honeycombed,wallpaper|painting
acad86ac-5200-4944-819d-9211e7a5a4d3,images/acad86ac-5200-4944-819d-9211e7a5a4d3.jpg,cobwebbed,home_furnishing
a7da8bc7-fc36-439c-8555-11344eeb980a,images/a7da8bc7-fc36-439c-8555-11344eeb980a.jpg,crystalline,nature|rock
64ebf8af-ffad-435c-86c6-106d61babb5d,images/64ebf8af-ffad-435c-86c6-106d61babb5d.jpg,stratified,rock|nature
48a766e5-4011-4a99-9581-9a0ec68a050e,images/48a766e5-4011-4a99-9581-9a0ec68a050e.jpg,honeycombed,wall|painting
85c4bbe8-86b5-4905-b2b1-d044d506efb1,images/85c4bbe8-86b5-4905-b2b1-d044d506efb1.jpg,striped,animal
55a6e914-16c4-44be-b73f-9654a7a74566,images/55a6e914-16c4-44be-b73f-9654a7a74566.jpg,knitted,clothing|home_furnishing|fabric
8b51e195-a523-4da0-9cac-816939234b97,images/8b51e195-a523-4da0-9cac-816939234b97.jpg,striped,animal
461366e2-13ac-425d-b160-dfd588813bcb,images/461366e2-13ac-425d-b160-dfd588813bcb.jpg,frilly,food
4fd018fc-39c0-4af0-8119-c597e751ff4c,images/4fd018fc-39c0-4af0-8119-c597e751ff4c.jpg,striped,animal
7faf797e-f692-423a-8f8b-c733da02a6a5,images/7faf797e-f692-423a-8f8b-c733da02a6a5.jpg,interlaced,painting|wallpaper
469cb493-e8eb-4975-84a3-d4b8a7f1b06f,images/469cb493-e8eb-4975-84a3-d4b8a7f1b06f.jpg,waffled,painting|wallpaper
a9c66366-1c79-4ed2-85ea-b0c7e0b2a9ba,images/a9c66366-1c79-4ed2-85ea-b0c7e0b2a9ba.jpg,cracked,painting|wall
5c83e7a5-4d23-471e-992b-56398d4d3a04,images/5c83e7a5-4d23-471e-992b-56398d4d3a04.jpg,gauzy,clothing|home_furnishing
0b59470f-9e36-4273-931f-6c65ba35e297,images/0b59470f-9e36-4273-931f-6c65ba35e297.jpg,stained,home_furnishing|clothing
37ea4210-6ee2-44ed-a691-c04d8604a4cd,images/37ea4210-6ee2-44ed-a691-c04d8604a4cd.jpg,matted,painting|wallpaper
7d58a5a8-4e29-4481-a951-f76f4b60c93a,images/7d58a5a8-4e29-4481-a951-f76f4b60c93a.jpg,dotted,home_furnishing
eedd068b-93ff-4ccd-ad85-e65d8944f60f,images/eedd068b-93ff-4ccd-ad85-e65d8944f60f.jpg,blotchy,nature|food
80b5ecd3-4585-45cf-a845-f109ea990d1a,images/80b5ecd3-4585-45cf-a845-f109ea990d1a.jpg,flecked,clothing|fabric
c6409fc6-5264-48a5-8450-ad63e5a9a201,images/c6409fc6-5264-48a5-8450-ad63e5a9a201.jpg,stained,concrete|painting
1e6f743f-b0c3-45e1-a813-db1b28b3469a,images/1e6f743f-b0c3-45e1-a813-db1b28b3469a.jpg,pitted,metal
620eea00-d061-441f-b056-b48e6986c2db,images/620eea00-d061-441f-b056-b48e6986c2db.jpg,lined,clothing|home_furnishing
41f5199b-d8e0-48b9-a135-ca7ec4e1de99,images/41f5199b-d8e0-48b9-a135-ca7ec4e1de99.jpg,porous,food
e0d5499c-15ee-4020-8cc3-2b5e2634459b,images/e0d5499c-15ee-4020-8cc3-2b5e2634459b.jpg,banded,fabric|clothing|wallpaper
0f9085a2-8427-4a35-970e-5e5075ac9a33,images/0f9085a2-8427-4a35-970e-5e5075ac9a33.jpg,grid,home_furnishing|fabric
d6d1b694-db8a-4611-879a-29f53c6ce7ea,images/d6d1b694-db8a-4611-879a-29f53c6ce7ea.jpg,frilly,nature
4ce64854-0524-456b-9e61-7c780d126e79,images/4ce64854-0524-456b-9e61-7c780d126e79.jpg,interlaced,wallpaper|painting
cfbd1f16-a471-4b14-a18e-77b002bb42fa,images/cfbd1f16-a471-4b14-a18e-77b002bb42fa.jpg,sprinkled,painting|wallpaper
d040372c-2f0d-4438-b95c-aaad59bf93f7,images/d040372c-2f0d-4438-b95c-aaad59bf93f7.jpg,sprinkled,food
2c327d28-940a-4c53-b680-008eb4b70edf,images/2c327d28-940a-4c53-b680-008eb4b70edf.jpg,crosshatched,painting|wallpaper
f72d47af-af33-460c-bf35-fcca9d40e68b,images/f72d47af-af33-460c-bf35-fcca9d40e68b.jpg,polka-dotted,home_furnishing|clothing
6b31399b-0b49-4e69-8083-886a5f2d5224,images/6b31399b-0b49-4e69-8083-886a5f2d5224.jpg,scaly,home_furnishing|clothing
e2a8dae2-f235-43f7-b9dc-7d8a7f646124,images/e2a8dae2-f235-43f7-b9dc-7d8a7f646124.jpg,sprinkled,food
8e497cd3-5d68-4d5b-beec-6a88e9866ebe,images/8e497cd3-5d68-4d5b-beec-6a88e9866ebe.jpg,potholed,concrete
02f6d733-254a-4ef9-8bc7-dd933c19dbe1,images/02f6d733-254a-4ef9-8bc7-dd933c19dbe1.jpg,zigzagged,home_furnishing|clothing
0ad28bf8-579f-4c98-a048-9900fcdb867c,images/0ad28bf8-579f-4c98-a048-9900fcdb867c.jpg,pitted,food|nature
0cfa66c5-0db8-497b-85d2-9b8a13a5810d,images/0cfa66c5-0db8-497b-85d2-9b8a13a5810d.jpg,wrinkled,metal
f397036e-3f08-4bda-b62a-09e000255c76,images/f397036e-3f08-4bda-b62a-09e000255c76.jpg,potholed,concrete
03b2a39a-adcd-4f2c-9fed-186d015e8fee,images/03b2a39a-adcd-4f2c-9fed-186d015e8fee.jpg,honeycombed,home_furnishing
b2584819-8f6f-4468-b47f-40b29ab2d510,images/b2584819-8f6f-4468-b47f-40b29ab2d510.jpg,flecked,painting|wall
16493cf0-3750-454e-8dd4-972525a6dcb7,images/16493cf0-3750-454e-8dd4-972525a6dcb7.jpg,marbled,rock|nature
05922c5c-16fb-498e-800b-59a718f26d60,images/05922c5c-16fb-498e-800b-59a718f26d60.jpg,freckled,human
8d108930-68d2-4e49-8733-aee739c20cfa,images/8d108930-68d2-4e49-8733-aee739c20cfa.jpg,lacelike,home_furnishing
60f55d73-da3b-4436-8361-3ad6fc518f62,images/60f55d73-da3b-4436-8361-3ad6fc518f62.jpg,paisley,home_furnishing|clothing
86b4da10-e280-4bf1-96e9-1b182d7aa3eb,images/86b4da10-e280-4bf1-96e9-1b182d7aa3eb.jpg,pitted,food|nature
cebbf35b-4529-4c66-a3d4-8accab5c638d,images/cebbf35b-4529-4c66-a3d4-8accab5c638d.jpg,sprinkled,food
11f4cdb7-fc1b-44d3-b81c-4322fafd14c3,images/11f4cdb7-fc1b-44d3-b81c-4322fafd14c3.jpg,pleated,home_furnishing
95256496-6b37-461c-827c-7c5ffe5da69d,images/95256496-6b37-461c-827c-7c5ffe5da69d.jpg,honeycombed,nature|food
cbab70c2-0e3a-4bf0-aef2-2ddc9547ae0c,images/cbab70c2-0e3a-4bf0-aef2-2ddc9547ae0c.jpg,perforated,wallpaper|painting
bbe9be79-82e3-480c-ab40-2d98b72e7c89,images/bbe9be79-82e3-480c-ab40-2d98b72e7c89.jpg,flecked,clothing|fabric
c51a98d2-6556-4873-985d-7cba4b8b02cb,images/c51a98d2-6556-4873-985d-7cba4b8b02cb.jpg,fibrous,home_furnishing|fabric
0c703e3f-516e-4c84-b4c7-5c018c7022b0,images/0c703e3f-516e-4c84-b4c7-5c018c7022b0.jpg,crystalline,nature|rock
70eb9958-70e4-4c17-91ab-cb7ae9e29406,images/70eb9958-70e4-4c17-91ab-cb7ae9e29406.jpg,spiralled,rock
4e0b6ce0-b877-4309-92c3-bf46ef51e5d5,images/4e0b6ce0-b877-4309-92c3-bf46ef51e5d5.jpg,gauzy,home_furnishing|fabric
14d51a71-e01f-4cec-9875-2ebace803e24,images/14d51a71-e01f-4cec-9875-2ebace803e24.jpg,sprinkled,food
ff7138ff-24fd-4f38-aa3c-96a9c5e63844,images/ff7138ff-24fd-4f38-aa3c-96a9c5e63844.jpg,woven,home_furnishing|clothing|fabric
d2a0cacc-925e-4542-be1f-70e65b736c15,images/d2a0cacc-925e-4542-be1f-70e65b736c15.jpg,crosshatched,clothing|home_furnishing
9cecfc6d-d759-4c12-8447-6a6e99e35737,images/9cecfc6d-d759-4c12-8447-6a6e99e35737.jpg,blotchy,nature|rock
78fc9595-e19b-4968-95bf-7fc9690af696,images/78fc9595-e19b-4968-95bf-7fc9690af696.jpg,scaly,animal
d8869114-76f7-429f-a568-fb4c7f985674,images/d8869114-76f7-429f-a568-fb4c7f985674.jpg,freckled,human
4cb5f0c3-486c-46f2-a561-d8356fe48421,images/4cb5f0c3-486c-46f2-a561-d8356fe48421.jpg,woven,wallpaper|painting
f679cc2d-2676-48b8-8f3d-2063edf6654b,images/f679cc2d-2676-48b8-8f3d-2063edf6654b.jpg,porous,rock|nature
9ce16fdc-1944-4e92-aef6-1830628d0f12,images/9ce16fdc-1944-4e92-aef6-1830628d0f12.jpg,bubbly,nature|liquid
7cfde0a8-9cff-413f-a414-0cbafd646ec5,images/7cfde0a8-9cff-413f-a414-0cbafd646ec5.jpg,stained,home_furnishing|clothing
3a9499c4-06ab-4123-a7af-bff80d62ea34,images/3a9499c4-06ab-4123-a7af-bff80d62ea34.jpg,woven,home_furnishing|fabric
e5806634-fb45-4f5b-b192-3c8b0fff75c6,images/e5806634-fb45-4f5b-b192-3c8b0fff75c6.jpg,bubbly,nature|liquid
9edb8a30-d0ee-492f-9aa5-c7d84fba1552,images/9edb8a30-d0ee-492f-9aa5-c7d84fba1552.jpg,flecked,wallpaper|painting
f0af4148-0b7d-49ab-8807-30d1bb4a4e30,images/f0af4148-0b7d-49ab-8807-30d1bb4a4e30.jpg,woven,home_furnishing|clothing|fabric
625f89a7-44b8-42af-b7c3-11470d830ca1,images/625f89a7-44b8-42af-b7c3-11470d830ca1.jpg,freckled,human
4b39978a-afe4-4748-80eb-437eb9abdb4a,images/4b39978a-afe4-4748-80eb-437eb9abdb4a.jpg,braided,human|hair
29a97fe8-436b-4fa9-8bab-2cbc3ef19a17,images/29a97fe8-436b-4fa9-8bab-2cbc3ef19a17.jpg,perforated,home_furnishing|wood
f278168d-1be7-4ea6-b729-0b6d05a2951b,images/f278168d-1be7-4ea6-b729-0b6d05a2951b.jpg,stained,wall|painting
aa382181-fb56-4001-acb5-3daa352c0e38,images/aa382181-fb56-4001-acb5-3daa352c0e38.jpg,bumpy,nature|food
b239ae5f-0fa2-4880-96fb-9f22055bb320,images/b239ae5f-0fa2-4880-96fb-9f22055bb320.jpg,grid,wallpaper|painting
b7c9dda0-eaf1-445d-b015-3e2e96d69133,images/b7c9dda0-eaf1-445d-b015-3e2e96d69133.jpg,swirly,painting|wallpaper
473161e2-9ee5-449a-a906-eab3008864b3,images/473161e2-9ee5-449a-a906-eab3008864b3.jpg,porous,rock|nature
c2549634-e374-4165-9ad4-26450cfbafa0,images/c2549634-e374-4165-9ad4-26450cfbafa0.jpg,marbled,rock|nature
543890f6-a8d1-4398-9118-d30ef87503b9,images/543890f6-a8d1-4398-9118-d30ef87503b9.jpg,waffled,food
3701df35-53ea-41d4-b2a0-63e6a53358e2,images/3701df35-53ea-41d4-b2a0-63e6a53358e2.jpg,polka-dotted,home_furnishing|clothing
76c4db88-6763-4d1c-b30b-8643c09cd556,images/76c4db88-6763-4d1c-b30b-8643c09cd556.jpg,frilly,clothing|home_furnishing
432ed2d5-fdc9-495e-8751-b172903073d3,images/432ed2d5-fdc9-495e-8751-b172903073d3.jpg,sprinkled,food
ceefdd7a-4624-44e2-b54b-060833d520e8,images/ceefdd7a-4624-44e2-b54b-060833d520e8.jpg,swirly,painting|wallpaper
a779ae72-43da-4090-b0a7-e0ba3a164557,images/a779ae72-43da-4090-b0a7-e0ba3a164557.jpg,dotted,wallpaper|painting
c1f8d651-912e-4053-88fe-14aa2e01629c,images/c1f8d651-912e-4053-88fe-14aa2e01629c.jpg,fibrous,nature|tree
1811e626-9574-4538-881d-d2c79223903d,images/1811e626-9574-4538-881d-d2c79223903d.jpg,veined,nature
8f5eb163-ae80-4d53-85bf-313cb30f8939,images/8f5eb163-ae80-4d53-85bf-313cb30f8939.jpg,striped,animal
91687455-d895-4921-ba43-998731f516aa,images/91687455-d895-4921-ba43-998731f516aa.jpg,zigzagged,home_furnishing|clothing
cd6d9973-b511-464a-89de-8cfc37d83efc,images/cd6d9973-b511-464a-89de-8cfc37d83efc.jpg,smeared,painting|wallpaper
bea0e343-9e19-40fa-bb25-043b6dc2c124,images/bea0e343-9e19-40fa-bb25-043b6dc2c124.jpg,crosshatched,painting|wallpaper
8305eac4-a6c3-4087-96a6-f177ae2d624b,images/8305eac4-a6c3-4087-96a6-f177ae2d624b.jpg,lined,clothing|home_furnishing
e980c1ad-c41f-4b21-b06b-ea5bda40a65b,images/e980c1ad-c41f-4b21-b06b-ea5bda40a65b.jpg,porous,rock|concrete
60f67caf-e167-42e5-8ed1-b15566ec7132,images/60f67caf-e167-42e5-8ed1-b15566ec7132.jpg,lacelike,clothing|home_furnishing
82b015c3-aaec-45ed-bafd-950cff8ac03f,images/82b015c3-aaec-45ed-bafd-950cff8ac03f.jpg,lined,clothing
8a04dbc6-a3aa-43c2-8d4e-42974480c882,images/8a04dbc6-a3aa-43c2-8d4e-42974480c882.jpg,scaly,home_furnishing|clothing
9789ffd7-fe56-4f25-8e1b-754877246560,images/9789ffd7-fe56-4f25-8e1b-754877246560.jpg,spiralled,nature|tree
893adf07-c902-43af-8420-5a34c948b5d8,images/893adf07-c902-43af-8420-5a34c948b5d8.jpg,blotchy,fabric|rock
d61df861-9d50-4c8b-b3f8-2387b4dc64d1,images/d61df861-9d50-4c8b-b3f8-2387b4dc64d1.jpg,blotchy,nature|tree
d9c88b11-b9ad-4658-ba7d-a29d250d3c14,images/d9c88b11-b9ad-4658-ba7d-a29d250d3c14.jpg,matted,human|hair
226a722f-a63a-4638-9133-8c8d11940975,images/226a722f-a63a-4638-9133-8c8d11940975.jpg,woven,home_furnishing|clothing|fabric
a64f391c-73b8-43df-a974-60f364d42132,images/a64f391c-73b8-43df-a974-60f364d42132.jpg,matted,nature
8bbd205d-b403-400c-97ea-b3e7fc112f64,images/8bbd205d-b403-400c-97ea-b3e7fc112f64.jpg,bubbly,nature|liquid
a82fef07-6531-46fd-a6d0-81ca58a8ce7e,images/a82fef07-6531-46fd-a6d0-81ca58a8ce7e.jpg,perforated,plastic
80ced021-8b2d-49a5-a25e-4768d5a3fc9d,images/80ced021-8b2d-49a5-a25e-4768d5a3fc9d.jpg,cracked,nature|ice
8616e789-060c-4599-b80f-d6fb7c2efc28,images/8616e789-060c-4599-b80f-d6fb7c2efc28.jpg,banded,fabric|wallpaper
b796ce59-4a5f-4bbf-b962-79624ce643b1,images/b796ce59-4a5f-4bbf-b962-79624ce643b1.jpg,paisley,home_furnishing
302f30b1-737c-45da-88bc-4b1c426f147f,images/302f30b1-737c-45da-88bc-4b1c426f147f.jpg,freckled,human
42fb7b3a-f4d9-48ab-9086-18728a8e211d,images/42fb7b3a-f4d9-48ab-9086-18728a8e211d.jpg,dotted,wallpaper|painting
926c16e4-81cf-4324-b075-930227813d89,images/926c16e4-81cf-4324-b075-930227813d89.jpg,perforated,wallpaper|painting
9e09d515-1cab-4de7-98a1-eb9671d3cb00,images/9e09d515-1cab-4de7-98a1-eb9671d3cb00.jpg,spiralled,home_furnishing
2fb76327-22d5-4439-a2b7-4a70eb80754b,images/2fb76327-22d5-4439-a2b7-4a70eb80754b.jpg,lacelike,home_furnishing
f6299f20-4415-46eb-823e-e045e8ce4505,images/f6299f20-4415-46eb-823e-e045e8ce4505.jpg,studded,home_furnishing|clothing
59d5d672-7197-4d45-ab3e-2ac3a99a1b72,images/59d5d672-7197-4d45-ab3e-2ac3a99a1b72.jpg,fibrous,wood
bcc4c75b-5273-4bac-829d-6434e2f9913b,images/bcc4c75b-5273-4bac-829d-6434e2f9913b.jpg,pleated,home_furnishing
d3fa1373-5d72-48e1-ace5-f419739c9385,images/d3fa1373-5d72-48e1-ace5-f419739c9385.jpg,chequered,wallpaper|painting
202c77ce-b57e-4bb9-8b49-1a259df70eae,images/202c77ce-b57e-4bb9-8b49-1a259df70eae.jpg,knitted,clothing|home_furnishing|fabric
036bd3fc-e998-469f-be04-1cd46f33484f,images/036bd3fc-e998-469f-be04-1cd46f33484f.jpg,spiralled,nature|tree|wood
0e58b4b7-6876-4d2f-95f0-471294357c63,images/0e58b4b7-6876-4d2f-95f0-471294357c63.jpg,swirly,painting|wallpaper
036d9c60-ebc9-4109-b8ab-b2e634dbb70a,images/036d9c60-ebc9-4109-b8ab-b2e634dbb70a.jpg,crystalline,nature|metal
940f1bf4-4e24-49b3-a314-5f2e63ffaa4d,images/940f1bf4-4e24-49b3-a314-5f2e63ffaa4d.jpg,studded,home_furnishing|clothing
a8e0b6e1-9af9-4c20-bd3f-425c31566f74,images/a8e0b6e1-9af9-4c20-bd3f-425c31566f74.jpg,potholed,concrete
df79ece6-89cc-4263-a509-87b9d2eec19c,images/df79ece6-89cc-4263-a509-87b9d2eec19c.jpg,gauzy,home_furnishing|fabric
5d6cc377-9174-4870-b551-d0c4cf37467c,images/5d6cc377-9174-4870-b551-d0c4cf37467c.jpg,stained,painting|wallpaper
b3a259d7-667d-4c2e-9727-d31d6df39312,images/b3a259d7-667d-4c2e-9727-d31d6df39312.jpg,crystalline,nature|ice
c4e9fea8-f45e-4166-8970-08d131d9dba8,images/c4e9fea8-f45e-4166-8970-08d131d9dba8.jpg,smeared,painting|wallpaper
a9930b16-c747-413b-96f7-6b8f2d3d128d,images/a9930b16-c747-413b-96f7-6b8f2d3d128d.jpg,striped,painting|wallpaper
6801afb7-46d5-4461-b477-f53f81d781bf,images/6801afb7-46d5-4461-b477-f53f81d781bf.jpg,studded,home_furnishing|clothing
ec72d3d7-50d6-4d77-a579-73ecbaac9344,images/ec72d3d7-50d6-4d77-a579-73ecbaac9344.jpg,lacelike,clothing
c3415d2a-5564-47a1-be18-c62ddc05ae84,images/c3415d2a-5564-47a1-be18-c62ddc05ae84.jpg,dotted,clothing|home_furnishing
89585fc4-8d10-4deb-b349-dd0af1e530ea,images/89585fc4-8d10-4deb-b349-dd0af1e530ea.jpg,matted,painting|wallpaper
b2948942-06f4-4f02-bdc6-0a56ced96755,images/b2948942-06f4-4f02-bdc6-0a56ced96755.jpg,honeycombed,home_furnishing
6f2d8b68-572a-4d53-b1a7-8465b83f9489,images/6f2d8b68-572a-4d53-b1a7-8465b83f9489.jpg,stained,rock
f8881952-05d7-40fb-ada2-f0c4ef863683,images/f8881952-05d7-40fb-ada2-f0c4ef863683.jpg,bubbly,nature|liquid
0576209a-b2bc-49fc-b561-d499e5a9c89e,images/0576209a-b2bc-49fc-b561-d499e5a9c89e.jpg,waffled,food
1a5068dd-d3c4-44af-b03f-19a3de81cd8f,images/1a5068dd-d3c4-44af-b03f-19a3de81cd8f.jpg,grooved,nature
e96f451b-a885-43f3-8d7a-46ec57f42f82,images/e96f451b-a885-43f3-8d7a-46ec57f42f82.jpg,freckled,human
1704df73-e2fd-4cda-9077-e9823fc76ae2,images/1704df73-e2fd-4cda-9077-e9823fc76ae2.jpg,veined,nature|tree
6b5f975d-85df-4743-8835-054fb0de264b,images/6b5f975d-85df-4743-8835-054fb0de264b.jpg,chequered,clothing|home_furnishing|fabric
7c3e39d5-77ca-452a-a80a-f0fc27257c39,images/7c3e39d5-77ca-452a-a80a-f0fc27257c39.jpg,stained,painting|wallpaper
5c91b7bd-4862-4d45-9291-c545552100ec,images/5c91b7bd-4862-4d45-9291-c545552100ec.jpg,studded,home_furnishing|clothing
66967e4b-08d8-4ecf-9da1-e121dd050a5b,images/66967e4b-08d8-4ecf-9da1-e121dd050a5b.jpg,porous,concrete
8b043654-8cfd-4832-8998-f1cb7bd76a6d,images/8b043654-8cfd-4832-8998-f1cb7bd76a6d.jpg,banded,fabric|clothing|wallpaper
67353b87-adf1-46a9-8704-25d90a7146b6,images/67353b87-adf1-46a9-8704-25d90a7146b6.jpg,cobwebbed,nature
2d83aacf-5799-4934-b187-877fc4118458,images/2d83aacf-5799-4934-b187-877fc4118458.jpg,banded,fabric|clothing
71fb7859-4438-43b6-ba4a-dbc8d5292c3c,images/71fb7859-4438-43b6-ba4a-dbc8d5292c3c.jpg,porous,rock
5c4db109-2046-4896-b67d-1e6d9a178db2,images/5c4db109-2046-4896-b67d-1e6d9a178db2.jpg,dotted,wallpaper|painting
04731ccb-a941-4dc8-9d76-e68d5a08f7c8,images/04731ccb-a941-4dc8-9d76-e68d5a08f7c8.jpg,pitted,food|nature
09a62f1f-601c-4310-9923-f3d77a7fb06d,images/09a62f1f-601c-4310-9923-f3d77a7fb06d.jpg,freckled,human
8df78109-c00d-45de-9bab-99ecaa59e39f,images/8df78109-c00d-45de-9bab-99ecaa59e39f.jpg,meshed,fabric
888bb7ea-df84-4fb3-97bf-ee9e5c3ac38e,images/888bb7ea-df84-4fb3-97bf-ee9e5c3ac38e.jpg,zigzagged,painting|wallpaper
816d6c6c-81ec-4f42-abc7-23501a8e770c,images/816d6c6c-81ec-4f42-abc7-23501a8e770c.jpg,woven,home_furnishing|wood
cc907f10-9a74-4dee-aa72-2769caa21891,images/cc907f10-9a74-4dee-aa72-2769caa21891.jpg,bumpy,nature|food
3f9d61eb-bf3b-4f7e-b2c3-833c3570719f,images/3f9d61eb-bf3b-4f7e-b2c3-833c3570719f.jpg,pleated,home_furnishing
cc85324c-31dd-4dca-a4bb-0905754b77a5,images/cc85324c-31dd-4dca-a4bb-0905754b77a5.jpg,flecked,clothing|fabric
7586806b-9141-44eb-a495-c6abf513690f,images/7586806b-9141-44eb-a495-c6abf513690f.jpg,porous,nature
9210316e-64a5-4809-a972-36d8421e89fb,images/9210316e-64a5-4809-a972-36d8421e89fb.jpg,grooved,metal
5c604290-3a7b-415f-896b-91fed0a60901,images/5c604290-3a7b-415f-896b-91fed0a60901.jpg,spiralled,painting|wallpaper
56a10368-8843-4158-ac3e-380f5ca1bf9e,images/56a10368-8843-4158-ac3e-380f5ca1bf9e.jpg,polka-dotted,home_furnishing|clothing
8761bcac-c1e1-45d9-9916-cc9a3720a9bc,images/8761bcac-c1e1-45d9-9916-cc9a3720a9bc.jpg,cobwebbed,wallpaper|painting
9a9b0218-b7df-47cf-86de-4dc36c2e5444,images/9a9b0218-b7df-47cf-86de-4dc36c2e5444.jpg,porous,concrete
59c0b227-1faa-4713-9ebc-6a141e3c511d,images/59c0b227-1faa-4713-9ebc-6a141e3c511d.jpg,lacelike,home_furnishing
14d6aa4f-7e54-4947-879f-367f0d5cd10f,images/14d6aa4f-7e54-4947-879f-367f0d5cd10f.jpg,knitted,clothing|home_furnishing|fabric
e35091e8-ebda-4221-9584-c84b1a77bbde,images/e35091e8-ebda-4221-9584-c84b1a77bbde.jpg,braided,fabric|clothing|home_furnishing
2c634223-ed34-4637-86e6-96e3e7d01dc7,images/2c634223-ed34-4637-86e6-96e3e7d01dc7.jpg,stratified,rock|nature
dca8f3b7-6207-483f-bd65-e52ff7e148fb,images/dca8f3b7-6207-483f-bd65-e52ff7e148fb.jpg,polka-dotted,concrete
9386faa8-ec80-4bf3-be0f-585ad70ff7a3,images/9386faa8-ec80-4bf3-be0f-585ad70ff7a3.jpg,smeared,painting|wallpaper
ebbb5c7b-6226-47f6-9ef5-d7ac3b8dfcdd,images/ebbb5c7b-6226-47f6-9ef5-d7ac3b8dfcdd.jpg,potholed,concrete
d0150d79-f84f-4309-8790-7ddb6ee1bcdd,images/d0150d79-f84f-4309-8790-7ddb6ee1bcdd.jpg,honeycombed,nature|wood
a0142837-a397-450d-9b21-c39ee87609cc,images/a0142837-a397-450d-9b21-c39ee87609cc.jpg,matted,nature
e2e0dea8-8b30-45f2-a6c8-b9b89ea1eb10,images/e2e0dea8-8b30-45f2-a6c8-b9b89ea1eb10.jpg,smeared,home_furnishing
ef439b56-3523-48a0-a839-a6e0d8e1f7ce,images/ef439b56-3523-48a0-a839-a6e0d8e1f7ce.jpg,sprinkled,wallpaper
526895d3-e87a-4290-8210-989fb46f1dcb,images/526895d3-e87a-4290-8210-989fb46f1dcb.jpg,porous,food
f27c7585-95c7-4922-b712-7e8f93c776d7,images/f27c7585-95c7-4922-b712-7e8f93c776d7.jpg,swirly,home_furnishing|clothing
466d504b-4c38-44f1-95ef-461e0632f43e,images/466d504b-4c38-44f1-95ef-461e0632f43e.jpg,wrinkled,home_furnishing|clothing
063ca742-c7b8-47f8-8ab5-01b9ea073654,images/063ca742-c7b8-47f8-8ab5-01b9ea073654.jpg,dotted,home_furnishing
84c89930-5ace-408f-9c2d-034713a06f6d,images/84c89930-5ace-408f-9c2d-034713a06f6d.jpg,braided,fabric|clothing
8f6701b6-6976-4714-b6b4-b657ec89bf85,images/8f6701b6-6976-4714-b6b4-b657ec89bf85.jpg,knitted,clothing|home_furnishing|fabric
ab402281-cebf-4134-9107-748eca7ec52e,images/ab402281-cebf-4134-9107-748eca7ec52e.jpg,frilly,nature
a5a21ced-0c3c-44bd-8498-e816ca1c5153,images/a5a21ced-0c3c-44bd-8498-e816ca1c5153.jpg,polka-dotted,wallpaper|painting
633f76a3-0b59-49fb-bfec-bd7458652238,images/633f76a3-0b59-49fb-bfec-bd7458652238.jpg,perforated,metal
dd2f05b5-4492-4eda-b220-33c26865b68c,images/dd2f05b5-4492-4eda-b220-33c26865b68c.jpg,scaly,home_furnishing|clothing
8feb4768-0f12-4387-8c58-f6021c21d8f9,images/8feb4768-0f12-4387-8c58-f6021c21d8f9.jpg,smeared,painting|wallpaper
cd25353c-96a6-4753-8200-562a6b03d1ec,images/cd25353c-96a6-4753-8200-562a6b03d1ec.jpg,woven,home_furnishing|wood
4e0172c6-f170-49e9-b517-bfff48c4785c,images/4e0172c6-f170-49e9-b517-bfff48c4785c.jpg,stratified,rock|nature
92b6accb-db99-4ce6-9b5e-ff56f45f813e,images/92b6accb-db99-4ce6-9b5e-ff56f45f813e.jpg,lacelike,painting|wallpaper
0057b5ec-460b-4b39-ab9d-2e4a3756e2cb,images/0057b5ec-460b-4b39-ab9d-2e4a3756e2cb.jpg,perforated,metal
0ce52fc6-5464-4373-9d35-d27c7ba8187a,images/0ce52fc6-5464-4373-9d35-d27c7ba8187a.jpg,stratified,rock|nature
c70ec92d-cd4c-47c8-a0b8-50ec3804c6b5,images/c70ec92d-cd4c-47c8-a0b8-50ec3804c6b5.jpg,grooved,concrete
e9f59718-61ea-4000-a5e3-18fd6c5e23dd,images/e9f59718-61ea-4000-a5e3-18fd6c5e23dd.jpg,stained,home_furnishing|clothing
17a1ed10-0111-43ea-af31-a64f253937d4,images/17a1ed10-0111-43ea-af31-a64f253937d4.jpg,potholed,concrete
d0922c16-e85d-462c-b649-3a1bfbbd6744,images/d0922c16-e85d-462c-b649-3a1bfbbd6744.jpg,porous,concrete
d4e62bc3-b923-46b1-9b02-76f2d0b82319,images/d4e62bc3-b923-46b1-9b02-76f2d0b82319.jpg,waffled,home_furnishing|clothing|fabric
3f9bb61b-397d-460d-8500-986f373a512e,images/3f9bb61b-397d-460d-8500-986f373a512e.jpg,crosshatched,clothing|home_furnishing
8155cbcb-cfac-4d67-8aca-aa42c61b83b0,images/8155cbcb-cfac-4d67-8aca-aa42c61b83b0.jpg,gauzy,home_furnishing|clothing
92681229-aec8-40a0-aab8-256337151767,images/92681229-aec8-40a0-aab8-256337151767.jpg,crystalline,nature|rock
f5a5ef96-35e2-4e9f-a05d-c791369cec55,images/f5a5ef96-35e2-4e9f-a05d-c791369cec55.jpg,potholed,concrete
057dc129-a54e-45d3-b88f-b39e80638b28,images/057dc129-a54e-45d3-b88f-b39e80638b28.jpg,pleated,home_furnishing|clothing
d1759b2f-1dd2-4990-a488-52ff3490a586,images/d1759b2f-1dd2-4990-a488-52ff3490a586.jpg,waffled,food
4ebca7b9-1f69-42c6-8a15-ce355ec7c83a,images/4ebca7b9-1f69-42c6-8a15-ce355ec7c83a.jpg,zigzagged,clothing
64f3508b-7902-41a8-bbb0-deee4cc5ea47,images/64f3508b-7902-41a8-bbb0-deee4cc5ea47.jpg,sprinkled,food
a184bf36-5add-4314-878f-c187460f6814,images/a184bf36-5add-4314-878f-c187460f6814.jpg,bubbly,nature|liquid
962f1073-e658-4e0c-ad91-d33ae4bf40b4,images/962f1073-e658-4e0c-ad91-d33ae4bf40b4.jpg,crosshatched,painting|wallpaper
04040338-9a7a-4b25-b217-f88d9e5547d7,images/04040338-9a7a-4b25-b217-f88d9e5547d7.jpg,gauzy,clothing|home_furnishing
53b77f61-07b3-401c-9b79-01cac356c10d,images/53b77f61-07b3-401c-9b79-01cac356c10d.jpg,striped,home_furnishing|paper
3158bbf6-94d0-4708-9bea-b3af221e372a,images/3158bbf6-94d0-4708-9bea-b3af221e372a.jpg,blotchy,nature|tree
2f7d4a95-ae67-423b-a47c-fe6941ebb13e,images/2f7d4a95-ae67-423b-a47c-fe6941ebb13e.jpg,spiralled,rock|nature
4d053f72-fa1a-442a-afcb-4850a79682d5,images/4d053f72-fa1a-442a-afcb-4850a79682d5.jpg,spiralled,home_furnishing
5574baa4-4f1e-47e4-8c41-3845e7063b2a,images/5574baa4-4f1e-47e4-8c41-3845e7063b2a.jpg,scaly,animal
f4b670bd-b801-49ff-adf1-1bcf666b041a,images/f4b670bd-b801-49ff-adf1-1bcf666b041a.jpg,striped,animal
7af18639-a4fc-468b-932c-df24651f460f,images/7af18639-a4fc-468b-932c-df24651f460f.jpg,sprinkled,painting|wallpaper
04dc8d7a-9fd4-4be5-a5a0-c21fabfcdc42,images/04dc8d7a-9fd4-4be5-a5a0-c21fabfcdc42.jpg,perforated,plastic
f4784e2d-286b-49db-a634-e74ce08e4d73,images/f4784e2d-286b-49db-a634-e74ce08e4d73.jpg,smeared,painting|wallpaper
bc1f90e9-58e4-4fd1-85f4-64097db534cd,images/bc1f90e9-58e4-4fd1-85f4-64097db534cd.jpg,swirly,home_furnishing|clothing
0e13debc-74e8-40eb-b744-70dcda8aa0f4,images/0e13debc-74e8-40eb-b744-70dcda8aa0f4.jpg,spiralled,human|hair
0e7d13b3-af79-442a-a280-5ee0df575346,images/0e7d13b3-af79-442a-a280-5ee0df575346.jpg,pleated,home_furnishing|clothing
8d82c883-e137-44f6-bd00-7b5a2277f386,images/8d82c883-e137-44f6-bd00-7b5a2277f386.jpg,smeared,human|painting
d95a702b-52e8-42f8-bb36-fdd4575dbb07,images/d95a702b-52e8-42f8-bb36-fdd4575dbb07.jpg,studded,home_furnishing
00129f03-286f-4923-87b4-db77673cc3a5,images/00129f03-286f-4923-87b4-db77673cc3a5.jpg,perforated,metal
eb7e2322-63b8-440d-a96b-7557e72bb89a,images/eb7e2322-63b8-440d-a96b-7557e72bb89a.jpg,cobwebbed,metal
a957fe29-2096-4e7d-b7c5-92bbbe869c69,images/a957fe29-2096-4e7d-b7c5-92bbbe869c69.jpg,pleated,home_furnishing
8a066099-951b-404c-8651-61f512a7553e,images/8a066099-951b-404c-8651-61f512a7553e.jpg,potholed,rock|nature
6b55f7a1-2cdd-4170-9132-dd14077be391,images/6b55f7a1-2cdd-4170-9132-dd14077be391.jpg,meshed,home_furnishing|clothing
3d52ec1b-fab9-4025-aa4a-f8f08d1252f7,images/3d52ec1b-fab9-4025-aa4a-f8f08d1252f7.jpg,meshed,metal
c37f02d8-443c-476a-bd71-71d3f36e7dc7,images/c37f02d8-443c-476a-bd71-71d3f36e7dc7.jpg,blotchy,nature|tree
4c375f57-8d30-4f3f-be76-2a6340a90627,images/4c375f57-8d30-4f3f-be76-2a6340a90627.jpg,lacelike,clothing|home_furnishing
5b4c7a32-719a-4240-99ab-e57dab179fd3,images/5b4c7a32-719a-4240-99ab-e57dab179fd3.jpg,studded,home_furnishing|clothing
2ae74c76-1444-49bb-8f85-0c1b3538c2ff,images/2ae74c76-1444-49bb-8f85-0c1b3538c2ff.jpg,crystalline,nature|rock
8765edc4-ae10-43c8-a72f-852cee30978a,images/8765edc4-ae10-43c8-a72f-852cee30978a.jpg,porous,concrete
ddfd6d1b-f36c-48ad-83cc-9c80d5629fc8,images/ddfd6d1b-f36c-48ad-83cc-9c80d5629fc8.jpg,interlaced,clothing|home_furnishing
36c14fb5-b6b1-4c91-8dbb-18933a201dc3,images/36c14fb5-b6b1-4c91-8dbb-18933a201dc3.jpg,knitted,clothing|home_furnishing|fabric
46bc9681-b7c7-4351-be26-317a2598e3a6,images/46bc9681-b7c7-4351-be26-317a2598e3a6.jpg,stained,painting
aea00be6-280c-4301-a94d-c86eeb36666f,images/aea00be6-280c-4301-a94d-c86eeb36666f.jpg,stratified,wood|nature
088d58df-01e7-4448-bd0e-90f9e8fbeddb,images/088d58df-01e7-4448-bd0e-90f9e8fbeddb.jpg,marbled,rock|nature
11ec299a-bcd9-428e-8a12-b4db405d47f4,images/11ec299a-bcd9-428e-8a12-b4db405d47f4.jpg,spiralled,wallpaper
fb94bc33-9c9c-4683-b526-7de85fe0e82a,images/fb94bc33-9c9c-4683-b526-7de85fe0e82a.jpg,matted,nature
812fbf66-af77-4e18-bcf4-8e59f2b8fef1,images/812fbf66-af77-4e18-bcf4-8e59f2b8fef1.jpg,grooved,food
25bce6f4-5e2d-4319-bf13-df482f9a22e5,images/25bce6f4-5e2d-4319-bf13-df482f9a22e5.jpg,perforated,home_furnishing
550a2c29-bae3-4809-a527-d11ffa104ca1,images/550a2c29-bae3-4809-a527-d11ffa104ca1.jpg,frilly,clothing|home_furnishing
7263d993-1732-4308-b0ff-b4c13542719a,images/7263d993-1732-4308-b0ff-b4c13542719a.jpg,lacelike,home_furnishing
57285fdb-9383-4897-b5a1-65aa8dd3531c,images/57285fdb-9383-4897-b5a1-65aa8dd3531c.jpg,banded,fabric|clothing
119bf7a2-65cf-4939-81c8-823e4eaf5f94,images/119bf7a2-65cf-4939-81c8-823e4eaf5f94.jpg,porous,concrete
07a169c3-a355-4270-98bd-2b99bbcb9d8d,images/07a169c3-a355-4270-98bd-2b99bbcb9d8d.jpg,cobwebbed,nature
dd36db32-2595-4b19-8580-05a8b039001f,images/dd36db32-2595-4b19-8580-05a8b039001f.jpg,interlaced,clothing|home_furnishing
7d963d15-3729-4845-b6e6-2c43c86e30cb,images/7d963d15-3729-4845-b6e6-2c43c86e30cb.jpg,cracked,nature|wood
7152dbc2-dcb6-42d4-b5e1-7a112ca47113,images/7152dbc2-dcb6-42d4-b5e1-7a112ca47113.jpg,chequered,clothing|home_furnishing|fabric
dadcc378-1e76-4415-a8f1-ce83f7da89d8,images/dadcc378-1e76-4415-a8f1-ce83f7da89d8.jpg,banded,fabric|clothing|wallpaper
8f03ff60-245f-4f7d-84a0-602e19e06eca,images/8f03ff60-245f-4f7d-84a0-602e19e06eca.jpg,grid,metal
5bb14092-7860-43ba-9d40-2341e95fda55,images/5bb14092-7860-43ba-9d40-2341e95fda55.jpg,polka-dotted,home_furnishing|clothing
52cb2440-e647-4d1f-8c9d-d61c4d6947cf,images/52cb2440-e647-4d1f-8c9d-d61c4d6947cf.jpg,studded,home_furnishing|clothing
a2c07e42-1aea-404f-8533-8cc65dcd3106,images/a2c07e42-1aea-404f-8533-8cc65dcd3106.jpg,smeared,painting|wallpaper
7ee880cd-6c4d-488e-a85e-fc67b01db21a,images/7ee880cd-6c4d-488e-a85e-fc67b01db21a.jpg,stratified,rock|nature
8402e37b-1ef2-46c6-b526-4ecf3beb9fc0,images/8402e37b-1ef2-46c6-b526-4ecf3beb9fc0.jpg,striped,animal
59e9d82e-eee5-4635-9397-07d2b419759a,images/59e9d82e-eee5-4635-9397-07d2b419759a.jpg,pleated,home_furnishing
b6a973dc-9997-45b4-b860-8b882812bce5,images/b6a973dc-9997-45b4-b860-8b882812bce5.jpg,stratified,rock|nature
33f2ab7a-419a-4f46-9fc0-a27aa93ac2c5,images/33f2ab7a-419a-4f46-9fc0-a27aa93ac2c5.jpg,waffled,food
2a607c5d-31f1-4c0a-820b-907065bef42d,images/2a607c5d-31f1-4c0a-820b-907065bef42d.jpg,swirly,home_furnishing|clothing
36c158f7-84a9-475b-bbc5-f46ab1427996,images/36c158f7-84a9-475b-bbc5-f46ab1427996.jpg,gauzy,home_furnishing
e36a3438-cbab-45d2-a220-d017c471f3d7,images/e36a3438-cbab-45d2-a220-d017c471f3d7.jpg,cracked,nature
ecb30e1b-3ebd-4553-9bba-eac1432fdb8b,images/ecb30e1b-3ebd-4553-9bba-eac1432fdb8b.jpg,woven,home_furnishing|clothing|fabric
4099b788-99ba-4ea0-a484-5668b89f8b72,images/4099b788-99ba-4ea0-a484-5668b89f8b72.jpg,spiralled,painting|wallpaper
77930829-124b-45b9-8b79-3faaca10e786,images/77930829-124b-45b9-8b79-3faaca10e786.jpg,smeared,human|painting
264e7403-8d95-4099-a916-da950e180889,images/264e7403-8d95-4099-a916-da950e180889.jpg,crosshatched,painting|wallpaper
